Date,Time,Time since 1970-01-01T00:00:00Z,,Time since start of measurement,,F,
2026-05-12,15:23:44.651707,1778592224.651707,s,6e-06,s,9,
2026-05-12,15:23:44.902441,1778592224.902441,s,0.25074,s,-6,
2026-05-12,15:23:45.152421,1778592225.152421,s,0.50072,s,-9,
2026-05-12,15:23:45.402769,1778592225.402769,s,0.751068,s,-1,
2026-05-12,15:23:45.652690,1778592225.65269,s,1.000989,s,-13,
2026-05-12,15:23:45.903059,1778592225.903059,s,1.251358,s,3,
2026-05-12,15:23:46.152983,1778592226.152983,s,1.501282,s,-18,
2026-05-12,15:23:46.403389,1778592226.403389,s,1.751688,s,-7,
2026-05-12,15:23:46.653292,1778592226.653292,s,2.001591,s,-8,
2026-05-12,15:23:46.903862,1778592226.903862,s,2.252161,s,-3,
2026-05-12,15:23:47.153516,1778592227.153516,s,2.501815,s,1,
2026-05-12,15:23:47.404262,1778592227.404262,s,2.752561,s,-10,
2026-05-12,15:23:47.653711,1778592227.653711,s,3.00201,s,-6,
2026-05-12,15:23:47.904440,1778592227.90444,s,3.252739,s,4,
2026-05-12,15:23:48.154196,1778592228.154196,s,3.502495,s,-10,
2026-05-12,15:23:48.404814,1778592228.404814,s,3.753113,s,4,
2026-05-12,15:23:48.654730,1778592228.65473,s,4.003029,s,2,
2026-05-12,15:23:48.905249,1778592228.905249,s,4.253548,s,-24,
2026-05-12,15:23:49.155209,1778592229.155209,s,4.503508,s,-9,
2026-05-12,15:23:49.405731,1778592229.405731,s,4.75403,s,3,
2026-05-12,15:23:49.655685,1778592229.655685,s,5.003984,s,-9,
2026-05-12,15:23:49.906175,1778592229.906175,s,5.254474,s,-26,
2026-05-12,15:23:50.156190,1778592230.15619,s,5.504489,s,-4,
2026-05-12,15:23:50.406526,1778592230.406526,s,5.754825,s,-10,
2026-05-12,15:23:50.656680,1778592230.65668,s,6.004979,s,-19,
2026-05-12,15:23:50.906839,1778592230.906839,s,6.255138,s,-14,
2026-05-12,15:23:51.157048,1778592231.157048,s,6.505347,s,-2,
2026-05-12,15:23:51.407158,1778592231.407158,s,6.755457,s,-13,
2026-05-12,15:23:51.657507,1778592231.657507,s,7.005806,s,-22,
2026-05-12,15:23:51.907415,1778592231.907415,s,7.255714,s,-12,
2026-05-12,15:23:52.157965,1778592232.157965,s,7.506264,s,7,
2026-05-12,15:23:52.407760,1778592232.40776,s,7.756059,s,-12,
2026-05-12,15:23:52.658379,1778592232.658379,s,8.006678,s,-9,
2026-05-12,15:23:52.908102,1778592232.908102,s,8.256401,s,-3,
2026-05-12,15:23:53.158707,1778592233.158707,s,8.507006,s,-21,
2026-05-12,15:23:53.408373,1778592233.408373,s,8.756672,s,-12,
2026-05-12,15:23:53.659177,1778592233.659177,s,9.007476,s,-19,
2026-05-12,15:23:53.908651,1778592233.908651,s,9.25695,s,-1,
2026-05-12,15:23:54.159499,1778592234.159499,s,9.507798,s,-15,
2026-05-12,15:23:54.408913,1778592234.408913,s,9.757212,s,-12,
2026-05-12,15:23:54.659736,1778592234.659736,s,10.008035,s,-5,
2026-05-12,15:23:54.909153,1778592234.909153,s,10.257452,s,0,
2026-05-12,15:23:55.160226,1778592235.160226,s,10.508525,s,-2,
2026-05-12,15:23:55.409398,1778592235.409398,s,10.757697,s,-19,
2026-05-12,15:23:55.660708,1778592235.660708,s,11.009007,s,-13,
2026-05-12,15:23:55.909857,1778592235.909857,s,11.258156,s,-17,
2026-05-12,15:23:56.161242,1778592236.161242,s,11.509541,s,-8,
2026-05-12,15:23:56.410338,1778592236.410338,s,11.758637,s,-3,
2026-05-12,15:23:56.661721,1778592236.661721,s,12.01002,s,-20,
2026-05-12,15:23:56.910612,1778592236.910612,s,12.258911,s,-7,
2026-05-12,15:23:57.162153,1778592237.162153,s,12.510452,s,-3,
2026-05-12,15:23:57.411093,1778592237.411093,s,12.759392,s,-8,
2026-05-12,15:23:57.662539,1778592237.662539,s,13.010838,s,6,
2026-05-12,15:23:57.911559,1778592237.911559,s,13.259858,s,-11,
2026-05-12,15:23:58.162966,1778592238.162966,s,13.511265,s,-6,
2026-05-12,15:23:58.411936,1778592238.411936,s,13.760235,s,-22,
2026-05-12,15:23:58.663295,1778592238.663295,s,14.011594,s,-6,
2026-05-12,15:23:58.912355,1778592238.912355,s,14.260654,s,-1,
2026-05-12,15:23:59.163534,1778592239.163534,s,14.511833,s,12,
2026-05-12,15:23:59.412618,1778592239.412618,s,14.760917,s,50,
2026-05-12,15:23:59.663870,1778592239.66387,s,15.012169,s,93,
2026-05-12,15:23:59.913142,1778592239.913142,s,15.261441,s,139,
2026-05-12,15:24:00.164213,1778592240.164213,s,15.512512,s,138,
2026-05-12,15:24:00.413578,1778592240.413578,s,15.761877,s,152,
2026-05-12,15:24:00.664457,1778592240.664457,s,16.012756,s,147,
2026-05-12,15:24:00.914085,1778592240.914085,s,16.262384,s,161,
2026-05-12,15:24:01.164672,1778592241.164672,s,16.512971,s,187,
2026-05-12,15:24:01.414522,1778592241.414522,s,16.762821,s,197,
2026-05-12,15:24:01.664997,1778592241.664997,s,17.013296,s,182,
2026-05-12,15:24:01.915027,1778592241.915027,s,17.263326,s,194,
2026-05-12,15:24:02.165424,1778592242.165424,s,17.513723,s,217,
2026-05-12,15:24:02.415517,1778592242.415517,s,17.763816,s,209,
2026-05-12,15:24:02.665929,1778592242.665929,s,18.014228,s,245,
2026-05-12,15:24:02.915965,1778592242.915965,s,18.264264,s,239,
2026-05-12,15:24:03.166468,1778592243.166468,s,18.514767,s,249,
2026-05-12,15:24:03.416389,1778592243.416389,s,18.764688,s,269,
2026-05-12,15:24:03.666974,1778592243.666974,s,19.015273,s,281,
2026-05-12,15:24:03.916823,1778592243.916823,s,19.265122,s,289,
2026-05-12,15:24:04.167485,1778592244.167485,s,19.515784,s,270,
2026-05-12,15:24:04.417207,1778592244.417207,s,19.765506,s,305,
2026-05-12,15:24:04.667951,1778592244.667951,s,20.01625,s,322,
2026-05-12,15:24:04.917697,1778592244.917697,s,20.265996,s,314,
2026-05-12,15:24:05.168495,1778592245.168495,s,20.516794,s,338,
2026-05-12,15:24:05.418034,1778592245.418034,s,20.766333,s,363,
2026-05-12,15:24:05.669028,1778592245.669028,s,21.017327,s,369,
2026-05-12,15:24:05.918333,1778592245.918333,s,21.266632,s,371,
2026-05-12,15:24:06.169555,1778592246.169555,s,21.517854,s,384,
2026-05-12,15:24:06.418719,1778592246.418719,s,21.767018,s,415,
2026-05-12,15:24:06.670024,1778592246.670024,s,22.018323,s,405,
2026-05-12,15:24:06.919058,1778592246.919058,s,22.267357,s,418,
2026-05-12,15:24:07.170523,1778592247.170523,s,22.518822,s,441,
2026-05-12,15:24:07.419398,1778592247.419398,s,22.767697,s,453,
2026-05-12,15:24:07.670898,1778592247.670898,s,23.019197,s,452,
2026-05-12,15:24:07.919627,1778592247.919627,s,23.267926,s,458,
2026-05-12,15:24:08.171255,1778592248.171255,s,23.519554,s,478,
2026-05-12,15:24:08.419953,1778592248.419953,s,23.768252,s,512,
2026-05-12,15:24:08.671767,1778592248.671767,s,24.020066,s,519,
2026-05-12,15:24:08.920199,1778592248.920199,s,24.268498,s,542,
2026-05-12,15:24:09.172232,1778592249.172232,s,24.520531,s,553,
2026-05-12,15:24:09.420376,1778592249.420376,s,24.768675,s,576,
2026-05-12,15:24:09.672648,1778592249.672648,s,25.020947,s,618,
2026-05-12,15:24:09.920713,1778592249.920713,s,25.269012,s,654,
2026-05-12,15:24:10.173147,1778592250.173147,s,25.521446,s,692,
2026-05-12,15:24:10.421224,1778592250.421224,s,25.769523,s,741,
2026-05-12,15:24:10.673535,1778592250.673535,s,26.021834,s,772,
2026-05-12,15:24:10.921755,1778592250.921755,s,26.270054,s,795,
2026-05-12,15:24:11.173884,1778592251.173884,s,26.522183,s,838,
2026-05-12,15:24:11.422158,1778592251.422158,s,26.770457,s,876,
2026-05-12,15:24:11.674190,1778592251.67419,s,27.022489,s,878,
2026-05-12,15:24:11.922635,1778592251.922635,s,27.270934,s,905,
2026-05-12,15:24:12.174446,1778592252.174446,s,27.522745,s,924,
2026-05-12,15:24:12.423014,1778592252.423014,s,27.771313,s,964,
2026-05-12,15:24:12.674726,1778592252.674726,s,28.023025,s,975,
2026-05-12,15:24:12.923373,1778592252.923373,s,28.271672,s,995,
2026-05-12,15:24:13.175233,1778592253.175233,s,28.523532,s,989,
2026-05-12,15:24:13.423657,1778592253.423657,s,28.771956,s,1006,
2026-05-12,15:24:13.675656,1778592253.675656,s,29.023955,s,1024,
2026-05-12,15:24:13.924005,1778592253.924005,s,29.272304,s,1037,
2026-05-12,15:24:14.176190,1778592254.17619,s,29.524489,s,1029,
2026-05-12,15:24:14.424375,1778592254.424375,s,29.772674,s,1040,
2026-05-12,15:24:14.676505,1778592254.676505,s,30.024804,s,1050,
2026-05-12,15:24:14.924613,1778592254.924613,s,30.272912,s,1051,
2026-05-12,15:24:15.177025,1778592255.177025,s,30.525324,s,1064,
2026-05-12,15:24:15.424944,1778592255.424944,s,30.773243,s,1075,
2026-05-12,15:24:15.677399,1778592255.677399,s,31.025698,s,1070,
2026-05-12,15:24:15.925371,1778592255.925371,s,31.27367,s,1093,
2026-05-12,15:24:16.177871,1778592256.177871,s,31.52617,s,1117,
2026-05-12,15:24:16.425612,1778592256.425612,s,31.773911,s,1139,
2026-05-12,15:24:16.678226,1778592256.678226,s,32.026525,s,1138,
2026-05-12,15:24:16.925951,1778592256.925951,s,32.27425,s,1147,
2026-05-12,15:24:17.178747,1778592257.178747,s,32.527046,s,1167,
2026-05-12,15:24:17.426271,1778592257.426271,s,32.77457,s,1161,
2026-05-12,15:24:17.679268,1778592257.679268,s,33.027567,s,1175,
2026-05-12,15:24:17.926546,1778592257.926546,s,33.274845,s,1197,
2026-05-12,15:24:18.179793,1778592258.179793,s,33.528092,s,1191,
2026-05-12,15:24:18.426870,1778592258.42687,s,33.775169,s,1217,
2026-05-12,15:24:18.680154,1778592258.680154,s,34.028453,s,1225,
2026-05-12,15:24:18.927212,1778592258.927212,s,34.275511,s,1252,
2026-05-12,15:24:19.180646,1778592259.180646,s,34.528945,s,1268,
2026-05-12,15:24:19.427544,1778592259.427544,s,34.775843,s,1332,
2026-05-12,15:24:19.681094,1778592259.681094,s,35.029393,s,1363,
2026-05-12,15:24:19.927875,1778592259.927875,s,35.276174,s,1394,
2026-05-12,15:24:20.181552,1778592260.181552,s,35.529851,s,1446,
2026-05-12,15:24:20.428138,1778592260.428138,s,35.776437,s,1452,
2026-05-12,15:24:20.681919,1778592260.681919,s,36.030218,s,1475,
2026-05-12,15:24:20.928752,1778592260.928752,s,36.277051,s,1543,
2026-05-12,15:24:21.182409,1778592261.182409,s,36.530708,s,1574,
2026-05-12,15:24:21.429288,1778592261.429288,s,36.777587,s,1794,
2026-05-12,15:24:21.682678,1778592261.682678,s,37.030977,s,1931,
2026-05-12,15:24:21.929784,1778592261.929784,s,37.278083,s,2032,
2026-05-12,15:24:22.183038,1778592262.183038,s,37.531337,s,2153,
2026-05-12,15:24:22.430298,1778592262.430298,s,37.778597,s,2493,
2026-05-12,15:24:22.683368,1778592262.683368,s,38.031667,s,2665,
2026-05-12,15:24:22.930828,1778592262.930828,s,38.279127,s,3054,
2026-05-12,15:24:23.183611,1778592263.183611,s,38.53191,s,3207,
2026-05-12,15:24:23.431193,1778592263.431193,s,38.779492,s,3586,
2026-05-12,15:24:23.683847,1778592263.683847,s,39.032146,s,3737,
2026-05-12,15:24:23.931679,1778592263.931679,s,39.279978,s,4119,
2026-05-12,15:24:24.184127,1778592264.184127,s,39.532426,s,4271,
2026-05-12,15:24:24.432201,1778592264.432201,s,39.7805,s,4626,
2026-05-12,15:24:24.684414,1778592264.684414,s,40.032713,s,4774,
2026-05-12,15:24:24.932683,1778592264.932683,s,40.280982,s,5038,
2026-05-12,15:24:25.184638,1778592265.184638,s,40.532937,s,5235,
2026-05-12,15:24:25.433139,1778592265.433139,s,40.781438,s,5486,
2026-05-12,15:24:25.685153,1778592265.685153,s,41.033452,s,5680,
2026-05-12,15:24:25.933585,1778592265.933585,s,41.281884,s,5919,
2026-05-12,15:24:26.185598,1778592266.185598,s,41.533897,s,6090,
2026-05-12,15:24:26.433909,1778592266.433909,s,41.782208,s,6324,
2026-05-12,15:24:26.686118,1778592266.686118,s,42.034417,s,6468,
2026-05-12,15:24:26.934264,1778592266.934264,s,42.282563,s,6676,
2026-05-12,15:24:27.186601,1778592267.186601,s,42.5349,s,6817,
2026-05-12,15:24:27.434478,1778592267.434478,s,42.782777,s,6999,
2026-05-12,15:24:27.687098,1778592267.687098,s,43.035397,s,7132,
2026-05-12,15:24:27.934912,1778592267.934912,s,43.283211,s,7298,
2026-05-12,15:24:28.187631,1778592268.187631,s,43.53593,s,7414,
2026-05-12,15:24:28.435291,1778592268.435291,s,43.78359,s,7563,
2026-05-12,15:24:28.688126,1778592268.688126,s,44.036425,s,7671,
2026-05-12,15:24:28.935468,1778592268.935468,s,44.283767,s,7813,
2026-05-12,15:24:29.188587,1778592269.188587,s,44.536886,s,7899,
2026-05-12,15:24:29.435701,1778592269.435701,s,44.784,s,8026,
2026-05-12,15:24:29.689078,1778592269.689078,s,45.037377,s,8129,
2026-05-12,15:24:29.936339,1778592269.936339,s,45.284638,s,8238,
2026-05-12,15:24:30.189440,1778592270.18944,s,45.537739,s,8322,
2026-05-12,15:24:30.436857,1778592270.436857,s,45.785156,s,8435,
2026-05-12,15:24:30.689884,1778592270.689884,s,46.038183,s,8521,
2026-05-12,15:24:30.937391,1778592270.937391,s,46.28569,s,8619,
2026-05-12,15:24:31.190214,1778592271.190214,s,46.538513,s,8695,
2026-05-12,15:24:31.437939,1778592271.437939,s,46.786238,s,8795,
2026-05-12,15:24:31.690650,1778592271.69065,s,47.038949,s,8860,
2026-05-12,15:24:31.938481,1778592271.938481,s,47.28678,s,8948,
2026-05-12,15:24:32.191080,1778592272.19108,s,47.539379,s,9012,
2026-05-12,15:24:32.438976,1778592272.438976,s,47.787275,s,9094,
2026-05-12,15:24:32.691508,1778592272.691508,s,48.039807,s,9162,
2026-05-12,15:24:32.939457,1778592272.939457,s,48.287756,s,9230,
2026-05-12,15:24:33.191887,1778592273.191887,s,48.540186,s,9292,
2026-05-12,15:24:33.439827,1778592273.439827,s,48.788126,s,9352,
2026-05-12,15:24:33.692244,1778592273.692244,s,49.040543,s,9403,
2026-05-12,15:24:33.940300,1778592273.9403,s,49.288599,s,9468,
2026-05-12,15:24:34.192505,1778592274.192505,s,49.540804,s,9500,
2026-05-12,15:24:34.440819,1778592274.440819,s,49.789118,s,9568,
2026-05-12,15:24:34.692885,1778592274.692885,s,50.041184,s,9609,
2026-05-12,15:24:34.941468,1778592274.941468,s,50.289767,s,9677,
2026-05-12,15:24:35.193219,1778592275.193219,s,50.541518,s,9697,
2026-05-12,15:24:35.441986,1778592275.441986,s,50.790285,s,9764,
2026-05-12,15:24:35.693451,1778592275.693451,s,51.04175,s,9797,
2026-05-12,15:24:35.942500,1778592275.9425,s,51.290799,s,9860,
2026-05-12,15:24:36.193725,1778592276.193725,s,51.542024,s,9878,
2026-05-12,15:24:36.442999,1778592276.442999,s,51.791298,s,9929,
2026-05-12,15:24:36.694009,1778592276.694009,s,52.042308,s,9966,
2026-05-12,15:24:36.943480,1778592276.94348,s,52.291779,s,10007,
2026-05-12,15:24:37.194245,1778592277.194245,s,52.542544,s,10046,
2026-05-12,15:24:37.444038,1778592277.444038,s,52.792337,s,10088,
2026-05-12,15:24:37.694785,1778592277.694785,s,53.043084,s,10119,
2026-05-12,15:24:37.944521,1778592277.944521,s,53.29282,s,10165,
2026-05-12,15:24:38.195209,1778592278.195209,s,53.543508,s,10194,
2026-05-12,15:24:38.444995,1778592278.444995,s,53.793294,s,10235,
2026-05-12,15:24:38.695678,1778592278.695678,s,54.043977,s,10260,
2026-05-12,15:24:38.945450,1778592278.94545,s,54.293749,s,10305,
2026-05-12,15:24:39.196145,1778592279.196145,s,54.544444,s,10320,
2026-05-12,15:24:39.445924,1778592279.445924,s,54.794223,s,10367,
2026-05-12,15:24:39.696657,1778592279.696657,s,55.044956,s,10389,
2026-05-12,15:24:39.946376,1778592279.946376,s,55.294675,s,10427,
2026-05-12,15:24:40.197119,1778592280.197119,s,55.545418,s,10450,
2026-05-12,15:24:40.446862,1778592280.446862,s,55.795161,s,10479,
2026-05-12,15:24:40.697616,1778592280.697616,s,56.045915,s,10511,
2026-05-12,15:24:40.947213,1778592280.947213,s,56.295512,s,10537,
2026-05-12,15:24:41.198112,1778592281.198112,s,56.546411,s,10565,
2026-05-12,15:24:41.447472,1778592281.447472,s,56.795771,s,10603,
2026-05-12,15:24:41.698670,1778592281.69867,s,57.046969,s,10617,
2026-05-12,15:24:41.947707,1778592281.947707,s,57.296006,s,10651,
2026-05-12,15:24:42.199176,1778592282.199176,s,57.547475,s,10673,
2026-05-12,15:24:42.448077,1778592282.448077,s,57.796376,s,10709,
2026-05-12,15:24:42.699732,1778592282.699732,s,58.048031,s,10720,
2026-05-12,15:24:42.948445,1778592282.948445,s,58.296744,s,10757,
2026-05-12,15:24:43.200004,1778592283.200004,s,58.548303,s,10786,
2026-05-12,15:24:43.448678,1778592283.448678,s,58.796977,s,10802,
2026-05-12,15:24:43.700472,1778592283.700472,s,59.048771,s,10824,
2026-05-12,15:24:43.948923,1778592283.948923,s,59.297222,s,10856,
2026-05-12,15:24:44.201006,1778592284.201006,s,59.549305,s,10878,
2026-05-12,15:24:44.449197,1778592284.449197,s,59.797496,s,10902,
2026-05-12,15:24:44.701531,1778592284.701531,s,60.04983,s,10932,
2026-05-12,15:24:44.949436,1778592284.949436,s,60.297735,s,10956,
2026-05-12,15:24:45.202104,1778592285.202104,s,60.550403,s,10967,
2026-05-12,15:24:45.449958,1778592285.449958,s,60.798257,s,11003,
2026-05-12,15:24:45.702626,1778592285.702626,s,61.050925,s,11016,
2026-05-12,15:24:45.950494,1778592285.950494,s,61.298793,s,11048,
2026-05-12,15:24:46.202988,1778592286.202988,s,61.551287,s,11060,
2026-05-12,15:24:46.451043,1778592286.451043,s,61.799342,s,11091,
2026-05-12,15:24:46.703460,1778592286.70346,s,62.051759,s,11107,
2026-05-12,15:24:46.951596,1778592286.951596,s,62.299895,s,11134,
2026-05-12,15:24:47.203923,1778592287.203923,s,62.552222,s,11165,
2026-05-12,15:24:47.452139,1778592287.452139,s,62.800438,s,11179,
2026-05-12,15:24:47.704371,1778592287.704371,s,63.05267,s,11200,
2026-05-12,15:24:47.952669,1778592287.952669,s,63.300968,s,11217,
2026-05-12,15:24:48.204612,1778592288.204612,s,63.552911,s,11250,
2026-05-12,15:24:48.453191,1778592288.453191,s,63.80149,s,11262,
2026-05-12,15:24:48.704969,1778592288.704969,s,64.053268,s,11286,
2026-05-12,15:24:48.953752,1778592288.953752,s,64.302051,s,11312,
2026-05-12,15:24:49.205400,1778592289.2054,s,64.553699,s,11325,
2026-05-12,15:24:49.454254,1778592289.454254,s,64.802553,s,11351,
2026-05-12,15:24:49.705639,1778592289.705639,s,65.053938,s,11363,
2026-05-12,15:24:49.954754,1778592289.954754,s,65.303053,s,11400,
2026-05-12,15:24:50.205984,1778592290.205984,s,65.554283,s,11409,
2026-05-12,15:24:50.455238,1778592290.455238,s,65.803537,s,11434,
2026-05-12,15:24:50.706308,1778592290.706308,s,66.054607,s,11459,
2026-05-12,15:24:50.955809,1778592290.955809,s,66.304108,s,11482,
2026-05-12,15:24:51.206533,1778592291.206533,s,66.554832,s,11497,
2026-05-12,15:24:51.456315,1778592291.456315,s,66.804614,s,11516,
2026-05-12,15:24:51.706823,1778592291.706823,s,67.055122,s,11527,
2026-05-12,15:24:51.956846,1778592291.956846,s,67.305145,s,11557,
2026-05-12,15:24:52.207219,1778592292.207219,s,67.555518,s,11575,
2026-05-12,15:24:52.457331,1778592292.457331,s,67.80563,s,11612,
2026-05-12,15:24:52.707802,1778592292.707802,s,68.056101,s,11613,
2026-05-12,15:24:52.957825,1778592292.957825,s,68.306124,s,11635,
2026-05-12,15:24:53.208121,1778592293.208121,s,68.55642,s,11655,
2026-05-12,15:24:53.458254,1778592293.458254,s,68.806553,s,11678,
2026-05-12,15:24:53.708610,1778592293.70861,s,69.056909,s,11688,
2026-05-12,15:24:53.958708,1778592293.958708,s,69.307007,s,11717,
2026-05-12,15:24:54.209165,1778592294.209165,s,69.557464,s,11735,
2026-05-12,15:24:54.459159,1778592294.459159,s,69.807458,s,11753,
2026-05-12,15:24:54.709712,1778592294.709712,s,70.058011,s,11768,
2026-05-12,15:24:54.959475,1778592294.959475,s,70.307774,s,11795,
2026-05-12,15:24:55.210146,1778592295.210146,s,70.558445,s,11802,
2026-05-12,15:24:55.459816,1778592295.459816,s,70.808115,s,11826,
2026-05-12,15:24:55.710611,1778592295.710611,s,71.05891,s,11849,
2026-05-12,15:24:55.960155,1778592295.960155,s,71.308454,s,11872,
2026-05-12,15:24:56.210993,1778592296.210993,s,71.559292,s,11892,
2026-05-12,15:24:56.460480,1778592296.46048,s,71.808779,s,11900,
2026-05-12,15:24:56.711476,1778592296.711476,s,72.059775,s,11913,
2026-05-12,15:24:56.960815,1778592296.960815,s,72.309114,s,11945,
2026-05-12,15:24:57.211880,1778592297.21188,s,72.560179,s,11960,
2026-05-12,15:24:57.461162,1778592297.461162,s,72.809461,s,11975,
2026-05-12,15:24:57.712408,1778592297.712408,s,73.060707,s,11986,
2026-05-12,15:24:57.961476,1778592297.961476,s,73.309775,s,12013,
2026-05-12,15:24:58.212891,1778592298.212891,s,73.56119,s,12028,
2026-05-12,15:24:58.461827,1778592298.461827,s,73.810126,s,12049,
2026-05-12,15:24:58.713401,1778592298.713401,s,74.0617,s,12070,
2026-05-12,15:24:58.962095,1778592298.962095,s,74.310394,s,12078,
2026-05-12,15:24:59.213655,1778592299.213655,s,74.561954,s,12095,
2026-05-12,15:24:59.462374,1778592299.462374,s,74.810673,s,12112,
2026-05-12,15:24:59.714181,1778592299.714181,s,75.06248,s,12137,
2026-05-12,15:24:59.962624,1778592299.962624,s,75.310923,s,12153,
2026-05-12,15:25:00.214604,1778592300.214604,s,75.562903,s,12167,
2026-05-12,15:25:00.463142,1778592300.463142,s,75.811441,s,12193,
2026-05-12,15:25:00.715130,1778592300.71513,s,76.063429,s,12205,
2026-05-12,15:25:00.963671,1778592300.963671,s,76.31197,s,12228,
2026-05-12,15:25:01.215495,1778592301.215495,s,76.563794,s,12242,
2026-05-12,15:25:01.464195,1778592301.464195,s,76.812494,s,12259,
2026-05-12,15:25:01.715986,1778592301.715986,s,77.064285,s,12282,
2026-05-12,15:25:01.964696,1778592301.964696,s,77.312995,s,12291,
2026-05-12,15:25:02.216393,1778592302.216393,s,77.564692,s,12313,
2026-05-12,15:25:02.465212,1778592302.465212,s,77.813511,s,12336,
2026-05-12,15:25:02.716899,1778592302.716899,s,78.065198,s,12340,
2026-05-12,15:25:02.965738,1778592302.965738,s,78.314037,s,12367,
2026-05-12,15:25:03.217171,1778592303.217171,s,78.56547,s,12376,
2026-05-12,15:25:03.466117,1778592303.466117,s,78.814416,s,12408,
2026-05-12,15:25:03.717504,1778592303.717504,s,79.065803,s,12414,
2026-05-12,15:25:03.966559,1778592303.966559,s,79.314858,s,12436,
2026-05-12,15:25:04.217913,1778592304.217913,s,79.566212,s,12457,
2026-05-12,15:25:04.467056,1778592304.467056,s,79.815355,s,12471,
2026-05-12,15:25:04.718251,1778592304.718251,s,80.06655,s,12478,
2026-05-12,15:25:04.967523,1778592304.967523,s,80.315822,s,12509,
2026-05-12,15:25:05.218545,1778592305.218545,s,80.566844,s,12507,
2026-05-12,15:25:05.468024,1778592305.468024,s,80.816323,s,12537,
2026-05-12,15:25:05.718773,1778592305.718773,s,81.067072,s,12545,
2026-05-12,15:25:05.968416,1778592305.968416,s,81.316715,s,12570,
2026-05-12,15:25:06.219012,1778592306.219012,s,81.567311,s,12581,
2026-05-12,15:25:06.468946,1778592306.468946,s,81.817245,s,12599,
2026-05-12,15:25:06.719291,1778592306.719291,s,82.06759,s,12621,
2026-05-12,15:25:06.969323,1778592306.969323,s,82.317622,s,12640,
2026-05-12,15:25:07.219554,1778592307.219554,s,82.567853,s,12663,
2026-05-12,15:25:07.469814,1778592307.469814,s,82.818113,s,12665,
2026-05-12,15:25:07.719888,1778592307.719888,s,83.068187,s,12695,
2026-05-12,15:25:07.970301,1778592307.970301,s,83.3186,s,12691,
2026-05-12,15:25:08.220246,1778592308.220246,s,83.568545,s,12719,
2026-05-12,15:25:08.470757,1778592308.470757,s,83.819056,s,12734,
2026-05-12,15:25:08.720537,1778592308.720537,s,84.068836,s,12760,
2026-05-12,15:25:08.971116,1778592308.971116,s,84.319415,s,12765,
2026-05-12,15:25:09.220895,1778592309.220895,s,84.569194,s,12787,
2026-05-12,15:25:09.471537,1778592309.471537,s,84.819836,s,12796,
2026-05-12,15:25:09.721320,1778592309.72132,s,85.069619,s,12812,
2026-05-12,15:25:09.971968,1778592309.971968,s,85.320267,s,12816,
2026-05-12,15:25:10.221608,1778592310.221608,s,85.569907,s,12850,
2026-05-12,15:25:10.472288,1778592310.472288,s,85.820587,s,12851,
2026-05-12,15:25:10.722056,1778592310.722056,s,86.070355,s,12882,
2026-05-12,15:25:10.972561,1778592310.972561,s,86.32086,s,12892,
2026-05-12,15:25:11.222504,1778592311.222504,s,86.570803,s,12914,
2026-05-12,15:25:11.472896,1778592311.472896,s,86.821195,s,12918,
2026-05-12,15:25:11.722930,1778592311.72293,s,87.071229,s,12942,
2026-05-12,15:25:11.973240,1778592311.97324,s,87.321539,s,12938,
2026-05-12,15:25:12.223376,1778592312.223376,s,87.571675,s,12975,
2026-05-12,15:25:12.473539,1778592312.473539,s,87.821838,s,12984,
2026-05-12,15:25:12.723869,1778592312.723869,s,88.072168,s,13008,
2026-05-12,15:25:12.973867,1778592312.973867,s,88.322166,s,13013,
2026-05-12,15:25:13.224227,1778592313.224227,s,88.572526,s,13029,
2026-05-12,15:25:13.474094,1778592313.474094,s,88.822393,s,13044,
2026-05-12,15:25:13.724735,1778592313.724735,s,89.073034,s,13062,
2026-05-12,15:25:13.974380,1778592313.97438,s,89.322679,s,13080,
2026-05-12,15:25:14.225227,1778592314.225227,s,89.573526,s,13096,
2026-05-12,15:25:14.474607,1778592314.474607,s,89.822906,s,13114,
2026-05-12,15:25:14.725706,1778592314.725706,s,90.074005,s,13123,
2026-05-12,15:25:14.975080,1778592314.97508,s,90.323379,s,13143,
2026-05-12,15:25:15.226194,1778592315.226194,s,90.574493,s,13150,
2026-05-12,15:25:15.475591,1778592315.475591,s,90.82389,s,13164,
2026-05-12,15:25:15.726647,1778592315.726647,s,91.074946,s,13177,
2026-05-12,15:25:15.975962,1778592315.975962,s,91.324261,s,13201,
2026-05-12,15:25:16.226985,1778592316.226985,s,91.575284,s,13211,
2026-05-12,15:25:16.476485,1778592316.476485,s,91.824784,s,13232,
2026-05-12,15:25:16.727399,1778592316.727399,s,92.075698,s,13239,
2026-05-12,15:25:16.976853,1778592316.976853,s,92.325152,s,13267,
2026-05-12,15:25:17.227786,1778592317.227786,s,92.576085,s,13270,
2026-05-12,15:25:17.477312,1778592317.477312,s,92.825611,s,13288,
2026-05-12,15:25:17.728203,1778592317.728203,s,93.076502,s,13305,
2026-05-12,15:25:17.977837,1778592317.977837,s,93.326136,s,13315,
2026-05-12,15:25:18.228474,1778592318.228474,s,93.576773,s,13335,
2026-05-12,15:25:18.478361,1778592318.478361,s,93.82666,s,13357,
2026-05-12,15:25:18.728794,1778592318.728794,s,94.077093,s,13377,
2026-05-12,15:25:18.978835,1778592318.978835,s,94.327134,s,13376,
2026-05-12,15:25:19.229123,1778592319.229123,s,94.577422,s,13400,
2026-05-12,15:25:19.479386,1778592319.479386,s,94.827685,s,13416,
2026-05-12,15:25:19.729452,1778592319.729452,s,95.077751,s,13428,
2026-05-12,15:25:19.979817,1778592319.979817,s,95.328116,s,13436,
2026-05-12,15:25:20.229674,1778592320.229674,s,95.577973,s,13449,
2026-05-12,15:25:20.480269,1778592320.480269,s,95.828568,s,13466,
2026-05-12,15:25:20.730001,1778592320.730001,s,96.0783,s,13478,
2026-05-12,15:25:20.980681,1778592320.980681,s,96.32898,s,13494,
2026-05-12,15:25:21.230391,1778592321.230391,s,96.57869,s,13513,
2026-05-12,15:25:21.481166,1778592321.481166,s,96.829465,s,13519,
2026-05-12,15:25:21.730629,1778592321.730629,s,97.078928,s,13536,
2026-05-12,15:25:21.981467,1778592321.981467,s,97.329766,s,13547,
2026-05-12,15:25:22.231118,1778592322.231118,s,97.579417,s,13578,
2026-05-12,15:25:22.481955,1778592322.481955,s,97.830254,s,13568,
2026-05-12,15:25:22.731658,1778592322.731658,s,98.079957,s,13594,
2026-05-12,15:25:22.982457,1778592322.982457,s,98.330756,s,13588,
2026-05-12,15:25:23.232195,1778592323.232195,s,98.580494,s,13620,
2026-05-12,15:25:23.482892,1778592323.482892,s,98.831191,s,13630,
2026-05-12,15:25:23.732706,1778592323.732706,s,99.081005,s,13649,
2026-05-12,15:25:23.983244,1778592323.983244,s,99.331543,s,13656,
2026-05-12,15:25:24.233170,1778592324.23317,s,99.581469,s,13678,
2026-05-12,15:25:24.483534,1778592324.483534,s,99.831833,s,13684,
2026-05-12,15:25:24.733646,1778592324.733646,s,100.081945,s,13702,
2026-05-12,15:25:24.984139,1778592324.984139,s,100.332438,s,13712,
2026-05-12,15:25:25.234131,1778592325.234131,s,100.58243,s,13725,
2026-05-12,15:25:25.484463,1778592325.484463,s,100.832762,s,13735,
2026-05-12,15:25:25.734385,1778592325.734385,s,101.082684,s,13754,
2026-05-12,15:25:25.984701,1778592325.984701,s,101.333,s,13775,
2026-05-12,15:25:26.234895,1778592326.234895,s,101.583194,s,13793,
2026-05-12,15:25:26.485041,1778592326.485041,s,101.83334,s,13795,
2026-05-12,15:25:26.735439,1778592326.735439,s,102.083738,s,13811,
2026-05-12,15:25:26.985384,1778592326.985384,s,102.333683,s,13838,
2026-05-12,15:25:27.235944,1778592327.235944,s,102.584243,s,13842,
2026-05-12,15:25:27.485633,1778592327.485633,s,102.833932,s,13852,
2026-05-12,15:25:27.736475,1778592327.736475,s,103.084774,s,13862,
2026-05-12,15:25:27.985963,1778592327.985963,s,103.334262,s,13878,
2026-05-12,15:25:28.236930,1778592328.23693,s,103.585229,s,13882,
2026-05-12,15:25:28.486331,1778592328.486331,s,103.83463,s,13903,
2026-05-12,15:25:28.737409,1778592328.737409,s,104.085708,s,13919,
2026-05-12,15:25:28.986622,1778592328.986622,s,104.334921,s,13926,
2026-05-12,15:25:29.237866,1778592329.237866,s,104.586165,s,13943,
2026-05-12,15:25:29.486926,1778592329.486926,s,104.835225,s,13960,
2026-05-12,15:25:29.738373,1778592329.738373,s,105.086672,s,13972,
2026-05-12,15:25:29.987458,1778592329.987458,s,105.335757,s,13980,
2026-05-12,15:25:30.238829,1778592330.238829,s,105.587128,s,13999,
2026-05-12,15:25:30.487958,1778592330.487958,s,105.836257,s,14014,
2026-05-12,15:25:30.739254,1778592330.739254,s,106.087553,s,14023,
2026-05-12,15:25:30.988449,1778592330.988449,s,106.336748,s,14034,
2026-05-12,15:25:31.239705,1778592331.239705,s,106.588004,s,14052,
2026-05-12,15:25:31.488963,1778592331.488963,s,106.837262,s,14050,
2026-05-12,15:25:31.740113,1778592331.740113,s,107.088412,s,14075,
2026-05-12,15:25:31.989485,1778592331.989485,s,107.337784,s,14083,
2026-05-12,15:25:32.240534,1778592332.240534,s,107.588833,s,14103,
2026-05-12,15:25:32.489972,1778592332.489972,s,107.838271,s,14107,
2026-05-12,15:25:32.740855,1778592332.740855,s,108.089154,s,14123,
2026-05-12,15:25:32.990482,1778592332.990482,s,108.338781,s,14129,
2026-05-12,15:25:33.241184,1778592333.241184,s,108.589483,s,14155,
2026-05-12,15:25:33.490979,1778592333.490979,s,108.839278,s,14152,
2026-05-12,15:25:33.741506,1778592333.741506,s,109.089805,s,14169,
2026-05-12,15:25:33.991493,1778592333.991493,s,109.339792,s,14176,
2026-05-12,15:25:34.241831,1778592334.241831,s,109.59013,s,14200,
2026-05-12,15:25:34.491992,1778592334.491992,s,109.840291,s,14215,
2026-05-12,15:25:34.742160,1778592334.74216,s,110.090459,s,14232,
2026-05-12,15:25:34.992465,1778592334.992465,s,110.340764,s,14228,
2026-05-12,15:25:35.242486,1778592335.242486,s,110.590785,s,14244,
2026-05-12,15:25:35.492910,1778592335.49291,s,110.841209,s,14253,
2026-05-12,15:25:35.742751,1778592335.742751,s,111.09105,s,14271,
2026-05-12,15:25:35.993397,1778592335.993397,s,111.341696,s,14277,
2026-05-12,15:25:36.243017,1778592336.243017,s,111.591316,s,14301,
2026-05-12,15:25:36.493880,1778592336.49388,s,111.842179,s,14297,
2026-05-12,15:25:36.743533,1778592336.743533,s,112.091832,s,14314,
2026-05-12,15:25:36.994361,1778592336.994361,s,112.34266,s,14329,
2026-05-12,15:25:37.244015,1778592337.244015,s,112.592314,s,14351,
2026-05-12,15:25:37.494869,1778592337.494869,s,112.843168,s,14351,
2026-05-12,15:25:37.744569,1778592337.744569,s,113.092868,s,14370,
2026-05-12,15:25:37.995325,1778592337.995325,s,113.343624,s,14384,
2026-05-12,15:25:38.244864,1778592338.244864,s,113.593163,s,14394,
2026-05-12,15:25:38.495772,1778592338.495772,s,113.844071,s,14406,
2026-05-12,15:25:38.745379,1778592338.745379,s,114.093678,s,14411,
2026-05-12,15:25:38.996196,1778592338.996196,s,114.344495,s,14430,
2026-05-12,15:25:39.245826,1778592339.245826,s,114.594125,s,14437,
2026-05-12,15:25:39.496614,1778592339.496614,s,114.844913,s,14454,
2026-05-12,15:25:39.746366,1778592339.746366,s,115.094665,s,14461,
2026-05-12,15:25:39.996948,1778592339.996948,s,115.345247,s,14474,
2026-05-12,15:25:40.246904,1778592340.246904,s,115.595203,s,14486,
2026-05-12,15:25:40.497275,1778592340.497275,s,115.845574,s,14508,
2026-05-12,15:25:40.747435,1778592340.747435,s,116.095734,s,14517,
2026-05-12,15:25:40.997604,1778592340.997604,s,116.345903,s,14526,
2026-05-12,15:25:41.247933,1778592341.247933,s,116.596232,s,14539,
2026-05-12,15:25:41.497984,1778592341.497984,s,116.846283,s,14557,
2026-05-12,15:25:41.748431,1778592341.748431,s,117.09673,s,14566,
2026-05-12,15:25:41.998319,1778592341.998319,s,117.346618,s,14575,
2026-05-12,15:25:42.248946,1778592342.248946,s,117.597245,s,14590,
2026-05-12,15:25:42.498548,1778592342.498548,s,117.846847,s,14599,
2026-05-12,15:25:42.749462,1778592342.749462,s,118.097761,s,14608,
2026-05-12,15:25:42.998785,1778592342.998785,s,118.347084,s,14618,
2026-05-12,15:25:43.249948,1778592343.249948,s,118.598247,s,14646,
2026-05-12,15:25:43.499059,1778592343.499059,s,118.847358,s,14642,
2026-05-12,15:25:43.750416,1778592343.750416,s,119.098715,s,14657,
2026-05-12,15:25:43.999293,1778592343.999293,s,119.347592,s,14674,
2026-05-12,15:25:44.250914,1778592344.250914,s,119.599213,s,14680,
2026-05-12,15:25:44.499828,1778592344.499828,s,119.848127,s,14688,
2026-05-12,15:25:44.751414,1778592344.751414,s,120.099713,s,14708,
2026-05-12,15:25:45.000337,1778592345.000337,s,120.348636,s,14709,
2026-05-12,15:25:45.251873,1778592345.251873,s,120.600172,s,14727,
2026-05-12,15:25:45.500809,1778592345.500809,s,120.849108,s,14737,
2026-05-12,15:25:45.752311,1778592345.752311,s,121.10061,s,14758,
2026-05-12,15:25:46.001155,1778592346.001155,s,121.349454,s,14748,
2026-05-12,15:25:46.252771,1778592346.252771,s,121.60107,s,14775,
2026-05-12,15:25:46.501615,1778592346.501615,s,121.849914,s,14782,
2026-05-12,15:25:46.753152,1778592346.753152,s,122.101451,s,14795,
2026-05-12,15:25:47.002062,1778592347.002062,s,122.350361,s,14796,
2026-05-12,15:25:47.253470,1778592347.25347,s,122.601769,s,14822,
2026-05-12,15:25:47.502563,1778592347.502563,s,122.850862,s,14814,
2026-05-12,15:25:47.753702,1778592347.753702,s,123.102001,s,14845,
2026-05-12,15:25:48.003036,1778592348.003036,s,123.351335,s,14850,
2026-05-12,15:25:48.254047,1778592348.254047,s,123.602346,s,14866,
2026-05-12,15:25:48.503612,1778592348.503612,s,123.851911,s,14876,
2026-05-12,15:25:48.754382,1778592348.754382,s,124.102681,s,14883,
2026-05-12,15:25:49.004091,1778592349.004091,s,124.35239,s,14902,
2026-05-12,15:25:49.254632,1778592349.254632,s,124.602931,s,14901,
2026-05-12,15:25:49.504600,1778592349.5046,s,124.852899,s,14922,
2026-05-12,15:25:49.754954,1778592349.754954,s,125.103253,s,14931,
2026-05-12,15:25:50.005106,1778592350.005106,s,125.353405,s,14935,
2026-05-12,15:25:50.255196,1778592350.255196,s,125.603495,s,14944,
2026-05-12,15:25:50.505601,1778592350.505601,s,125.8539,s,14966,
2026-05-12,15:25:50.755503,1778592350.755503,s,126.103802,s,14977,
2026-05-12,15:25:51.006075,1778592351.006075,s,126.354374,s,14983,
2026-05-12,15:25:51.255780,1778592351.25578,s,126.604079,s,14994,
2026-05-12,15:25:51.506615,1778592351.506615,s,126.854914,s,15014,
2026-05-12,15:25:51.756285,1778592351.756285,s,127.104584,s,15010,
2026-05-12,15:25:52.007061,1778592352.007061,s,127.35536,s,15026,
2026-05-12,15:25:52.256880,1778592352.25688,s,127.605179,s,15039,
2026-05-12,15:25:52.507465,1778592352.507465,s,127.855764,s,15055,
2026-05-12,15:25:52.757423,1778592352.757423,s,128.105722,s,15051,
2026-05-12,15:25:53.007883,1778592353.007883,s,128.356182,s,15074,
2026-05-12,15:25:53.257941,1778592353.257941,s,128.60624,s,15081,
2026-05-12,15:25:53.508279,1778592353.508279,s,128.856578,s,15085,
2026-05-12,15:25:53.758467,1778592353.758467,s,129.106766,s,15106,
2026-05-12,15:25:54.008702,1778592354.008702,s,129.357001,s,15116,
2026-05-12,15:25:54.258997,1778592354.258997,s,129.607296,s,15129,
2026-05-12,15:25:54.509114,1778592354.509114,s,129.857413,s,15135,
2026-05-12,15:25:54.759532,1778592354.759532,s,130.107831,s,15153,
2026-05-12,15:25:55.009532,1778592355.009532,s,130.357831,s,15159,
2026-05-12,15:25:55.260062,1778592355.260062,s,130.608361,s,15174,
2026-05-12,15:25:55.509861,1778592355.509861,s,130.85816,s,15178,
2026-05-12,15:25:55.760574,1778592355.760574,s,131.108873,s,15194,
2026-05-12,15:25:56.010221,1778592356.010221,s,131.35852,s,15196,
2026-05-12,15:25:56.261115,1778592356.261115,s,131.609414,s,15208,
2026-05-12,15:25:56.510478,1778592356.510478,s,131.858777,s,15214,
2026-05-12,15:25:56.761644,1778592356.761644,s,132.109943,s,15241,
2026-05-12,15:25:57.010733,1778592357.010733,s,132.359032,s,15237,
2026-05-12,15:25:57.262142,1778592357.262142,s,132.610441,s,15265,
2026-05-12,15:25:57.511052,1778592357.511052,s,132.859351,s,15266,
2026-05-12,15:25:57.762495,1778592357.762495,s,133.110794,s,15269,
2026-05-12,15:25:58.011376,1778592358.011376,s,133.359675,s,15284,
2026-05-12,15:25:58.262964,1778592358.262964,s,133.611263,s,15296,
2026-05-12,15:25:58.511599,1778592358.511599,s,133.859898,s,15294,
2026-05-12,15:25:58.763509,1778592358.763509,s,134.111808,s,15317,
2026-05-12,15:25:59.011983,1778592359.011983,s,134.360282,s,15322,
2026-05-12,15:25:59.264018,1778592359.264018,s,134.612317,s,15340,
2026-05-12,15:25:59.512458,1778592359.512458,s,134.860757,s,15335,
2026-05-12,15:25:59.764448,1778592359.764448,s,135.112747,s,15354,
2026-05-12,15:26:00.012690,1778592360.01269,s,135.360989,s,15364,
2026-05-12,15:26:00.264874,1778592360.264874,s,135.613173,s,15373,
2026-05-12,15:26:00.513154,1778592360.513154,s,135.861453,s,15382,
2026-05-12,15:26:00.765291,1778592360.765291,s,136.11359,s,15397,
2026-05-12,15:26:01.013599,1778592361.013599,s,136.361898,s,15401,
2026-05-12,15:26:01.265721,1778592361.265721,s,136.61402,s,15413,
2026-05-12,15:26:01.514142,1778592361.514142,s,136.862441,s,15428,
2026-05-12,15:26:01.766149,1778592361.766149,s,137.114448,s,15442,
2026-05-12,15:26:02.014658,1778592362.014658,s,137.362957,s,15443,
2026-05-12,15:26:02.266569,1778592362.266569,s,137.614868,s,15457,
2026-05-12,15:26:02.515176,1778592362.515176,s,137.863475,s,15466,
2026-05-12,15:26:02.767004,1778592362.767004,s,138.115303,s,15481,
2026-05-12,15:26:03.015677,1778592363.015677,s,138.363976,s,15495,
2026-05-12,15:26:03.267428,1778592363.267428,s,138.615727,s,15495,
2026-05-12,15:26:03.516150,1778592363.51615,s,138.864449,s,15503,
2026-05-12,15:26:03.767682,1778592363.767682,s,139.115981,s,15508,
2026-05-12,15:26:04.016650,1778592364.01665,s,139.364949,s,15528,
2026-05-12,15:26:04.268014,1778592364.268014,s,139.616313,s,15536,
2026-05-12,15:26:04.517096,1778592364.517096,s,139.865395,s,15540,
2026-05-12,15:26:04.768354,1778592364.768354,s,140.116653,s,15557,
2026-05-12,15:26:05.017594,1778592365.017594,s,140.365893,s,15559,
2026-05-12,15:26:05.268783,1778592365.268783,s,140.617082,s,15575,
2026-05-12,15:26:05.518084,1778592365.518084,s,140.866383,s,15584,
2026-05-12,15:26:05.769091,1778592365.769091,s,141.11739,s,15601,
2026-05-12,15:26:06.018602,1778592366.018602,s,141.366901,s,15609,
2026-05-12,15:26:06.269421,1778592366.269421,s,141.61772,s,15620,
2026-05-12,15:26:06.519013,1778592366.519013,s,141.867312,s,15626,
2026-05-12,15:26:06.769625,1778592366.769625,s,142.117924,s,15637,
2026-05-12,15:26:07.019486,1778592367.019486,s,142.367785,s,15639,
2026-05-12,15:26:07.270054,1778592367.270054,s,142.618353,s,15651,
2026-05-12,15:26:07.519981,1778592367.519981,s,142.86828,s,15663,
2026-05-12,15:26:07.770527,1778592367.770527,s,143.118826,s,15684,
2026-05-12,15:26:08.020415,1778592368.020415,s,143.368714,s,15680,
2026-05-12,15:26:08.270895,1778592368.270895,s,143.619194,s,15693,
2026-05-12,15:26:08.520840,1778592368.52084,s,143.869139,s,15704,
2026-05-12,15:26:08.771238,1778592368.771238,s,144.119537,s,15717,
2026-05-12,15:26:09.021264,1778592369.021264,s,144.369563,s,15715,
2026-05-12,15:26:09.271496,1778592369.271496,s,144.619795,s,15735,
2026-05-12,15:26:09.521694,1778592369.521694,s,144.869993,s,15735,
2026-05-12,15:26:09.771747,1778592369.771747,s,145.120046,s,15742,
2026-05-12,15:26:10.022117,1778592370.022117,s,145.370416,s,15754,
2026-05-12,15:26:10.272292,1778592370.272292,s,145.620591,s,15776,
2026-05-12,15:26:10.522358,1778592370.522358,s,145.870657,s,15770,
2026-05-12,15:26:10.772864,1778592370.772864,s,146.121163,s,15788,
2026-05-12,15:26:11.022589,1778592371.022589,s,146.370888,s,15799,
2026-05-12,15:26:11.273325,1778592371.273325,s,146.621624,s,15809,
2026-05-12,15:26:11.522908,1778592371.522908,s,146.871207,s,15812,
2026-05-12,15:26:11.773819,1778592371.773819,s,147.122118,s,15824,
2026-05-12,15:26:12.023236,1778592372.023236,s,147.371535,s,15832,
2026-05-12,15:26:12.274366,1778592372.274366,s,147.622665,s,15848,
2026-05-12,15:26:12.523543,1778592372.523543,s,147.871842,s,15850,
2026-05-12,15:26:12.774848,1778592372.774848,s,148.123147,s,15863,
2026-05-12,15:26:13.023882,1778592373.023882,s,148.372181,s,15867,
2026-05-12,15:26:13.275396,1778592373.275396,s,148.623695,s,15881,
2026-05-12,15:26:13.524209,1778592373.524209,s,148.872508,s,15891,
2026-05-12,15:26:13.775956,1778592373.775956,s,149.124255,s,15904,
2026-05-12,15:26:14.024468,1778592374.024468,s,149.372767,s,15906,
2026-05-12,15:26:14.276448,1778592374.276448,s,149.624747,s,15920,
2026-05-12,15:26:14.524905,1778592374.524905,s,149.873204,s,15940,
2026-05-12,15:26:14.776919,1778592374.776919,s,150.125218,s,15933,
2026-05-12,15:26:15.025376,1778592375.025376,s,150.373675,s,15944,
2026-05-12,15:26:15.277375,1778592375.277375,s,150.625674,s,15954,
2026-05-12,15:26:15.525887,1778592375.525887,s,150.874186,s,15965,
2026-05-12,15:26:15.777821,1778592375.777821,s,151.12612,s,15968,
2026-05-12,15:26:16.026421,1778592376.026421,s,151.37472,s,15987,
2026-05-12,15:26:16.278268,1778592376.278268,s,151.626567,s,15993,
2026-05-12,15:26:16.526674,1778592376.526674,s,151.874973,s,16001,
2026-05-12,15:26:16.778722,1778592376.778722,s,152.127021,s,16008,
2026-05-12,15:26:17.027205,1778592377.027205,s,152.375504,s,16028,
2026-05-12,15:26:17.279142,1778592377.279142,s,152.627441,s,16038,
2026-05-12,15:26:17.527735,1778592377.527735,s,152.876034,s,16038,
2026-05-12,15:26:17.779568,1778592377.779568,s,153.127867,s,16041,
2026-05-12,15:26:18.028278,1778592378.028278,s,153.376577,s,16061,
2026-05-12,15:26:18.279914,1778592378.279914,s,153.628213,s,16059,
2026-05-12,15:26:18.528841,1778592378.528841,s,153.87714,s,16077,
2026-05-12,15:26:18.780235,1778592378.780235,s,154.128534,s,16084,
2026-05-12,15:26:19.029386,1778592379.029386,s,154.377685,s,16083,
2026-05-12,15:26:19.280536,1778592379.280536,s,154.628835,s,16100,
2026-05-12,15:26:19.529922,1778592379.529922,s,154.878221,s,16118,
2026-05-12,15:26:19.780864,1778592379.780864,s,155.129163,s,16124,
2026-05-12,15:26:20.030425,1778592380.030425,s,155.378724,s,16118,
2026-05-12,15:26:20.281204,1778592380.281204,s,155.629503,s,16143,
2026-05-12,15:26:20.530930,1778592380.53093,s,155.879229,s,16148,
2026-05-12,15:26:20.781534,1778592380.781534,s,156.129833,s,16155,
2026-05-12,15:26:21.031456,1778592381.031456,s,156.379755,s,16153,
2026-05-12,15:26:21.281812,1778592381.281812,s,156.630111,s,16169,
2026-05-12,15:26:21.531899,1778592381.531899,s,156.880198,s,16176,
2026-05-12,15:26:21.782063,1778592381.782063,s,157.130362,s,16186,
2026-05-12,15:26:22.032441,1778592382.032441,s,157.38074,s,16194,
2026-05-12,15:26:22.282366,1778592382.282366,s,157.630665,s,16210,
2026-05-12,15:26:22.532703,1778592382.532703,s,157.881002,s,16220,
2026-05-12,15:26:22.782888,1778592382.782888,s,158.131187,s,16226,
2026-05-12,15:26:23.033087,1778592383.033087,s,158.381386,s,16227,
2026-05-12,15:26:23.283266,1778592383.283266,s,158.631565,s,16236,
2026-05-12,15:26:23.533488,1778592383.533488,s,158.881787,s,16249,
2026-05-12,15:26:23.783690,1778592383.78369,s,159.131989,s,16257,
2026-05-12,15:26:24.033900,1778592384.0339,s,159.382199,s,16264,
2026-05-12,15:26:24.284221,1778592384.284221,s,159.63252,s,16266,
2026-05-12,15:26:24.534365,1778592384.534365,s,159.882664,s,16280,
2026-05-12,15:26:24.784728,1778592384.784728,s,160.133027,s,16292,
2026-05-12,15:26:25.034611,1778592385.034611,s,160.38291,s,16298,
2026-05-12,15:26:25.285257,1778592385.285257,s,160.633556,s,16305,
2026-05-12,15:26:25.534997,1778592385.534997,s,160.883296,s,16313,
2026-05-12,15:26:25.785762,1778592385.785762,s,161.134061,s,16325,
2026-05-12,15:26:26.035321,1778592386.035321,s,161.38362,s,16329,
2026-05-12,15:26:26.286185,1778592386.286185,s,161.634484,s,16334,
2026-05-12,15:26:26.535584,1778592386.535584,s,161.883883,s,16341,
2026-05-12,15:26:26.786678,1778592386.786678,s,162.134977,s,16345,
2026-05-12,15:26:27.035922,1778592387.035922,s,162.384221,s,16357,
2026-05-12,15:26:27.287201,1778592387.287201,s,162.6355,s,16362,
2026-05-12,15:26:27.536268,1778592387.536268,s,162.884567,s,16383,
2026-05-12,15:26:27.787737,1778592387.787737,s,163.136036,s,16379,
2026-05-12,15:26:28.036538,1778592388.036538,s,163.384837,s,16389,
2026-05-12,15:26:28.288253,1778592388.288253,s,163.636552,s,16394,
2026-05-12,15:26:28.536876,1778592388.536876,s,163.885175,s,16401,
2026-05-12,15:26:28.788821,1778592388.788821,s,164.13712,s,16405,
2026-05-12,15:26:29.037231,1778592389.037231,s,164.38553,s,16422,
2026-05-12,15:26:29.289360,1778592389.28936,s,164.637659,s,16430,
2026-05-12,15:26:29.537462,1778592389.537462,s,164.885761,s,16434,
2026-05-12,15:26:29.789882,1778592389.789882,s,165.138181,s,16451,
2026-05-12,15:26:30.037808,1778592390.037808,s,165.386107,s,16477,
2026-05-12,15:26:30.290370,1778592390.29037,s,165.638669,s,16477,
2026-05-12,15:26:30.538308,1778592390.538308,s,165.886607,s,16470,
2026-05-12,15:26:30.790879,1778592390.790879,s,166.139178,s,16483,
2026-05-12,15:26:31.038789,1778592391.038789,s,166.387088,s,16486,
2026-05-12,15:26:31.291335,1778592391.291335,s,166.639634,s,16490,
2026-05-12,15:26:31.539305,1778592391.539305,s,166.887604,s,16498,
2026-05-12,15:26:31.791810,1778592391.79181,s,167.140109,s,16514,
2026-05-12,15:26:32.039798,1778592392.039798,s,167.388097,s,16515,
2026-05-12,15:26:32.292299,1778592392.292299,s,167.640598,s,16526,
2026-05-12,15:26:32.540280,1778592392.54028,s,167.888579,s,16532,
2026-05-12,15:26:32.792749,1778592392.792749,s,168.141048,s,16533,
2026-05-12,15:26:33.040785,1778592393.040785,s,168.389084,s,16537,
2026-05-12,15:26:33.293184,1778592393.293184,s,168.641483,s,16559,
2026-05-12,15:26:33.541310,1778592393.54131,s,168.889609,s,16565,
2026-05-12,15:26:33.793482,1778592393.793482,s,169.141781,s,16565,
2026-05-12,15:26:34.041846,1778592394.041846,s,169.390145,s,16578,
2026-05-12,15:26:34.293741,1778592394.293741,s,169.64204,s,16582,
2026-05-12,15:26:34.542318,1778592394.542318,s,169.890617,s,16582,
2026-05-12,15:26:34.794067,1778592394.794067,s,170.142366,s,16604,
2026-05-12,15:26:35.042667,1778592395.042667,s,170.390966,s,16613,
2026-05-12,15:26:35.294404,1778592395.294404,s,170.642703,s,16609,
2026-05-12,15:26:35.543193,1778592395.543193,s,170.891492,s,16623,
2026-05-12,15:26:35.794671,1778592395.794671,s,171.14297,s,16634,
2026-05-12,15:26:36.043651,1778592396.043651,s,171.39195,s,16644,
2026-05-12,15:26:36.294872,1778592396.294872,s,171.643171,s,16643,
2026-05-12,15:26:36.544228,1778592396.544228,s,171.892527,s,16650,
2026-05-12,15:26:36.795066,1778592396.795066,s,172.143365,s,16665,
2026-05-12,15:26:37.044736,1778592397.044736,s,172.393035,s,16667,
2026-05-12,15:26:37.295490,1778592397.29549,s,172.643789,s,16673,
2026-05-12,15:26:37.545288,1778592397.545288,s,172.893587,s,16685,
2026-05-12,15:26:37.796040,1778592397.79604,s,173.144339,s,16689,
2026-05-12,15:26:38.045748,1778592398.045748,s,173.394047,s,16696,
2026-05-12,15:26:38.296588,1778592398.296588,s,173.644887,s,16698,
2026-05-12,15:26:38.546176,1778592398.546176,s,173.894475,s,16717,
2026-05-12,15:26:38.797139,1778592398.797139,s,174.145438,s,16707,
2026-05-12,15:26:39.046606,1778592399.046606,s,174.394905,s,16723,
2026-05-12,15:26:39.297647,1778592399.297647,s,174.645946,s,16733,
2026-05-12,15:26:39.547049,1778592399.547049,s,174.895348,s,16740,
2026-05-12,15:26:39.798169,1778592399.798169,s,175.146468,s,16743,
2026-05-12,15:26:40.047403,1778592400.047403,s,175.395702,s,16757,
2026-05-12,15:26:40.298598,1778592400.298598,s,175.646897,s,16764,
2026-05-12,15:26:40.547645,1778592400.547645,s,175.895944,s,16766,
2026-05-12,15:26:40.799069,1778592400.799069,s,176.147368,s,16775,
2026-05-12,15:26:41.047988,1778592401.047988,s,176.396287,s,16788,
2026-05-12,15:26:41.299606,1778592401.299606,s,176.647905,s,16781,
2026-05-12,15:26:41.548332,1778592401.548332,s,176.896631,s,16798,
2026-05-12,15:26:41.800098,1778592401.800098,s,177.148397,s,16809,
2026-05-12,15:26:42.048600,1778592402.0486,s,177.396899,s,16808,
2026-05-12,15:26:42.300612,1778592402.300612,s,177.648911,s,16820,
2026-05-12,15:26:42.548944,1778592402.548944,s,177.897243,s,16827,
2026-05-12,15:26:42.800897,1778592402.800897,s,178.149196,s,16845,
2026-05-12,15:26:43.049318,1778592403.049318,s,178.397617,s,16832,
2026-05-12,15:26:43.301406,1778592403.301406,s,178.649705,s,16849,
2026-05-12,15:26:43.549604,1778592403.549604,s,178.897903,s,16855,
2026-05-12,15:26:43.801924,1778592403.801924,s,179.150223,s,16860,
2026-05-12,15:26:44.050069,1778592404.050069,s,179.398368,s,16860,
2026-05-12,15:26:44.302393,1778592404.302393,s,179.650692,s,16880,
2026-05-12,15:26:44.550561,1778592404.550561,s,179.89886,s,16889,
2026-05-12,15:26:44.802899,1778592404.802899,s,180.151198,s,16891,
2026-05-12,15:26:45.051053,1778592405.051053,s,180.399352,s,16906,
2026-05-12,15:26:45.303373,1778592405.303373,s,180.651672,s,16913,
2026-05-12,15:26:45.551574,1778592405.551574,s,180.899873,s,16903,
2026-05-12,15:26:45.803839,1778592405.803839,s,181.152138,s,16917,
2026-05-12,15:26:46.052090,1778592406.05209,s,181.400389,s,16921,
2026-05-12,15:26:46.304230,1778592406.30423,s,181.652529,s,16928,
2026-05-12,15:26:46.552635,1778592406.552635,s,181.900934,s,16934,
2026-05-12,15:26:46.804499,1778592406.804499,s,182.152798,s,16944,
2026-05-12,15:26:47.053127,1778592407.053127,s,182.401426,s,16959,
2026-05-12,15:26:47.304841,1778592407.304841,s,182.65314,s,16955,
2026-05-12,15:26:47.553661,1778592407.553661,s,182.90196,s,16966,
2026-05-12,15:26:47.805282,1778592407.805282,s,183.153581,s,16981,
2026-05-12,15:26:48.054176,1778592408.054176,s,183.402475,s,16980,
2026-05-12,15:26:48.305579,1778592408.305579,s,183.653878,s,16990,
2026-05-12,15:26:48.554686,1778592408.554686,s,183.902985,s,17005,
2026-05-12,15:26:48.805926,1778592408.805926,s,184.154225,s,16996,
2026-05-12,15:26:49.055229,1778592409.055229,s,184.403528,s,17005,
2026-05-12,15:26:49.306380,1778592409.30638,s,184.654679,s,17027,
2026-05-12,15:26:49.555566,1778592409.555566,s,184.903865,s,17028,
2026-05-12,15:26:49.806674,1778592409.806674,s,185.154973,s,17029,
2026-05-12,15:26:50.056084,1778592410.056084,s,185.404383,s,17046,
2026-05-12,15:26:50.306978,1778592410.306978,s,185.655277,s,17054,
2026-05-12,15:26:50.556542,1778592410.556542,s,185.904841,s,17047,
2026-05-12,15:26:50.807182,1778592410.807182,s,186.155481,s,17051,
2026-05-12,15:26:51.057032,1778592411.057032,s,186.405331,s,17072,
2026-05-12,15:26:51.307493,1778592411.307493,s,186.655792,s,17067,
2026-05-12,15:26:51.557465,1778592411.557465,s,186.905764,s,17074,
2026-05-12,15:26:51.807752,1778592411.807752,s,187.156051,s,17084,
2026-05-12,15:26:52.057881,1778592412.057881,s,187.40618,s,17102,
2026-05-12,15:26:52.308111,1778592412.308111,s,187.65641,s,17093,
2026-05-12,15:26:52.558299,1778592412.558299,s,187.906598,s,17108,
2026-05-12,15:26:52.808481,1778592412.808481,s,188.15678,s,17117,
2026-05-12,15:26:53.058737,1778592413.058737,s,188.407036,s,17125,
2026-05-12,15:26:53.308726,1778592413.308726,s,188.657025,s,17127,
2026-05-12,15:26:53.559103,1778592413.559103,s,188.907402,s,17133,
2026-05-12,15:26:53.809064,1778592413.809064,s,189.157363,s,17137,
2026-05-12,15:26:54.059437,1778592414.059437,s,189.407736,s,17140,
2026-05-12,15:26:54.309533,1778592414.309533,s,189.657832,s,17156,
2026-05-12,15:26:54.559777,1778592414.559777,s,189.908076,s,17160,
2026-05-12,15:26:54.809987,1778592414.809987,s,190.158286,s,17164,
2026-05-12,15:26:55.060118,1778592415.060118,s,190.408417,s,17168,
2026-05-12,15:26:55.310477,1778592415.310477,s,190.658776,s,17178,
2026-05-12,15:26:55.560459,1778592415.560459,s,190.908758,s,17188,
2026-05-12,15:26:55.810934,1778592415.810934,s,191.159233,s,17184,
2026-05-12,15:26:56.060715,1778592416.060715,s,191.409014,s,17197,
2026-05-12,15:26:56.311399,1778592416.311399,s,191.659698,s,17199,
2026-05-12,15:26:56.561059,1778592416.561059,s,191.909358,s,17205,
2026-05-12,15:26:56.811948,1778592416.811948,s,192.160247,s,17212,
2026-05-12,15:26:57.061292,1778592417.061292,s,192.409591,s,17217,
2026-05-12,15:26:57.312437,1778592417.312437,s,192.660736,s,17219,
2026-05-12,15:26:57.561567,1778592417.561567,s,192.909866,s,17230,
2026-05-12,15:26:57.812912,1778592417.812912,s,193.161211,s,17242,
2026-05-12,15:26:58.061781,1778592418.061781,s,193.41008,s,17236,
2026-05-12,15:26:58.313460,1778592418.31346,s,193.661759,s,17249,
2026-05-12,15:26:58.562398,1778592418.562398,s,193.910697,s,17246,
2026-05-12,15:26:58.813979,1778592418.813979,s,194.162278,s,17252,
2026-05-12,15:26:59.062654,1778592419.062654,s,194.410953,s,17265,
2026-05-12,15:26:59.314428,1778592419.314428,s,194.662727,s,17265,
2026-05-12,15:26:59.563151,1778592419.563151,s,194.91145,s,17277,
2026-05-12,15:26:59.814846,1778592419.814846,s,195.163145,s,17276,
2026-05-12,15:27:00.063636,1778592420.063636,s,195.411935,s,17286,
2026-05-12,15:27:00.315273,1778592420.315273,s,195.663572,s,17291,
2026-05-12,15:27:00.564140,1778592420.56414,s,195.912439,s,17294,
2026-05-12,15:27:00.815718,1778592420.815718,s,196.164017,s,17306,
2026-05-12,15:27:01.064689,1778592421.064689,s,196.412988,s,17303,
2026-05-12,15:27:01.316056,1778592421.316056,s,196.664355,s,17307,
2026-05-12,15:27:01.565189,1778592421.565189,s,196.913488,s,17315,
2026-05-12,15:27:01.816410,1778592421.81641,s,197.164709,s,17322,
2026-05-12,15:27:02.065486,1778592422.065486,s,197.413785,s,17337,
2026-05-12,15:27:02.316647,1778592422.316647,s,197.664946,s,17321,
2026-05-12,15:27:02.565970,1778592422.56597,s,197.914269,s,17336,
2026-05-12,15:27:02.816962,1778592422.816962,s,198.165261,s,17346,
2026-05-12,15:27:03.066379,1778592423.066379,s,198.414678,s,17345,
2026-05-12,15:27:03.317298,1778592423.317298,s,198.665597,s,17352,
2026-05-12,15:27:03.566849,1778592423.566849,s,198.915148,s,17359,
2026-05-12,15:27:03.817538,1778592423.817538,s,199.165837,s,17354,
2026-05-12,15:27:04.067372,1778592424.067372,s,199.415671,s,17353,
2026-05-12,15:27:04.317794,1778592424.317794,s,199.666093,s,17359,
2026-05-12,15:27:04.567849,1778592424.567849,s,199.916148,s,17375,
2026-05-12,15:27:04.818028,1778592424.818028,s,200.166327,s,17369,
2026-05-12,15:27:05.068375,1778592425.068375,s,200.416674,s,17385,
2026-05-12,15:27:05.318537,1778592425.318537,s,200.666836,s,17395,
2026-05-12,15:27:05.568897,1778592425.568897,s,200.917196,s,17405,
2026-05-12,15:27:05.819073,1778592425.819073,s,201.167372,s,17405,
2026-05-12,15:27:06.069267,1778592426.069267,s,201.417566,s,17410,
2026-05-12,15:27:06.319596,1778592426.319596,s,201.667895,s,17412,
2026-05-12,15:27:06.569711,1778592426.569711,s,201.91801,s,17417,
2026-05-12,15:27:06.820074,1778592426.820074,s,202.168373,s,17423,
2026-05-12,15:27:07.070117,1778592427.070117,s,202.418416,s,17430,
2026-05-12,15:27:07.320620,1778592427.32062,s,202.668919,s,17440,
2026-05-12,15:27:07.570526,1778592427.570526,s,202.918825,s,17443,
2026-05-12,15:27:07.821084,1778592427.821084,s,203.169383,s,17463,
2026-05-12,15:27:08.070840,1778592428.07084,s,203.419139,s,17459,
2026-05-12,15:27:08.321600,1778592428.3216,s,203.669899,s,17455,
2026-05-12,15:27:08.571256,1778592428.571256,s,203.919555,s,17463,
2026-05-12,15:27:08.822106,1778592428.822106,s,204.170405,s,17469,
2026-05-12,15:27:09.071542,1778592429.071542,s,204.419841,s,17464,
2026-05-12,15:27:09.322623,1778592429.322623,s,204.670922,s,17484,
2026-05-12,15:27:09.571886,1778592429.571886,s,204.920185,s,17493,
2026-05-12,15:27:09.823060,1778592429.82306,s,205.171359,s,17495,
2026-05-12,15:27:10.072261,1778592430.072261,s,205.42056,s,17502,
2026-05-12,15:27:10.323508,1778592430.323508,s,205.671807,s,17513,
2026-05-12,15:27:10.572707,1778592430.572707,s,205.921006,s,17512,
2026-05-12,15:27:10.824040,1778592430.82404,s,206.172339,s,17522,
2026-05-12,15:27:11.073042,1778592431.073042,s,206.421341,s,17519,
2026-05-12,15:27:11.324505,1778592431.324505,s,206.672804,s,17531,
2026-05-12,15:27:11.573481,1778592431.573481,s,206.92178,s,17529,
2026-05-12,15:27:11.825002,1778592431.825002,s,207.173301,s,17540,
2026-05-12,15:27:12.073772,1778592432.073772,s,207.422071,s,17553,
2026-05-12,15:27:12.325514,1778592432.325514,s,207.673813,s,17548,
2026-05-12,15:27:12.574119,1778592432.574119,s,207.922418,s,17560,
2026-05-12,15:27:12.825991,1778592432.825991,s,208.17429,s,17571,
2026-05-12,15:27:13.074505,1778592433.074505,s,208.422804,s,17577,
2026-05-12,15:27:13.326451,1778592433.326451,s,208.67475,s,17576,
2026-05-12,15:27:13.575025,1778592433.575025,s,208.923324,s,17587,
2026-05-12,15:27:13.826965,1778592433.826965,s,209.175264,s,17585,
2026-05-12,15:27:14.075466,1778592434.075466,s,209.423765,s,17585,
2026-05-12,15:27:14.327451,1778592434.327451,s,209.67575,s,17596,
2026-05-12,15:27:14.575757,1778592434.575757,s,209.924056,s,17609,
2026-05-12,15:27:14.827879,1778592434.827879,s,210.176178,s,17599,
2026-05-12,15:27:15.076100,1778592435.0761,s,210.424399,s,17619,
2026-05-12,15:27:15.328308,1778592435.328308,s,210.676607,s,17617,
2026-05-12,15:27:15.576455,1778592435.576455,s,210.924754,s,17628,
2026-05-12,15:27:15.828758,1778592435.828758,s,211.177057,s,17625,
2026-05-12,15:27:16.076704,1778592436.076704,s,211.425003,s,17626,
2026-05-12,15:27:16.329217,1778592436.329217,s,211.677516,s,17555,
2026-05-12,15:27:16.577173,1778592436.577173,s,211.925472,s,16629,
2026-05-12,15:27:16.829479,1778592436.829479,s,212.177778,s,16084,
2026-05-12,15:27:17.077673,1778592437.077673,s,212.425972,s,15338,
2026-05-12,15:27:17.329713,1778592437.329713,s,212.678012,s,14785,
2026-05-12,15:27:17.578146,1778592437.578146,s,212.926445,s,14066,
2026-05-12,15:27:17.830040,1778592437.83004,s,213.178339,s,13709,
2026-05-12,15:27:18.078677,1778592438.078677,s,213.426976,s,12810,
2026-05-12,15:27:18.330371,1778592438.330371,s,213.67867,s,12448,
2026-05-12,15:27:18.579178,1778592438.579178,s,213.927477,s,11586,
2026-05-12,15:27:18.830600,1778592438.8306,s,214.178899,s,11240,
2026-05-12,15:27:19.079666,1778592439.079666,s,214.427965,s,10392,
2026-05-12,15:27:19.330826,1778592439.330826,s,214.679125,s,10048,
2026-05-12,15:27:19.580096,1778592439.580096,s,214.928395,s,9389,
2026-05-12,15:27:19.831147,1778592439.831147,s,215.179446,s,8869,
2026-05-12,15:27:20.080634,1778592440.080634,s,215.428933,s,8199,
2026-05-12,15:27:20.331429,1778592440.331429,s,215.679728,s,7706,
2026-05-12,15:27:20.581107,1778592440.581107,s,215.929406,s,7043,
2026-05-12,15:27:20.831895,1778592440.831895,s,216.180194,s,6552,
2026-05-12,15:27:21.081599,1778592441.081599,s,216.429898,s,5907,
2026-05-12,15:27:21.332383,1778592441.332383,s,216.680682,s,5431,
2026-05-12,15:27:21.582155,1778592441.582155,s,216.930454,s,4792,
2026-05-12,15:27:21.832940,1778592441.83294,s,217.181239,s,4330,
2026-05-12,15:27:22.082451,1778592442.082451,s,217.43075,s,3717,
2026-05-12,15:27:22.333429,1778592442.333429,s,217.681728,s,3250,
2026-05-12,15:27:22.582891,1778592442.582891,s,217.93119,s,2660,
2026-05-12,15:27:22.833959,1778592442.833959,s,218.182258,s,2224,
2026-05-12,15:27:23.083318,1778592443.083318,s,218.431617,s,1644,
2026-05-12,15:27:23.334471,1778592443.334471,s,218.68277,s,1220,
2026-05-12,15:27:23.583755,1778592443.583755,s,218.932054,s,1673,
2026-05-12,15:27:23.835023,1778592443.835023,s,219.183322,s,2209,
2026-05-12,15:27:24.084082,1778592444.084082,s,219.432381,s,2919,
2026-05-12,15:27:24.335494,1778592444.335494,s,219.683793,s,3420,
2026-05-12,15:27:24.584439,1778592444.584439,s,219.932738,s,4098,
2026-05-12,15:27:24.836020,1778592444.83602,s,220.184319,s,4593,
2026-05-12,15:27:25.084693,1778592445.084693,s,220.432992,s,5281,
2026-05-12,15:27:25.336276,1778592445.336276,s,220.684575,s,5790,
2026-05-12,15:27:25.585046,1778592445.585046,s,220.933345,s,6466,
2026-05-12,15:27:25.836547,1778592445.836547,s,221.184846,s,6953,
2026-05-12,15:27:26.085410,1778592446.08541,s,221.433709,s,7617,
2026-05-12,15:27:26.337108,1778592446.337108,s,221.685407,s,8121,
2026-05-12,15:27:26.585658,1778592446.585658,s,221.933957,s,8777,
2026-05-12,15:27:26.837614,1778592446.837614,s,222.185913,s,9269,
2026-05-12,15:27:27.086019,1778592447.086019,s,222.434318,s,9936,
2026-05-12,15:27:27.337952,1778592447.337952,s,222.686251,s,10418,
2026-05-12,15:27:27.586398,1778592447.586398,s,222.934697,s,11074,
2026-05-12,15:27:27.838282,1778592447.838282,s,223.186581,s,11559,
2026-05-12,15:27:28.086648,1778592448.086648,s,223.434947,s,12213,
2026-05-12,15:27:28.338833,1778592448.338833,s,223.687132,s,12686,
2026-05-12,15:27:28.586992,1778592448.586992,s,223.935291,s,13336,
2026-05-12,15:27:28.839320,1778592448.83932,s,224.187619,s,13656,
2026-05-12,15:27:29.087497,1778592449.087497,s,224.435796,s,14434,
2026-05-12,15:27:29.339810,1778592449.33981,s,224.688109,s,14742,
2026-05-12,15:27:29.588048,1778592449.588048,s,224.936347,s,15504,
2026-05-12,15:27:29.840248,1778592449.840248,s,225.188547,s,15802,
2026-05-12,15:27:30.088545,1778592450.088545,s,225.436844,s,16509,
2026-05-12,15:27:30.340734,1778592450.340734,s,225.689033,s,16770,
2026-05-12,15:27:30.589117,1778592450.589117,s,225.937416,s,17278,
2026-05-12,15:27:30.841214,1778592450.841214,s,226.189513,s,17426,
2026-05-12,15:27:31.089636,1778592451.089636,s,226.437935,s,17607,
2026-05-12,15:27:31.341665,1778592451.341665,s,226.689964,s,17696,
2026-05-12,15:27:31.590160,1778592451.59016,s,226.938459,s,17743,
2026-05-12,15:27:31.842127,1778592451.842127,s,227.190426,s,17773,
2026-05-12,15:27:32.090689,1778592452.090689,s,227.438988,s,17793,
2026-05-12,15:27:32.342507,1778592452.342507,s,227.690806,s,17788,
2026-05-12,15:27:32.591194,1778592452.591194,s,227.939493,s,17801,
2026-05-12,15:27:32.842918,1778592452.842918,s,228.191217,s,17801,
2026-05-12,15:27:33.091665,1778592453.091665,s,228.439964,s,17804,
2026-05-12,15:27:33.343263,1778592453.343263,s,228.691562,s,17801,
2026-05-12,15:27:33.592131,1778592453.592131,s,228.94043,s,17801,
2026-05-12,15:27:33.843543,1778592453.843543,s,229.191842,s,17819,
2026-05-12,15:27:34.092634,1778592454.092634,s,229.440933,s,17812,
2026-05-12,15:27:34.343889,1778592454.343889,s,229.692188,s,17811,
2026-05-12,15:27:34.593129,1778592454.593129,s,229.941428,s,17822,
2026-05-12,15:27:34.844200,1778592454.8442,s,230.192499,s,17820,
2026-05-12,15:27:35.093661,1778592455.093661,s,230.44196,s,17828,
2026-05-12,15:27:35.344388,1778592455.344388,s,230.692687,s,17835,
2026-05-12,15:27:35.594148,1778592455.594148,s,230.942447,s,17842,
2026-05-12,15:27:35.844667,1778592455.844667,s,231.192966,s,17836,
2026-05-12,15:27:36.094630,1778592456.09463,s,231.442929,s,17843,
2026-05-12,15:27:36.345142,1778592456.345142,s,231.693441,s,17858,
2026-05-12,15:27:36.595100,1778592456.5951,s,231.943399,s,17855,
2026-05-12,15:27:36.845592,1778592456.845592,s,232.193891,s,17856,
2026-05-12,15:27:37.095592,1778592457.095592,s,232.443891,s,17862,
2026-05-12,15:27:37.346177,1778592457.346177,s,232.694476,s,17870,
2026-05-12,15:27:37.596073,1778592457.596073,s,232.944372,s,17873,
2026-05-12,15:27:37.846557,1778592457.846557,s,233.194856,s,17876,
2026-05-12,15:27:38.096511,1778592458.096511,s,233.44481,s,17886,
2026-05-12,15:27:38.346974,1778592458.346974,s,233.695273,s,17880,
2026-05-12,15:27:38.596944,1778592458.596944,s,233.945243,s,17885,
2026-05-12,15:27:38.847414,1778592458.847414,s,234.195713,s,17894,
2026-05-12,15:27:39.097373,1778592459.097373,s,234.445672,s,17899,
2026-05-12,15:27:39.347843,1778592459.347843,s,234.696142,s,17904,
2026-05-12,15:27:39.597610,1778592459.59761,s,234.945909,s,17904,
2026-05-12,15:27:39.848258,1778592459.848258,s,235.196557,s,17917,
2026-05-12,15:27:40.097954,1778592460.097954,s,235.446253,s,17904,
2026-05-12,15:27:40.348715,1778592460.348715,s,235.697014,s,17921,
2026-05-12,15:27:40.598284,1778592460.598284,s,235.946583,s,17919,
2026-05-12,15:27:40.849128,1778592460.849128,s,236.197427,s,17930,
2026-05-12,15:27:41.098543,1778592461.098543,s,236.446842,s,17933,
2026-05-12,15:27:41.349525,1778592461.349525,s,236.697824,s,17932,
2026-05-12,15:27:41.598915,1778592461.598915,s,236.947214,s,17942,
2026-05-12,15:27:41.849999,1778592461.849999,s,237.198298,s,17941,
2026-05-12,15:27:42.099248,1778592462.099248,s,237.447547,s,17942,
2026-05-12,15:27:42.350509,1778592462.350509,s,237.698808,s,17952,
2026-05-12,15:27:42.599571,1778592462.599571,s,237.94787,s,17953,
2026-05-12,15:27:42.850999,1778592462.850999,s,238.199298,s,17955,
2026-05-12,15:27:43.099812,1778592463.099812,s,238.448111,s,17961,
2026-05-12,15:27:43.351466,1778592463.351466,s,238.699765,s,17979,
2026-05-12,15:27:43.600092,1778592463.600092,s,238.948391,s,17966,
2026-05-12,15:27:43.851974,1778592463.851974,s,239.200273,s,17992,
2026-05-12,15:27:44.100790,1778592464.10079,s,239.449089,s,17984,
2026-05-12,15:27:44.352417,1778592464.352417,s,239.700716,s,17990,
2026-05-12,15:27:44.601318,1778592464.601318,s,239.949617,s,17993,
2026-05-12,15:27:44.852843,1778592464.852843,s,240.201142,s,18007,
2026-05-12,15:27:45.101569,1778592465.101569,s,240.449868,s,17995,
2026-05-12,15:27:45.353262,1778592465.353262,s,240.701561,s,18006,
2026-05-12,15:27:45.601938,1778592465.601938,s,240.950237,s,18015,
2026-05-12,15:27:45.853706,1778592465.853706,s,241.202005,s,18024,
2026-05-12,15:27:46.102478,1778592466.102478,s,241.450777,s,18020,
2026-05-12,15:27:46.354132,1778592466.354132,s,241.702431,s,18025,
2026-05-12,15:27:46.602956,1778592466.602956,s,241.951255,s,18036,
2026-05-12,15:27:46.854462,1778592466.854462,s,242.202761,s,18029,
2026-05-12,15:27:47.103404,1778592467.103404,s,242.451703,s,18041,
2026-05-12,15:27:47.354696,1778592467.354696,s,242.702995,s,18050,
2026-05-12,15:27:47.603981,1778592467.603981,s,242.95228,s,18041,
2026-05-12,15:27:47.855060,1778592467.85506,s,243.203359,s,18056,
2026-05-12,15:27:48.104511,1778592468.104511,s,243.45281,s,18072,
2026-05-12,15:27:48.355405,1778592468.355405,s,243.703704,s,18068,
2026-05-12,15:27:48.605034,1778592468.605034,s,243.953333,s,18074,
2026-05-12,15:27:48.855638,1778592468.855638,s,244.203937,s,18072,
2026-05-12,15:27:49.105555,1778592469.105555,s,244.453854,s,18096,
2026-05-12,15:27:49.355909,1778592469.355909,s,244.704208,s,18088,
2026-05-12,15:27:49.606055,1778592469.606055,s,244.954354,s,18098,
2026-05-12,15:27:49.856360,1778592469.85636,s,245.204659,s,18099,
2026-05-12,15:27:50.106538,1778592470.106538,s,245.454837,s,18108,
2026-05-12,15:27:50.356654,1778592470.356654,s,245.704953,s,18109,
2026-05-12,15:27:50.606882,1778592470.606882,s,245.955181,s,18125,
2026-05-12,15:27:50.857164,1778592470.857164,s,246.205463,s,18128,
2026-05-12,15:27:51.107370,1778592471.10737,s,246.455669,s,18126,
2026-05-12,15:27:51.357864,1778592471.357864,s,246.706163,s,18140,
2026-05-12,15:27:51.607846,1778592471.607846,s,246.956145,s,18148,
2026-05-12,15:27:51.858401,1778592471.858401,s,247.2067,s,18142,
2026-05-12,15:27:52.108267,1778592472.108267,s,247.456566,s,18149,
2026-05-12,15:27:52.358907,1778592472.358907,s,247.707206,s,18164,
2026-05-12,15:27:52.608706,1778592472.608706,s,247.957005,s,18162,
2026-05-12,15:27:52.859404,1778592472.859404,s,248.207703,s,18161,
2026-05-12,15:27:53.109179,1778592473.109179,s,248.457478,s,18173,
2026-05-12,15:27:53.359905,1778592473.359905,s,248.708204,s,18182,
2026-05-12,15:27:53.609614,1778592473.609614,s,248.957913,s,18174,
2026-05-12,15:27:53.860432,1778592473.860432,s,249.208731,s,18192,
2026-05-12,15:27:54.109949,1778592474.109949,s,249.458248,s,18188,
2026-05-12,15:27:54.360895,1778592474.360895,s,249.709194,s,18201,
2026-05-12,15:27:54.610288,1778592474.610288,s,249.958587,s,18195,
2026-05-12,15:27:54.861373,1778592474.861373,s,250.209672,s,18207,
2026-05-12,15:27:55.110599,1778592475.110599,s,250.458898,s,18200,
2026-05-12,15:27:55.361860,1778592475.36186,s,250.710159,s,18218,
2026-05-12,15:27:55.610941,1778592475.610941,s,250.95924,s,18223,
2026-05-12,15:27:55.862415,1778592475.862415,s,251.210714,s,18235,
2026-05-12,15:27:56.111364,1778592476.111364,s,251.459663,s,18225,
2026-05-12,15:27:56.362889,1778592476.362889,s,251.711188,s,18237,
2026-05-12,15:27:56.611748,1778592476.611748,s,251.960047,s,18243,
2026-05-12,15:27:56.863383,1778592476.863383,s,252.211682,s,18233,
2026-05-12,15:27:57.112006,1778592477.112006,s,252.460305,s,18248,
2026-05-12,15:27:57.363848,1778592477.363848,s,252.712147,s,18261,
2026-05-12,15:27:57.612300,1778592477.6123,s,252.960599,s,18260,
2026-05-12,15:27:57.864316,1778592477.864316,s,253.212615,s,18267,
2026-05-12,15:27:58.112799,1778592478.112799,s,253.461098,s,18280,
2026-05-12,15:27:58.364808,1778592478.364808,s,253.713107,s,18284,
2026-05-12,15:27:58.613287,1778592478.613287,s,253.961586,s,18289,
2026-05-12,15:27:58.865319,1778592478.865319,s,254.213618,s,18289,
2026-05-12,15:27:59.113818,1778592479.113818,s,254.462117,s,18301,
2026-05-12,15:27:59.365804,1778592479.365804,s,254.714103,s,18290,
2026-05-12,15:27:59.614322,1778592479.614322,s,254.962621,s,18304,
2026-05-12,15:27:59.866237,1778592479.866237,s,255.214536,s,18304,
2026-05-12,15:28:00.114809,1778592480.114809,s,255.463108,s,18313,
2026-05-12,15:28:00.366676,1778592480.366676,s,255.714975,s,18309,
2026-05-12,15:28:00.615256,1778592480.615256,s,255.963555,s,18326,
2026-05-12,15:28:00.867097,1778592480.867097,s,256.215396,s,18330,
2026-05-12,15:28:01.115518,1778592481.115518,s,256.463817,s,18334,
2026-05-12,15:28:01.367438,1778592481.367438,s,256.715737,s,18333,
2026-05-12,15:28:01.616021,1778592481.616021,s,256.96432,s,18347,
2026-05-12,15:28:01.867684,1778592481.867684,s,257.215983,s,18348,
2026-05-12,15:28:02.116482,1778592482.116482,s,257.464781,s,18357,
2026-05-12,15:28:02.368001,1778592482.368001,s,257.7163,s,18362,
2026-05-12,15:28:02.616962,1778592482.616962,s,257.965261,s,18357,
2026-05-12,15:28:02.868333,1778592482.868333,s,258.216632,s,18365,
2026-05-12,15:28:03.117438,1778592483.117438,s,258.465737,s,18369,
2026-05-12,15:28:03.368594,1778592483.368594,s,258.716893,s,18385,
2026-05-12,15:28:03.617911,1778592483.617911,s,258.96621,s,18383,
2026-05-12,15:28:03.868866,1778592483.868866,s,259.217165,s,18393,
2026-05-12,15:28:04.118369,1778592484.118369,s,259.466668,s,18406,
2026-05-12,15:28:04.369153,1778592484.369153,s,259.717452,s,18401,
2026-05-12,15:28:04.618886,1778592484.618886,s,259.967185,s,18399,
2026-05-12,15:28:04.869368,1778592484.869368,s,260.217667,s,18412,
2026-05-12,15:28:05.119384,1778592485.119384,s,260.467683,s,18408,
2026-05-12,15:28:05.369613,1778592485.369613,s,260.717912,s,18422,
2026-05-12,15:28:05.619901,1778592485.619901,s,260.9682,s,18425,
2026-05-12,15:28:05.870117,1778592485.870117,s,261.218416,s,18435,
2026-05-12,15:28:06.120383,1778592486.120383,s,261.468682,s,18423,
2026-05-12,15:28:06.370656,1778592486.370656,s,261.718955,s,18438,
2026-05-12,15:28:06.620815,1778592486.620815,s,261.969114,s,18441,
2026-05-12,15:28:06.871047,1778592486.871047,s,262.219346,s,18452,
2026-05-12,15:28:07.121246,1778592487.121246,s,262.469545,s,18448,
2026-05-12,15:28:07.371594,1778592487.371594,s,262.719893,s,18461,
2026-05-12,15:28:07.621692,1778592487.621692,s,262.969991,s,18456,
2026-05-12,15:28:07.872113,1778592487.872113,s,263.220412,s,18469,
2026-05-12,15:28:08.122128,1778592488.122128,s,263.470427,s,18479,
2026-05-12,15:28:08.372651,1778592488.372651,s,263.72095,s,18487,
2026-05-12,15:28:08.622474,1778592488.622474,s,263.970773,s,18480,
2026-05-12,15:28:08.873215,1778592488.873215,s,264.221514,s,18484,
2026-05-12,15:28:09.122803,1778592489.122803,s,264.471102,s,18486,
2026-05-12,15:28:09.373695,1778592489.373695,s,264.721994,s,18489,
2026-05-12,15:28:09.623132,1778592489.623132,s,264.971431,s,18501,
2026-05-12,15:28:09.874140,1778592489.87414,s,265.222439,s,18508,
2026-05-12,15:28:10.123454,1778592490.123454,s,265.471753,s,18500,
2026-05-12,15:28:10.374648,1778592490.374648,s,265.722947,s,18505,
2026-05-12,15:28:10.623706,1778592490.623706,s,265.972005,s,18520,
2026-05-12,15:28:10.875158,1778592490.875158,s,266.223457,s,18524,
2026-05-12,15:28:11.124031,1778592491.124031,s,266.47233,s,18529,
2026-05-12,15:28:11.375649,1778592491.375649,s,266.723948,s,18526,
2026-05-12,15:28:11.624297,1778592491.624297,s,266.972596,s,18540,
2026-05-12,15:28:11.876114,1778592491.876114,s,267.224413,s,18526,
2026-05-12,15:28:12.124567,1778592492.124567,s,267.472866,s,18546,
2026-05-12,15:28:12.376662,1778592492.376662,s,267.724961,s,18549,
2026-05-12,15:28:12.624796,1778592492.624796,s,267.973095,s,18546,
2026-05-12,15:28:12.877124,1778592492.877124,s,268.225423,s,18546,
2026-05-12,15:28:13.125362,1778592493.125362,s,268.473661,s,18565,
2026-05-12,15:28:13.377659,1778592493.377659,s,268.725958,s,18572,
2026-05-12,15:28:13.625903,1778592493.625903,s,268.974202,s,18563,
2026-05-12,15:28:13.878109,1778592493.878109,s,269.226408,s,18569,
2026-05-12,15:28:14.126462,1778592494.126462,s,269.474761,s,18581,
2026-05-12,15:28:14.378537,1778592494.378537,s,269.726836,s,18571,
2026-05-12,15:28:14.626944,1778592494.626944,s,269.975243,s,18584,
2026-05-12,15:28:14.878992,1778592494.878992,s,270.227291,s,18589,
2026-05-12,15:28:15.127430,1778592495.12743,s,270.475729,s,18587,
2026-05-12,15:28:15.379355,1778592495.379355,s,270.727654,s,18589,
2026-05-12,15:28:15.627927,1778592495.627927,s,270.976226,s,18599,
2026-05-12,15:28:15.879590,1778592495.87959,s,271.227889,s,18607,
2026-05-12,15:28:16.128467,1778592496.128467,s,271.476766,s,18603,
2026-05-12,15:28:16.379922,1778592496.379922,s,271.728221,s,18614,
2026-05-12,15:28:16.628941,1778592496.628941,s,271.97724,s,18608,
2026-05-12,15:28:16.880245,1778592496.880245,s,272.228544,s,18616,
2026-05-12,15:28:17.129454,1778592497.129454,s,272.477753,s,18611,
2026-05-12,15:28:17.380497,1778592497.380497,s,272.728796,s,18627,
2026-05-12,15:28:17.629930,1778592497.62993,s,272.978229,s,18617,
2026-05-12,15:28:17.880926,1778592497.880926,s,273.229225,s,18631,
2026-05-12,15:28:18.130377,1778592498.130377,s,273.478676,s,18631,
2026-05-12,15:28:18.381254,1778592498.381254,s,273.729553,s,18644,
2026-05-12,15:28:18.630877,1778592498.630877,s,273.979176,s,18627,
2026-05-12,15:28:18.881492,1778592498.881492,s,274.229791,s,18642,
2026-05-12,15:28:19.131383,1778592499.131383,s,274.479682,s,18631,
2026-05-12,15:28:19.381786,1778592499.381786,s,274.730085,s,18647,
2026-05-12,15:28:19.631892,1778592499.631892,s,274.980191,s,18652,
2026-05-12,15:28:19.882020,1778592499.88202,s,275.230319,s,18663,
2026-05-12,15:28:20.132428,1778592500.132428,s,275.480727,s,18658,
2026-05-12,15:28:20.382367,1778592500.382367,s,275.730666,s,18665,
2026-05-12,15:28:20.632892,1778592500.632892,s,275.981191,s,18673,
2026-05-12,15:28:20.882673,1778592500.882673,s,276.230972,s,18679,
2026-05-12,15:28:21.133374,1778592501.133374,s,276.481673,s,18675,
2026-05-12,15:28:21.383024,1778592501.383024,s,276.731323,s,18680,
2026-05-12,15:28:21.633807,1778592501.633807,s,276.982106,s,18684,
2026-05-12,15:28:21.883409,1778592501.883409,s,277.231708,s,18694,
2026-05-12,15:28:22.134263,1778592502.134263,s,277.482562,s,18690,
2026-05-12,15:28:22.383674,1778592502.383674,s,277.731973,s,18688,
2026-05-12,15:28:22.634770,1778592502.63477,s,277.983069,s,18698,
2026-05-12,15:28:22.884026,1778592502.884026,s,278.232325,s,18694,
2026-05-12,15:28:23.135207,1778592503.135207,s,278.483506,s,18707,
2026-05-12,15:28:23.384549,1778592503.384549,s,278.732848,s,18711,
2026-05-12,15:28:23.635662,1778592503.635662,s,278.983961,s,18709,
2026-05-12,15:28:23.885026,1778592503.885026,s,279.233325,s,18712,
2026-05-12,15:28:24.136007,1778592504.136007,s,279.484306,s,18722,
2026-05-12,15:28:24.385531,1778592504.385531,s,279.73383,s,18718,
2026-05-12,15:28:24.636373,1778592504.636373,s,279.984672,s,18730,
2026-05-12,15:28:24.886048,1778592504.886048,s,280.234347,s,18736,
2026-05-12,15:28:25.136600,1778592505.1366,s,280.484899,s,18743,
2026-05-12,15:28:25.386479,1778592505.386479,s,280.734778,s,18733,
2026-05-12,15:28:25.636992,1778592505.636992,s,280.985291,s,18742,
2026-05-12,15:28:25.886989,1778592505.886989,s,281.235288,s,18750,
2026-05-12,15:28:26.137315,1778592506.137315,s,281.485614,s,18749,
2026-05-12,15:28:26.387482,1778592506.387482,s,281.735781,s,18749,
2026-05-12,15:28:26.637575,1778592506.637575,s,281.985874,s,18760,
2026-05-12,15:28:26.888000,1778592506.888,s,282.236299,s,18772,
2026-05-12,15:28:27.137914,1778592507.137914,s,282.486213,s,18755,
2026-05-12,15:28:27.388515,1778592507.388515,s,282.736814,s,18774,
2026-05-12,15:28:27.638218,1778592507.638218,s,282.986517,s,18784,
2026-05-12,15:28:27.889027,1778592507.889027,s,283.237326,s,18777,
2026-05-12,15:28:28.138692,1778592508.138692,s,283.486991,s,18786,
2026-05-12,15:28:28.389547,1778592508.389547,s,283.737846,s,18790,
2026-05-12,15:28:28.639309,1778592508.639309,s,283.987608,s,18785,
2026-05-12,15:28:28.889991,1778592508.889991,s,284.23829,s,18797,
2026-05-12,15:28:29.139873,1778592509.139873,s,284.488172,s,18808,
2026-05-12,15:28:29.390438,1778592509.390438,s,284.738737,s,18814,
2026-05-12,15:28:29.640358,1778592509.640358,s,284.988657,s,18804,
2026-05-12,15:28:29.890950,1778592509.89095,s,285.239249,s,18820,
2026-05-12,15:28:30.140930,1778592510.14093,s,285.489229,s,18816,
2026-05-12,15:28:30.391387,1778592510.391387,s,285.739686,s,18814,
2026-05-12,15:28:30.641441,1778592510.641441,s,285.98974,s,18814,
2026-05-12,15:28:30.891806,1778592510.891806,s,286.240105,s,18838,
2026-05-12,15:28:31.141925,1778592511.141925,s,286.490224,s,18823,
2026-05-12,15:28:31.392134,1778592511.392134,s,286.740433,s,18839,
2026-05-12,15:28:31.642434,1778592511.642434,s,286.990733,s,18838,
2026-05-12,15:28:31.892492,1778592511.892492,s,287.240791,s,18850,
2026-05-12,15:28:32.142978,1778592512.142978,s,287.491277,s,18838,
2026-05-12,15:28:32.392893,1778592512.392893,s,287.741192,s,18857,
2026-05-12,15:28:32.643526,1778592512.643526,s,287.991825,s,18860,
2026-05-12,15:28:32.893238,1778592512.893238,s,288.241537,s,18859,
2026-05-12,15:28:33.144050,1778592513.14405,s,288.492349,s,18866,
2026-05-12,15:28:33.393470,1778592513.39347,s,288.741769,s,18862,
2026-05-12,15:28:33.644603,1778592513.644603,s,288.992902,s,18860,
2026-05-12,15:28:33.893722,1778592513.893722,s,289.242021,s,18873,
2026-05-12,15:28:34.145088,1778592514.145088,s,289.493387,s,18868,
2026-05-12,15:28:34.394043,1778592514.394043,s,289.742342,s,18891,
2026-05-12,15:28:34.645543,1778592514.645543,s,289.993842,s,18880,
2026-05-12,15:28:34.894293,1778592514.894293,s,290.242592,s,18878,
2026-05-12,15:28:35.146024,1778592515.146024,s,290.494323,s,18895,
2026-05-12,15:28:35.394502,1778592515.394502,s,290.742801,s,18895,
2026-05-12,15:28:35.646484,1778592515.646484,s,290.994783,s,18901,
2026-05-12,15:28:35.895190,1778592515.89519,s,291.243489,s,18899,
2026-05-12,15:28:36.147001,1778592516.147001,s,291.4953,s,18909,
2026-05-12,15:28:36.395496,1778592516.395496,s,291.743795,s,18902,
2026-05-12,15:28:36.647451,1778592516.647451,s,291.99575,s,18912,
2026-05-12,15:28:36.895997,1778592516.895997,s,292.244296,s,18911,
2026-05-12,15:28:37.147885,1778592517.147885,s,292.496184,s,18915,
2026-05-12,15:28:37.396372,1778592517.396372,s,292.744671,s,18926,
2026-05-12,15:28:37.648317,1778592517.648317,s,292.996616,s,18932,
2026-05-12,15:28:37.896902,1778592517.896902,s,293.245201,s,18935,
2026-05-12,15:28:38.148761,1778592518.148761,s,293.49706,s,18932,
2026-05-12,15:28:38.397245,1778592518.397245,s,293.745544,s,18940,
2026-05-12,15:28:38.649095,1778592518.649095,s,293.997394,s,18939,
2026-05-12,15:28:38.897803,1778592518.897803,s,294.246102,s,18934,
2026-05-12,15:28:39.149447,1778592519.149447,s,294.497746,s,18946,
2026-05-12,15:28:39.398162,1778592519.398162,s,294.746461,s,18947,
2026-05-12,15:28:39.649688,1778592519.649688,s,294.997987,s,18954,
2026-05-12,15:28:39.898647,1778592519.898647,s,295.246946,s,18958,
2026-05-12,15:28:40.150022,1778592520.150022,s,295.498321,s,18957,
2026-05-12,15:28:40.399034,1778592520.399034,s,295.747333,s,18959,
2026-05-12,15:28:40.650367,1778592520.650367,s,295.998666,s,18953,
2026-05-12,15:28:40.899525,1778592520.899525,s,296.247824,s,18972,
2026-05-12,15:28:41.150607,1778592521.150607,s,296.498906,s,18976,
2026-05-12,15:28:41.399884,1778592521.399884,s,296.748183,s,18974,
2026-05-12,15:28:41.650944,1778592521.650944,s,296.999243,s,18976,
2026-05-12,15:28:41.900241,1778592521.900241,s,297.24854,s,18992,
2026-05-12,15:28:42.151201,1778592522.151201,s,297.4995,s,18979,
2026-05-12,15:28:42.400608,1778592522.400608,s,297.748907,s,18999,
2026-05-12,15:28:42.651488,1778592522.651488,s,297.999787,s,18995,
2026-05-12,15:28:42.901123,1778592522.901123,s,298.249422,s,18997,
2026-05-12,15:28:43.151969,1778592523.151969,s,298.500268,s,18986,
2026-05-12,15:28:43.401575,1778592523.401575,s,298.749874,s,19005,
2026-05-12,15:28:43.652317,1778592523.652317,s,299.000616,s,19011,
2026-05-12,15:28:43.902038,1778592523.902038,s,299.250337,s,19010,
2026-05-12,15:28:44.152602,1778592524.152602,s,299.500901,s,19015,
2026-05-12,15:28:44.402471,1778592524.402471,s,299.75077,s,19015,
2026-05-12,15:28:44.652986,1778592524.652986,s,300.001285,s,19017,
2026-05-12,15:28:44.902920,1778592524.90292,s,300.251219,s,19023,
2026-05-12,15:28:45.153353,1778592525.153353,s,300.501652,s,19029,
2026-05-12,15:28:45.403387,1778592525.403387,s,300.751686,s,19041,
2026-05-12,15:28:45.653724,1778592525.653724,s,301.002023,s,19039,
2026-05-12,15:28:45.903839,1778592525.903839,s,301.252138,s,19032,
2026-05-12,15:28:46.154263,1778592526.154263,s,301.502562,s,19043,
2026-05-12,15:28:46.404192,1778592526.404192,s,301.752491,s,19046,
2026-05-12,15:28:46.654783,1778592526.654783,s,302.003082,s,19053,
2026-05-12,15:28:46.904535,1778592526.904535,s,302.252834,s,19050,
2026-05-12,15:28:47.155257,1778592527.155257,s,302.503556,s,19057,
2026-05-12,15:28:47.404914,1778592527.404914,s,302.753213,s,19051,
2026-05-12,15:28:47.655821,1778592527.655821,s,303.00412,s,19064,
2026-05-12,15:28:47.905312,1778592527.905312,s,303.253611,s,19069,
2026-05-12,15:28:48.156371,1778592528.156371,s,303.50467,s,19075,
2026-05-12,15:28:48.405570,1778592528.40557,s,303.753869,s,19070,
2026-05-12,15:28:48.656884,1778592528.656884,s,304.005183,s,19079,
2026-05-12,15:28:48.905828,1778592528.905828,s,304.254127,s,19090,
2026-05-12,15:28:49.157437,1778592529.157437,s,304.505736,s,19089,
2026-05-12,15:28:49.406132,1778592529.406132,s,304.754431,s,19087,
2026-05-12,15:28:49.657835,1778592529.657835,s,305.006134,s,19092,
2026-05-12,15:28:49.906364,1778592529.906364,s,305.254663,s,19097,
2026-05-12,15:28:50.158094,1778592530.158094,s,305.506393,s,19109,
2026-05-12,15:28:50.406866,1778592530.406866,s,305.755165,s,19111,
2026-05-12,15:28:50.658586,1778592530.658586,s,306.006885,s,19104,
2026-05-12,15:28:50.907398,1778592530.907398,s,306.255697,s,19112,
2026-05-12,15:28:51.158975,1778592531.158975,s,306.507274,s,19119,
2026-05-12,15:28:51.407899,1778592531.407899,s,306.756198,s,19126,
2026-05-12,15:28:51.659295,1778592531.659295,s,307.007594,s,19134,
2026-05-12,15:28:51.908251,1778592531.908251,s,307.25655,s,19143,
2026-05-12,15:28:52.159537,1778592532.159537,s,307.507836,s,19130,
2026-05-12,15:28:52.408755,1778592532.408755,s,307.757054,s,19141,
2026-05-12,15:28:52.659855,1778592532.659855,s,308.008154,s,19139,
2026-05-12,15:28:52.909248,1778592532.909248,s,308.257547,s,19147,
2026-05-12,15:28:53.160180,1778592533.16018,s,308.508479,s,19161,
2026-05-12,15:28:53.409760,1778592533.40976,s,308.758059,s,19162,
2026-05-12,15:28:53.660467,1778592533.660467,s,309.008766,s,19158,
2026-05-12,15:28:53.910257,1778592533.910257,s,309.258556,s,19174,
2026-05-12,15:28:54.160695,1778592534.160695,s,309.508994,s,19173,
2026-05-12,15:28:54.410777,1778592534.410777,s,309.759076,s,19173,
2026-05-12,15:28:54.661046,1778592534.661046,s,310.009345,s,19180,
2026-05-12,15:28:54.911242,1778592534.911242,s,310.259541,s,19189,
2026-05-12,15:28:55.161340,1778592535.16134,s,310.509639,s,19177,
2026-05-12,15:28:55.411808,1778592535.411808,s,310.760107,s,19191,
2026-05-12,15:28:55.661623,1778592535.661623,s,311.009922,s,19197,
2026-05-12,15:28:55.912277,1778592535.912277,s,311.260576,s,19183,
2026-05-12,15:28:56.162301,1778592536.162301,s,311.5106,s,19204,
2026-05-12,15:28:56.412775,1778592536.412775,s,311.761074,s,19207,
2026-05-12,15:28:56.662769,1778592536.662769,s,312.011068,s,19216,
2026-05-12,15:28:56.913222,1778592536.913222,s,312.261521,s,19216,
2026-05-12,15:28:57.163062,1778592537.163062,s,312.511361,s,19207,
2026-05-12,15:28:57.413708,1778592537.413708,s,312.762007,s,19220,
2026-05-12,15:28:57.663545,1778592537.663545,s,313.011844,s,19217,
2026-05-12,15:28:57.914154,1778592537.914154,s,313.262453,s,19229,
2026-05-12,15:28:58.163922,1778592538.163922,s,313.512221,s,19234,
2026-05-12,15:28:58.414584,1778592538.414584,s,313.762883,s,19224,
2026-05-12,15:28:58.664408,1778592538.664408,s,314.012707,s,19240,
2026-05-12,15:28:58.914985,1778592538.914985,s,314.263284,s,19238,
2026-05-12,15:28:59.164890,1778592539.16489,s,314.513189,s,19246,
2026-05-12,15:28:59.415332,1778592539.415332,s,314.763631,s,19239,
2026-05-12,15:28:59.665360,1778592539.66536,s,315.013659,s,19260,
2026-05-12,15:28:59.915594,1778592539.915594,s,315.263893,s,19262,
2026-05-12,15:29:00.165838,1778592540.165838,s,315.514137,s,19269,
2026-05-12,15:29:00.415930,1778592540.41593,s,315.764229,s,19268,
2026-05-12,15:29:00.666305,1778592540.666305,s,316.014604,s,19270,
2026-05-12,15:29:00.916267,1778592540.916267,s,316.264566,s,19277,
2026-05-12,15:29:01.166799,1778592541.166799,s,316.515098,s,19267,
2026-05-12,15:29:01.416544,1778592541.416544,s,316.764843,s,19280,
2026-05-12,15:29:01.667264,1778592541.667264,s,317.015563,s,19293,
2026-05-12,15:29:01.916796,1778592541.916796,s,317.265095,s,19285,
2026-05-12,15:29:02.167585,1778592542.167585,s,317.515884,s,19290,
2026-05-12,15:29:02.417105,1778592542.417105,s,317.765404,s,19303,
2026-05-12,15:29:02.668034,1778592542.668034,s,318.016333,s,19303,
2026-05-12,15:29:02.917409,1778592542.917409,s,318.265708,s,19301,
2026-05-12,15:29:03.168507,1778592543.168507,s,318.516806,s,19311,
2026-05-12,15:29:03.417924,1778592543.417924,s,318.766223,s,19314,
2026-05-12,15:29:03.669014,1778592543.669014,s,319.017313,s,19297,
2026-05-12,15:29:03.918435,1778592543.918435,s,319.266734,s,19309,
2026-05-12,15:29:04.169455,1778592544.169455,s,319.517754,s,19322,
2026-05-12,15:29:04.418959,1778592544.418959,s,319.767258,s,19323,
2026-05-12,15:29:04.669876,1778592544.669876,s,320.018175,s,19324,
2026-05-12,15:29:04.919319,1778592544.919319,s,320.267618,s,19333,
2026-05-12,15:29:05.170294,1778592545.170294,s,320.518593,s,19341,
2026-05-12,15:29:05.419601,1778592545.419601,s,320.7679,s,19345,
2026-05-12,15:29:05.670730,1778592545.67073,s,321.019029,s,19345,
2026-05-12,15:29:05.919965,1778592545.919965,s,321.268264,s,19351,
2026-05-12,15:29:06.171064,1778592546.171064,s,321.519363,s,19352,
2026-05-12,15:29:06.420334,1778592546.420334,s,321.768633,s,19357,
2026-05-12,15:29:06.671379,1778592546.671379,s,322.019678,s,19368,
2026-05-12,15:29:06.920717,1778592546.920717,s,322.269016,s,19358,
2026-05-12,15:29:07.171611,1778592547.171611,s,322.51991,s,19352,
2026-05-12,15:29:07.421233,1778592547.421233,s,322.769532,s,19374,
2026-05-12,15:29:07.672004,1778592547.672004,s,323.020303,s,19370,
2026-05-12,15:29:07.921717,1778592547.921717,s,323.270016,s,19369,
2026-05-12,15:29:08.172420,1778592548.17242,s,323.520719,s,19375,
2026-05-12,15:29:08.422235,1778592548.422235,s,323.770534,s,19383,
2026-05-12,15:29:08.672654,1778592548.672654,s,324.020953,s,19375,
2026-05-12,15:29:08.922724,1778592548.922724,s,324.271023,s,19380,
2026-05-12,15:29:09.172894,1778592549.172894,s,324.521193,s,19389,
2026-05-12,15:29:09.423192,1778592549.423192,s,324.771491,s,19379,
2026-05-12,15:29:09.673157,1778592549.673157,s,325.021456,s,19384,
2026-05-12,15:29:09.923708,1778592549.923708,s,325.272007,s,19395,
2026-05-12,15:29:10.173396,1778592550.173396,s,325.521695,s,19404,
2026-05-12,15:29:10.424157,1778592550.424157,s,325.772456,s,19380,
2026-05-12,15:29:10.673848,1778592550.673848,s,326.022147,s,19402,
2026-05-12,15:29:10.924650,1778592550.92465,s,326.272949,s,19397,
2026-05-12,15:29:11.174375,1778592551.174375,s,326.522674,s,19402,
2026-05-12,15:29:11.425079,1778592551.425079,s,326.773378,s,19397,
2026-05-12,15:29:11.674809,1778592551.674809,s,327.023108,s,19402,
2026-05-12,15:29:11.925516,1778592551.925516,s,327.273815,s,19404,
2026-05-12,15:29:12.175359,1778592552.175359,s,327.523658,s,19403,
2026-05-12,15:29:12.425933,1778592552.425933,s,327.774232,s,19403,
2026-05-12,15:29:12.675629,1778592552.675629,s,328.023928,s,19412,
2026-05-12,15:29:12.926368,1778592552.926368,s,328.274667,s,19400,
2026-05-12,15:29:13.176139,1778592553.176139,s,328.524438,s,19420,
2026-05-12,15:29:13.426602,1778592553.426602,s,328.774901,s,19410,
2026-05-12,15:29:13.676493,1778592553.676493,s,329.024792,s,19411,
2026-05-12,15:29:13.926929,1778592553.926929,s,329.275228,s,19402,
2026-05-12,15:29:14.176999,1778592554.176999,s,329.525298,s,19407,
2026-05-12,15:29:14.427258,1778592554.427258,s,329.775557,s,19428,
2026-05-12,15:29:14.677464,1778592554.677464,s,330.025763,s,19424,
2026-05-12,15:29:14.927478,1778592554.927478,s,330.275777,s,19430,
2026-05-12,15:29:15.177965,1778592555.177965,s,330.526264,s,19426,
2026-05-12,15:29:15.427797,1778592555.427797,s,330.776096,s,19424,
2026-05-12,15:29:15.678440,1778592555.67844,s,331.026739,s,19423,
2026-05-12,15:29:15.928130,1778592555.92813,s,331.276429,s,19442,
2026-05-12,15:29:16.178977,1778592556.178977,s,331.527276,s,19435,
2026-05-12,15:29:16.428465,1778592556.428465,s,331.776764,s,19427,
2026-05-12,15:29:16.679327,1778592556.679327,s,332.027626,s,19429,
2026-05-12,15:29:16.928808,1778592556.928808,s,332.277107,s,19432,
2026-05-12,15:29:17.179837,1778592557.179837,s,332.528136,s,19432,
2026-05-12,15:29:17.429136,1778592557.429136,s,332.777435,s,19436,
2026-05-12,15:29:17.680243,1778592557.680243,s,333.028542,s,19433,
2026-05-12,15:29:17.929808,1778592557.929808,s,333.278107,s,19429,
2026-05-12,15:29:18.180599,1778592558.180599,s,333.528898,s,19435,
2026-05-12,15:29:18.430361,1778592558.430361,s,333.77866,s,19444,
2026-05-12,15:29:18.681003,1778592558.681003,s,334.029302,s,19436,
2026-05-12,15:29:18.930872,1778592558.930872,s,334.279171,s,19446,
2026-05-12,15:29:19.181328,1778592559.181328,s,334.529627,s,19434,
2026-05-12,15:29:19.431401,1778592559.431401,s,334.7797,s,19445,
2026-05-12,15:29:19.681577,1778592559.681577,s,335.029876,s,19438,
2026-05-12,15:29:19.931871,1778592559.931871,s,335.28017,s,19440,
2026-05-12,15:29:20.181988,1778592560.181988,s,335.530287,s,19447,
2026-05-12,15:29:20.432376,1778592560.432376,s,335.780675,s,19446,
2026-05-12,15:29:20.682318,1778592560.682318,s,336.030617,s,19454,
2026-05-12,15:29:20.932840,1778592560.93284,s,336.281139,s,19454,
2026-05-12,15:29:21.182554,1778592561.182554,s,336.530853,s,19466,
2026-05-12,15:29:21.433399,1778592561.433399,s,336.781698,s,19458,
2026-05-12,15:29:21.682891,1778592561.682891,s,337.03119,s,19459,
2026-05-12,15:29:21.933859,1778592561.933859,s,337.282158,s,19466,
2026-05-12,15:29:22.183245,1778592562.183245,s,337.531544,s,19463,
2026-05-12,15:29:22.434353,1778592562.434353,s,337.782652,s,19459,
2026-05-12,15:29:22.683596,1778592562.683596,s,338.031895,s,19469,
2026-05-12,15:29:22.934816,1778592562.934816,s,338.283115,s,19459,
2026-05-12,15:29:23.183945,1778592563.183945,s,338.532244,s,19475,
2026-05-12,15:29:23.435263,1778592563.435263,s,338.783562,s,19468,
2026-05-12,15:29:23.684332,1778592563.684332,s,339.032631,s,19484,
2026-05-12,15:29:23.935766,1778592563.935766,s,339.284065,s,19458,
2026-05-12,15:29:24.184573,1778592564.184573,s,339.532872,s,19476,
2026-05-12,15:29:24.436284,1778592564.436284,s,339.784583,s,19473,
2026-05-12,15:29:24.684787,1778592564.684787,s,340.033086,s,19478,
2026-05-12,15:29:24.936764,1778592564.936764,s,340.285063,s,19479,
2026-05-12,15:29:25.185291,1778592565.185291,s,340.53359,s,19484,
2026-05-12,15:29:25.437243,1778592565.437243,s,340.785542,s,19490,
2026-05-12,15:29:25.685794,1778592565.685794,s,341.034093,s,19478,
2026-05-12,15:29:25.937700,1778592565.9377,s,341.285999,s,19490,
2026-05-12,15:29:26.186151,1778592566.186151,s,341.53445,s,19495,
2026-05-12,15:29:26.438141,1778592566.438141,s,341.78644,s,19488,
2026-05-12,15:29:26.686497,1778592566.686497,s,342.034796,s,19499,
2026-05-12,15:29:26.938587,1778592566.938587,s,342.286886,s,19505,
2026-05-12,15:29:27.186938,1778592567.186938,s,342.535237,s,19507,
2026-05-12,15:29:27.439009,1778592567.439009,s,342.787308,s,19510,
2026-05-12,15:29:27.687235,1778592567.687235,s,343.035534,s,19515,
2026-05-12,15:29:27.939433,1778592567.939433,s,343.287732,s,19519,
2026-05-12,15:29:28.187571,1778592568.187571,s,343.53587,s,19518,
2026-05-12,15:29:28.439657,1778592568.439657,s,343.787956,s,19523,
2026-05-12,15:29:28.688034,1778592568.688034,s,344.036333,s,19525,
2026-05-12,15:29:28.939986,1778592568.939986,s,344.288285,s,19530,
2026-05-12,15:29:29.188526,1778592569.188526,s,344.536825,s,19528,
2026-05-12,15:29:29.440319,1778592569.440319,s,344.788618,s,19534,
2026-05-12,15:29:29.688988,1778592569.688988,s,345.037287,s,19539,
2026-05-12,15:29:29.940556,1778592569.940556,s,345.288855,s,19549,
2026-05-12,15:29:30.189414,1778592570.189414,s,345.537713,s,19542,
2026-05-12,15:29:30.440877,1778592570.440877,s,345.789176,s,19554,
2026-05-12,15:29:30.689919,1778592570.689919,s,346.038218,s,19538,
2026-05-12,15:29:30.941202,1778592570.941202,s,346.289501,s,19559,
2026-05-12,15:29:31.190273,1778592571.190273,s,346.538572,s,19562,
2026-05-12,15:29:31.441480,1778592571.44148,s,346.789779,s,19557,
2026-05-12,15:29:31.690769,1778592571.690769,s,347.039068,s,19554,
2026-05-12,15:29:31.941768,1778592571.941768,s,347.290067,s,19561,
2026-05-12,15:29:32.191226,1778592572.191226,s,347.539525,s,19573,
2026-05-12,15:29:32.442235,1778592572.442235,s,347.790534,s,19571,
2026-05-12,15:29:32.691719,1778592572.691719,s,348.040018,s,19581,
2026-05-12,15:29:32.942811,1778592572.942811,s,348.29111,s,19585,
2026-05-12,15:29:33.192172,1778592573.192172,s,348.540471,s,19586,
2026-05-12,15:29:33.443336,1778592573.443336,s,348.791635,s,19593,
2026-05-12,15:29:33.692599,1778592573.692599,s,349.040898,s,19591,
2026-05-12,15:29:33.943879,1778592573.943879,s,349.292178,s,19589,
2026-05-12,15:29:34.193018,1778592574.193018,s,349.541317,s,19582,
2026-05-12,15:29:34.444390,1778592574.44439,s,349.792689,s,19585,
2026-05-12,15:29:34.693414,1778592574.693414,s,350.041713,s,19614,
2026-05-12,15:29:34.944920,1778592574.94492,s,350.293219,s,19620,
2026-05-12,15:29:35.193776,1778592575.193776,s,350.542075,s,19630,
2026-05-12,15:29:35.445393,1778592575.445393,s,350.793692,s,19617,
2026-05-12,15:29:35.694121,1778592575.694121,s,351.04242,s,19598,
2026-05-12,15:29:35.945869,1778592575.945869,s,351.294168,s,19595,
2026-05-12,15:29:36.194445,1778592576.194445,s,351.542744,s,19609,
2026-05-12,15:29:36.446431,1778592576.446431,s,351.79473,s,19621,
2026-05-12,15:29:36.694771,1778592576.694771,s,352.04307,s,19611,
2026-05-12,15:29:36.946899,1778592576.946899,s,352.295198,s,19614,
2026-05-12,15:29:37.195097,1778592577.195097,s,352.543396,s,19630,
2026-05-12,15:29:37.447380,1778592577.44738,s,352.795679,s,19631,
2026-05-12,15:29:37.695418,1778592577.695418,s,353.043717,s,19631,
2026-05-12,15:29:37.947895,1778592577.947895,s,353.296194,s,19646,
2026-05-12,15:29:38.195662,1778592578.195662,s,353.543961,s,19654,
2026-05-12,15:29:38.448397,1778592578.448397,s,353.796696,s,19642,
2026-05-12,15:29:38.695964,1778592578.695964,s,354.044263,s,19653,
2026-05-12,15:29:38.948900,1778592578.9489,s,354.297199,s,19651,
2026-05-12,15:29:39.196190,1778592579.19619,s,354.544489,s,19651,
2026-05-12,15:29:39.449376,1778592579.449376,s,354.797675,s,19657,
2026-05-12,15:29:39.696678,1778592579.696678,s,355.044977,s,19649,
2026-05-12,15:29:39.949655,1778592579.949655,s,355.297954,s,19655,
2026-05-12,15:29:40.197128,1778592580.197128,s,355.545427,s,19640,
2026-05-12,15:29:40.450093,1778592580.450093,s,355.798392,s,19664,
2026-05-12,15:29:40.697668,1778592580.697668,s,356.045967,s,19653,
2026-05-12,15:29:40.950505,1778592580.950505,s,356.298804,s,19670,
2026-05-12,15:29:41.198101,1778592581.198101,s,356.5464,s,19663,
2026-05-12,15:29:41.450946,1778592581.450946,s,356.799245,s,19669,
2026-05-12,15:29:41.698655,1778592581.698655,s,357.046954,s,19659,
2026-05-12,15:29:41.951288,1778592581.951288,s,357.299587,s,19666,
2026-05-12,15:29:42.199139,1778592582.199139,s,357.547438,s,19682,
2026-05-12,15:29:42.451726,1778592582.451726,s,357.800025,s,19677,
2026-05-12,15:29:42.699673,1778592582.699673,s,358.047972,s,19681,
2026-05-12,15:29:42.952046,1778592582.952046,s,358.300345,s,19691,
2026-05-12,15:29:43.199948,1778592583.199948,s,358.548247,s,19706,
2026-05-12,15:29:43.452382,1778592583.452382,s,358.800681,s,19700,
2026-05-12,15:29:43.700447,1778592583.700447,s,359.048746,s,19694,
2026-05-12,15:29:43.952619,1778592583.952619,s,359.300918,s,19699,
2026-05-12,15:29:44.200929,1778592584.200929,s,359.549228,s,19694,
2026-05-12,15:29:44.452935,1778592584.452935,s,359.801234,s,19705,
2026-05-12,15:29:44.701407,1778592584.701407,s,360.049706,s,19695,
2026-05-12,15:29:44.953273,1778592584.953273,s,360.301572,s,19698,
2026-05-12,15:29:45.201958,1778592585.201958,s,360.550257,s,19703,
2026-05-12,15:29:45.453517,1778592585.453517,s,360.801816,s,19708,
2026-05-12,15:29:45.702446,1778592585.702446,s,361.050745,s,19724,
2026-05-12,15:29:45.953956,1778592585.953956,s,361.302255,s,19703,
2026-05-12,15:29:46.202995,1778592586.202995,s,361.551294,s,19721,
2026-05-12,15:29:46.454237,1778592586.454237,s,361.802536,s,19721,
2026-05-12,15:29:46.703526,1778592586.703526,s,362.051825,s,19731,
2026-05-12,15:29:46.954563,1778592586.954563,s,362.302862,s,19735,
2026-05-12,15:29:47.203892,1778592587.203892,s,362.552191,s,19738,
2026-05-12,15:29:47.455090,1778592587.45509,s,362.803389,s,19733,
2026-05-12,15:29:47.704379,1778592587.704379,s,363.052678,s,19738,
2026-05-12,15:29:47.955368,1778592587.955368,s,363.303667,s,19735,
2026-05-12,15:29:48.204671,1778592588.204671,s,363.55297,s,19746,
2026-05-12,15:29:48.455846,1778592588.455846,s,363.804145,s,19736,
2026-05-12,15:29:48.705123,1778592588.705123,s,364.053422,s,19746,
2026-05-12,15:29:48.956379,1778592588.956379,s,364.304678,s,19752,
2026-05-12,15:29:49.205607,1778592589.205607,s,364.553906,s,19766,
2026-05-12,15:29:49.456848,1778592589.456848,s,364.805147,s,19766,
2026-05-12,15:29:49.706006,1778592589.706006,s,365.054305,s,19763,
2026-05-12,15:29:49.957290,1778592589.95729,s,365.305589,s,19754,
2026-05-12,15:29:50.206359,1778592590.206359,s,365.554658,s,19765,
2026-05-12,15:29:50.457864,1778592590.457864,s,365.806163,s,19772,
2026-05-12,15:29:50.706607,1778592590.706607,s,366.054906,s,19770,
2026-05-12,15:29:50.958359,1778592590.958359,s,366.306658,s,19778,
2026-05-12,15:29:51.206971,1778592591.206971,s,366.55527,s,19774,
2026-05-12,15:29:51.458834,1778592591.458834,s,366.807133,s,19786,
2026-05-12,15:29:51.707437,1778592591.707437,s,367.055736,s,19785,
2026-05-12,15:29:51.959294,1778592591.959294,s,367.307593,s,19782,
2026-05-12,15:29:52.207783,1778592592.207783,s,367.556082,s,19786,
2026-05-12,15:29:52.459834,1778592592.459834,s,367.808133,s,19798,
2026-05-12,15:29:52.708134,1778592592.708134,s,368.056433,s,19797,
2026-05-12,15:29:52.960310,1778592592.96031,s,368.308609,s,19799,
2026-05-12,15:29:53.208397,1778592593.208397,s,368.556696,s,19806,
2026-05-12,15:29:53.460842,1778592593.460842,s,368.809141,s,19815,
2026-05-12,15:29:53.708615,1778592593.708615,s,369.056914,s,19827,
2026-05-12,15:29:53.961409,1778592593.961409,s,369.309708,s,19844,
2026-05-12,15:29:54.209088,1778592594.209088,s,369.557387,s,19836,
2026-05-12,15:29:54.461888,1778592594.461888,s,369.810187,s,19843,
2026-05-12,15:29:54.709599,1778592594.709599,s,370.057898,s,19836,
2026-05-12,15:29:54.962375,1778592594.962375,s,370.310674,s,19843,
2026-05-12,15:29:55.209976,1778592595.209976,s,370.558275,s,19834,
2026-05-12,15:29:55.462807,1778592595.462807,s,370.811106,s,19851,
2026-05-12,15:29:55.710480,1778592595.71048,s,371.058779,s,19856,
2026-05-12,15:29:55.963179,1778592595.963179,s,371.311478,s,19845,
2026-05-12,15:29:56.211021,1778592596.211021,s,371.55932,s,19858,
2026-05-12,15:29:56.463478,1778592596.463478,s,371.811777,s,19858,
2026-05-12,15:29:56.711514,1778592596.711514,s,372.059813,s,19864,
2026-05-12,15:29:56.963846,1778592596.963846,s,372.312145,s,19855,
2026-05-12,15:29:57.211898,1778592597.211898,s,372.560197,s,19862,
2026-05-12,15:29:57.464254,1778592597.464254,s,372.812553,s,19870,
2026-05-12,15:29:57.712382,1778592597.712382,s,373.060681,s,19855,
2026-05-12,15:29:57.964543,1778592597.964543,s,373.312842,s,19865,
2026-05-12,15:29:58.212800,1778592598.2128,s,373.561099,s,19870,
2026-05-12,15:29:58.464866,1778592598.464866,s,373.813165,s,19874,
2026-05-12,15:29:58.713269,1778592598.713269,s,374.061568,s,19883,
2026-05-12,15:29:58.965196,1778592598.965196,s,374.313495,s,19879,
2026-05-12,15:29:59.213824,1778592599.213824,s,374.562123,s,19891,
2026-05-12,15:29:59.465480,1778592599.46548,s,374.813779,s,19877,
2026-05-12,15:29:59.714371,1778592599.714371,s,375.06267,s,19890,
2026-05-12,15:29:59.965702,1778592599.965702,s,375.314001,s,19895,
2026-05-12,15:30:00.214632,1778592600.214632,s,375.562931,s,19895,
2026-05-12,15:30:00.465961,1778592600.465961,s,375.81426,s,19895,
2026-05-12,15:30:00.715037,1778592600.715037,s,376.063336,s,19893,
2026-05-12,15:30:00.966195,1778592600.966195,s,376.314494,s,19896,
2026-05-12,15:30:01.215401,1778592601.215401,s,376.5637,s,19897,
2026-05-12,15:30:01.466702,1778592601.466702,s,376.815001,s,19909,
2026-05-12,15:30:01.715937,1778592601.715937,s,377.064236,s,19923,
2026-05-12,15:30:01.967072,1778592601.967072,s,377.315371,s,19907,
2026-05-12,15:30:02.216391,1778592602.216391,s,377.56469,s,19916,
2026-05-12,15:30:02.467584,1778592602.467584,s,377.815883,s,19913,
2026-05-12,15:30:02.716810,1778592602.71681,s,378.065109,s,19922,
2026-05-12,15:30:02.968094,1778592602.968094,s,378.316393,s,19941,
2026-05-12,15:30:03.217081,1778592603.217081,s,378.56538,s,19944,
2026-05-12,15:30:03.468576,1778592603.468576,s,378.816875,s,19941,
2026-05-12,15:30:03.717476,1778592603.717476,s,379.065775,s,19948,
2026-05-12,15:30:03.969057,1778592603.969057,s,379.317356,s,19957,
2026-05-12,15:30:04.217806,1778592604.217806,s,379.566105,s,19948,
2026-05-12,15:30:04.469559,1778592604.469559,s,379.817858,s,19953,
2026-05-12,15:30:04.718213,1778592604.718213,s,380.066512,s,19947,
2026-05-12,15:30:04.970059,1778592604.970059,s,380.318358,s,19966,
2026-05-12,15:30:05.218497,1778592605.218497,s,380.566796,s,19957,
2026-05-12,15:30:05.470565,1778592605.470565,s,380.818864,s,19980,
2026-05-12,15:30:05.718887,1778592605.718887,s,381.067186,s,19976,
2026-05-12,15:30:05.971041,1778592605.971041,s,381.31934,s,19965,
2026-05-12,15:30:06.219226,1778592606.219226,s,381.567525,s,19971,
2026-05-12,15:30:06.471575,1778592606.471575,s,381.819874,s,19975,
2026-05-12,15:30:06.719471,1778592606.719471,s,382.06777,s,19978,
2026-05-12,15:30:06.972153,1778592606.972153,s,382.320452,s,19979,
2026-05-12,15:30:07.219812,1778592607.219812,s,382.568111,s,19986,
2026-05-12,15:30:07.472393,1778592607.472393,s,382.820692,s,19980,
2026-05-12,15:30:07.720132,1778592607.720132,s,383.068431,s,19978,
2026-05-12,15:30:07.972656,1778592607.972656,s,383.320955,s,19967,
2026-05-12,15:30:08.220481,1778592608.220481,s,383.56878,s,19973,
2026-05-12,15:30:08.473131,1778592608.473131,s,383.82143,s,19986,
2026-05-12,15:30:08.720996,1778592608.720996,s,384.069295,s,19995,
2026-05-12,15:30:08.973573,1778592608.973573,s,384.321872,s,20008,
2026-05-12,15:30:09.221507,1778592609.221507,s,384.569806,s,20024,
2026-05-12,15:30:09.473989,1778592609.473989,s,384.822288,s,20009,
2026-05-12,15:30:09.722031,1778592609.722031,s,385.07033,s,20009,
2026-05-12,15:30:09.974406,1778592609.974406,s,385.322705,s,19994,
2026-05-12,15:30:10.222522,1778592610.222522,s,385.570821,s,19995,
2026-05-12,15:30:10.474654,1778592610.474654,s,385.822953,s,19979,
2026-05-12,15:30:10.723034,1778592610.723034,s,386.071333,s,19988,
2026-05-12,15:30:10.975082,1778592610.975082,s,386.323381,s,19981,
2026-05-12,15:30:11.223504,1778592611.223504,s,386.571803,s,19987,
2026-05-12,15:30:11.475522,1778592611.475522,s,386.823821,s,19999,
2026-05-12,15:30:11.723853,1778592611.723853,s,387.072152,s,20007,
2026-05-12,15:30:11.975870,1778592611.97587,s,387.324169,s,19996,
2026-05-12,15:30:12.224385,1778592612.224385,s,387.572684,s,19998,
2026-05-12,15:30:12.476215,1778592612.476215,s,387.824514,s,19993,
2026-05-12,15:30:12.724940,1778592612.72494,s,388.073239,s,19999,
2026-05-12,15:30:12.976462,1778592612.976462,s,388.324761,s,19992,
2026-05-12,15:30:13.225440,1778592613.22544,s,388.573739,s,20009,
2026-05-12,15:30:13.476700,1778592613.4767,s,388.824999,s,20017,
2026-05-12,15:30:13.725931,1778592613.725931,s,389.07423,s,20002,
2026-05-12,15:30:13.977050,1778592613.97705,s,389.325349,s,20024,
2026-05-12,15:30:14.226462,1778592614.226462,s,389.574761,s,20016,
2026-05-12,15:30:14.477375,1778592614.477375,s,389.825674,s,20032,
2026-05-12,15:30:14.726997,1778592614.726997,s,390.075296,s,20017,
2026-05-12,15:30:14.977600,1778592614.9776,s,390.325899,s,20026,
2026-05-12,15:30:15.227520,1778592615.22752,s,390.575819,s,20013,
2026-05-12,15:30:15.478009,1778592615.478009,s,390.826308,s,20024,
2026-05-12,15:30:15.727878,1778592615.727878,s,391.076177,s,20023,
2026-05-12,15:30:15.978369,1778592615.978369,s,391.326668,s,20039,
2026-05-12,15:30:16.228291,1778592616.228291,s,391.57659,s,20030,
2026-05-12,15:30:16.478619,1778592616.478619,s,391.826918,s,20036,
2026-05-12,15:30:16.728697,1778592616.728697,s,392.076996,s,20038,
2026-05-12,15:30:16.979112,1778592616.979112,s,392.327411,s,20038,
2026-05-12,15:30:17.229106,1778592617.229106,s,392.577405,s,20039,
2026-05-12,15:30:17.479618,1778592617.479618,s,392.827917,s,20042,
2026-05-12,15:30:17.729517,1778592617.729517,s,393.077816,s,20038,
2026-05-12,15:30:17.980148,1778592617.980148,s,393.328447,s,20053,
2026-05-12,15:30:18.229854,1778592618.229854,s,393.578153,s,20050,
2026-05-12,15:30:18.480636,1778592618.480636,s,393.828935,s,20069,
2026-05-12,15:30:18.730194,1778592618.730194,s,394.078493,s,20060,
2026-05-12,15:30:18.981113,1778592618.981113,s,394.329412,s,20069,
2026-05-12,15:30:19.230468,1778592619.230468,s,394.578767,s,20079,
2026-05-12,15:30:19.481572,1778592619.481572,s,394.829871,s,20070,
2026-05-12,15:30:19.730801,1778592619.730801,s,395.0791,s,20077,
2026-05-12,15:30:19.982062,1778592619.982062,s,395.330361,s,20068,
2026-05-12,15:30:20.231139,1778592620.231139,s,395.579438,s,20068,
2026-05-12,15:30:20.482605,1778592620.482605,s,395.830904,s,20071,
2026-05-12,15:30:20.731458,1778592620.731458,s,396.079757,s,20074,
2026-05-12,15:30:20.983152,1778592620.983152,s,396.331451,s,20085,
2026-05-12,15:30:21.231802,1778592621.231802,s,396.580101,s,20085,
2026-05-12,15:30:21.483687,1778592621.483687,s,396.831986,s,20086,
2026-05-12,15:30:21.732108,1778592621.732108,s,397.080407,s,20102,
2026-05-12,15:30:21.984180,1778592621.98418,s,397.332479,s,20091,
2026-05-12,15:30:22.232607,1778592622.232607,s,397.580906,s,20101,
2026-05-12,15:30:22.484705,1778592622.484705,s,397.833004,s,20099,
2026-05-12,15:30:22.733115,1778592622.733115,s,398.081414,s,20114,
2026-05-12,15:30:22.985133,1778592622.985133,s,398.333432,s,20098,
2026-05-12,15:30:23.233577,1778592623.233577,s,398.581876,s,20107,
2026-05-12,15:30:23.485596,1778592623.485596,s,398.833895,s,20124,
2026-05-12,15:30:23.734128,1778592623.734128,s,399.082427,s,20101,
2026-05-12,15:30:23.985969,1778592623.985969,s,399.334268,s,20124,
2026-05-12,15:30:24.234663,1778592624.234663,s,399.582962,s,20122,
2026-05-12,15:30:24.486403,1778592624.486403,s,399.834702,s,20131,
2026-05-12,15:30:24.735195,1778592624.735195,s,400.083494,s,20123,
2026-05-12,15:30:24.986838,1778592624.986838,s,400.335137,s,20114,
2026-05-12,15:30:25.235929,1778592625.235929,s,400.584228,s,20134,
2026-05-12,15:30:25.487178,1778592625.487178,s,400.835477,s,20127,
2026-05-12,15:30:25.736418,1778592625.736418,s,401.084717,s,20130,
2026-05-12,15:30:25.987470,1778592625.98747,s,401.335769,s,20139,
2026-05-12,15:30:26.236954,1778592626.236954,s,401.585253,s,20147,
2026-05-12,15:30:26.487811,1778592626.487811,s,401.83611,s,20147,
2026-05-12,15:30:26.737483,1778592626.737483,s,402.085782,s,20156,
2026-05-12,15:30:26.988144,1778592626.988144,s,402.336443,s,20155,
2026-05-12,15:30:27.238039,1778592627.238039,s,402.586338,s,20146,
2026-05-12,15:30:27.488480,1778592627.48848,s,402.836779,s,20159,
2026-05-12,15:30:27.738538,1778592627.738538,s,403.086837,s,20145,
2026-05-12,15:30:27.988839,1778592627.988839,s,403.337138,s,20149,
2026-05-12,15:30:28.239099,1778592628.239099,s,403.587398,s,20152,
2026-05-12,15:30:28.489194,1778592628.489194,s,403.837493,s,20174,
2026-05-12,15:30:28.739589,1778592628.739589,s,404.087888,s,20164,
2026-05-12,15:30:28.989535,1778592628.989535,s,404.337834,s,20181,
2026-05-12,15:30:29.240167,1778592629.240167,s,404.588466,s,20182,
2026-05-12,15:30:29.490081,1778592629.490081,s,404.83838,s,20177,
2026-05-12,15:30:29.740488,1778592629.740488,s,405.088787,s,20184,
2026-05-12,15:30:29.990639,1778592629.990639,s,405.338938,s,20192,
2026-05-12,15:30:30.240945,1778592630.240945,s,405.589244,s,20186,
2026-05-12,15:30:30.491128,1778592630.491128,s,405.839427,s,20187,
2026-05-12,15:30:30.741371,1778592630.741371,s,406.08967,s,20193,
2026-05-12,15:30:30.991650,1778592630.99165,s,406.339949,s,20202,
2026-05-12,15:30:31.241865,1778592631.241865,s,406.590164,s,20189,
2026-05-12,15:30:31.492174,1778592631.492174,s,406.840473,s,20201,
2026-05-12,15:30:31.742304,1778592631.742304,s,407.090603,s,20208,
2026-05-12,15:30:31.992641,1778592631.992641,s,407.34094,s,20206,
2026-05-12,15:30:32.242741,1778592632.242741,s,407.59104,s,20210,
2026-05-12,15:30:32.493107,1778592632.493107,s,407.841406,s,20209,
2026-05-12,15:30:32.743157,1778592632.743157,s,408.091456,s,20218,
2026-05-12,15:30:32.993570,1778592632.99357,s,408.341869,s,20217,
2026-05-12,15:30:33.243497,1778592633.243497,s,408.591796,s,20220,
2026-05-12,15:30:33.493984,1778592633.493984,s,408.842283,s,20221,
2026-05-12,15:30:33.743836,1778592633.743836,s,409.092135,s,20221,
2026-05-12,15:30:33.994266,1778592633.994266,s,409.342565,s,20225,
2026-05-12,15:30:34.244316,1778592634.244316,s,409.592615,s,20226,
2026-05-12,15:30:34.494832,1778592634.494832,s,409.843131,s,20235,
2026-05-12,15:30:34.744621,1778592634.744621,s,410.09292,s,20234,
2026-05-12,15:30:34.995337,1778592634.995337,s,410.343636,s,20229,
2026-05-12,15:30:35.244977,1778592635.244977,s,410.593276,s,20243,
2026-05-12,15:30:35.495873,1778592635.495873,s,410.844172,s,20239,
2026-05-12,15:30:35.745416,1778592635.745416,s,411.093715,s,20260,
2026-05-12,15:30:35.996366,1778592635.996366,s,411.344665,s,20277,
2026-05-12,15:30:36.245742,1778592636.245742,s,411.594041,s,20271,
2026-05-12,15:30:36.496869,1778592636.496869,s,411.845168,s,20272,
2026-05-12,15:30:36.746088,1778592636.746088,s,412.094387,s,20268,
2026-05-12,15:30:36.997411,1778592636.997411,s,412.34571,s,20275,
2026-05-12,15:30:37.246605,1778592637.246605,s,412.594904,s,20274,
2026-05-12,15:30:37.497884,1778592637.497884,s,412.846183,s,20278,
2026-05-12,15:30:37.747153,1778592637.747153,s,413.095452,s,20270,
2026-05-12,15:30:37.998330,1778592637.99833,s,413.346629,s,20275,
2026-05-12,15:30:38.247489,1778592638.247489,s,413.595788,s,20274,
2026-05-12,15:30:38.498796,1778592638.498796,s,413.847095,s,20279,
2026-05-12,15:30:38.747985,1778592638.747985,s,414.096284,s,20270,
2026-05-12,15:30:38.999233,1778592638.999233,s,414.347532,s,20276,
2026-05-12,15:30:39.248520,1778592639.24852,s,414.596819,s,20289,
2026-05-12,15:30:39.499677,1778592639.499677,s,414.847976,s,20283,
2026-05-12,15:30:39.749005,1778592639.749005,s,415.097304,s,20299,
2026-05-12,15:30:40.000083,1778592640.000083,s,415.348382,s,20298,
2026-05-12,15:30:40.249503,1778592640.249503,s,415.597802,s,20296,
2026-05-12,15:30:40.500429,1778592640.500429,s,415.848728,s,20297,
2026-05-12,15:30:40.749987,1778592640.749987,s,416.098286,s,20312,
2026-05-12,15:30:41.000697,1778592641.000697,s,416.348996,s,20330,
2026-05-12,15:30:41.250388,1778592641.250388,s,416.598687,s,20319,
2026-05-12,15:30:41.501040,1778592641.50104,s,416.849339,s,20346,
2026-05-12,15:30:41.750859,1778592641.750859,s,417.099158,s,20339,
2026-05-12,15:30:42.001395,1778592642.001395,s,417.349694,s,20339,
2026-05-12,15:30:42.251354,1778592642.251354,s,417.599653,s,20346,
2026-05-12,15:30:42.501645,1778592642.501645,s,417.849944,s,20305,
2026-05-12,15:30:42.751878,1778592642.751878,s,418.100177,s,20309,
2026-05-12,15:30:43.001996,1778592643.001996,s,418.350295,s,20302,
2026-05-12,15:30:43.252465,1778592643.252465,s,418.600764,s,20317,
2026-05-12,15:30:43.502332,1778592643.502332,s,418.850631,s,20330,
2026-05-12,15:30:43.753016,1778592643.753016,s,419.101315,s,20331,
2026-05-12,15:30:44.002625,1778592644.002625,s,419.350924,s,20334,
2026-05-12,15:30:44.253524,1778592644.253524,s,419.601823,s,20351,
2026-05-12,15:30:44.502897,1778592644.502897,s,419.851196,s,20350,
2026-05-12,15:30:44.754008,1778592644.754008,s,420.102307,s,20345,
2026-05-12,15:30:45.003444,1778592645.003444,s,420.351743,s,20327,
2026-05-12,15:30:45.254600,1778592645.2546,s,420.602899,s,20351,
2026-05-12,15:30:45.503971,1778592645.503971,s,420.85227,s,20341,
2026-05-12,15:30:45.755050,1778592645.75505,s,421.103349,s,20355,
2026-05-12,15:30:46.004457,1778592646.004457,s,421.352756,s,20348,
2026-05-12,15:30:46.255479,1778592646.255479,s,421.603778,s,20352,
2026-05-12,15:30:46.505007,1778592646.505007,s,421.853306,s,20356,
2026-05-12,15:30:46.755910,1778592646.75591,s,422.104209,s,20358,
2026-05-12,15:30:47.005534,1778592647.005534,s,422.353833,s,20371,
2026-05-12,15:30:47.256338,1778592647.256338,s,422.604637,s,20363,
2026-05-12,15:30:47.506047,1778592647.506047,s,422.854346,s,20375,
2026-05-12,15:30:47.756791,1778592647.756791,s,423.10509,s,20378,
2026-05-12,15:30:48.006551,1778592648.006551,s,423.35485,s,20366,
2026-05-12,15:30:48.257153,1778592648.257153,s,423.605452,s,20379,
2026-05-12,15:30:48.507050,1778592648.50705,s,423.855349,s,20377,
2026-05-12,15:30:48.757477,1778592648.757477,s,424.105776,s,20373,
2026-05-12,15:30:49.007599,1778592649.007599,s,424.355898,s,20388,
2026-05-12,15:30:49.257879,1778592649.257879,s,424.606178,s,20393,
2026-05-12,15:30:49.508098,1778592649.508098,s,424.856397,s,20399,
2026-05-12,15:30:49.758275,1778592649.758275,s,425.106574,s,20392,
2026-05-12,15:30:50.008587,1778592650.008587,s,425.356886,s,20406,
2026-05-12,15:30:50.258545,1778592650.258545,s,425.606844,s,20400,
2026-05-12,15:30:50.509053,1778592650.509053,s,425.857352,s,20406,
2026-05-12,15:30:50.758848,1778592650.758848,s,426.107147,s,20401,
2026-05-12,15:30:51.009521,1778592651.009521,s,426.35782,s,20412,
2026-05-12,15:30:51.259139,1778592651.259139,s,426.607438,s,20409,
2026-05-12,15:30:51.509982,1778592651.509982,s,426.858281,s,20422,
2026-05-12,15:30:51.759469,1778592651.759469,s,427.107768,s,20425,
2026-05-12,15:30:52.010461,1778592652.010461,s,427.35876,s,20426,
2026-05-12,15:30:52.260004,1778592652.260004,s,427.608303,s,20429,
2026-05-12,15:30:52.510934,1778592652.510934,s,427.859233,s,20431,
2026-05-12,15:30:52.760631,1778592652.760631,s,428.10893,s,20428,
2026-05-12,15:30:53.011361,1778592653.011361,s,428.35966,s,20437,
2026-05-12,15:30:53.260974,1778592653.260974,s,428.609273,s,20432,
2026-05-12,15:30:53.511786,1778592653.511786,s,428.860085,s,20443,
2026-05-12,15:30:53.761332,1778592653.761332,s,429.109631,s,20440,
2026-05-12,15:30:54.012207,1778592654.012207,s,429.360506,s,20452,
2026-05-12,15:30:54.261603,1778592654.261603,s,429.609902,s,20454,
2026-05-12,15:30:54.512654,1778592654.512654,s,429.860953,s,20460,
2026-05-12,15:30:54.761992,1778592654.761992,s,430.110291,s,20460,
2026-05-12,15:30:55.013091,1778592655.013091,s,430.36139,s,20462,
2026-05-12,15:30:55.262369,1778592655.262369,s,430.610668,s,20476,
2026-05-12,15:30:55.513451,1778592655.513451,s,430.86175,s,20462,
2026-05-12,15:30:55.762920,1778592655.76292,s,431.111219,s,20469,
2026-05-12,15:30:56.013711,1778592656.013711,s,431.36201,s,20472,
2026-05-12,15:30:56.263472,1778592656.263472,s,431.611771,s,20481,
2026-05-12,15:30:56.514033,1778592656.514033,s,431.862332,s,20477,
2026-05-12,15:30:56.764022,1778592656.764022,s,432.112321,s,20488,
2026-05-12,15:30:57.014391,1778592657.014391,s,432.36269,s,20494,
2026-05-12,15:30:57.264567,1778592657.264567,s,432.612866,s,20488,
2026-05-12,15:30:57.514643,1778592657.514643,s,432.862942,s,20490,
2026-05-12,15:30:57.765045,1778592657.765045,s,433.113344,s,20502,
2026-05-12,15:30:58.015003,1778592658.015003,s,433.363302,s,20498,
2026-05-12,15:30:58.265543,1778592658.265543,s,433.613842,s,20501,
2026-05-12,15:30:58.515283,1778592658.515283,s,433.863582,s,20503,
2026-05-12,15:30:58.766079,1778592658.766079,s,434.114378,s,20504,
2026-05-12,15:30:59.015566,1778592659.015566,s,434.363865,s,20499,
2026-05-12,15:30:59.266567,1778592659.266567,s,434.614866,s,20509,
2026-05-12,15:30:59.516099,1778592659.516099,s,434.864398,s,20525,
2026-05-12,15:30:59.767151,1778592659.767151,s,435.11545,s,20522,
2026-05-12,15:31:00.016543,1778592660.016543,s,435.364842,s,20531,
2026-05-12,15:31:00.267685,1778592660.267685,s,435.615984,s,20533,
2026-05-12,15:31:00.517062,1778592660.517062,s,435.865361,s,20533,
2026-05-12,15:31:00.768133,1778592660.768133,s,436.116432,s,20529,
2026-05-12,15:31:01.017563,1778592661.017563,s,436.365862,s,20534,
2026-05-12,15:31:01.268586,1778592661.268586,s,436.616885,s,20532,
2026-05-12,15:31:01.518083,1778592661.518083,s,436.866382,s,20542,
2026-05-12,15:31:01.769069,1778592661.769069,s,437.117368,s,20553,
2026-05-12,15:31:02.018619,1778592662.018619,s,437.366918,s,20557,
2026-05-12,15:31:02.269498,1778592662.269498,s,437.617797,s,20545,
2026-05-12,15:31:02.519164,1778592662.519164,s,437.867463,s,20556,
2026-05-12,15:31:02.769833,1778592662.769833,s,438.118132,s,20561,
2026-05-12,15:31:03.019665,1778592663.019665,s,438.367964,s,20559,
2026-05-12,15:31:03.270167,1778592663.270167,s,438.618466,s,20566,
2026-05-12,15:31:03.520145,1778592663.520145,s,438.868444,s,20565,
2026-05-12,15:31:03.770478,1778592663.770478,s,439.118777,s,20562,
2026-05-12,15:31:04.020723,1778592664.020723,s,439.369022,s,20579,
2026-05-12,15:31:04.270815,1778592664.270815,s,439.619114,s,20574,
2026-05-12,15:31:04.521190,1778592664.52119,s,439.869489,s,20595,
2026-05-12,15:31:04.771187,1778592664.771187,s,440.119486,s,20591,
2026-05-12,15:31:05.021726,1778592665.021726,s,440.370025,s,20597,
2026-05-12,15:31:05.271484,1778592665.271484,s,440.619783,s,20599,
2026-05-12,15:31:05.522180,1778592665.52218,s,440.870479,s,20598,
2026-05-12,15:31:05.771725,1778592665.771725,s,441.120024,s,20598,
2026-05-12,15:31:06.022706,1778592666.022706,s,441.371005,s,20609,
2026-05-12,15:31:06.271984,1778592666.271984,s,441.620283,s,20603,
2026-05-12,15:31:06.523190,1778592666.52319,s,441.871489,s,20608,
2026-05-12,15:31:06.772411,1778592666.772411,s,442.12071,s,20611,
2026-05-12,15:31:07.023759,1778592667.023759,s,442.372058,s,20620,
2026-05-12,15:31:07.272931,1778592667.272931,s,442.62123,s,20610,
2026-05-12,15:31:07.524226,1778592667.524226,s,442.872525,s,20620,
2026-05-12,15:31:07.773377,1778592667.773377,s,443.121676,s,20629,
2026-05-12,15:31:08.024710,1778592668.02471,s,443.373009,s,20624,
2026-05-12,15:31:08.273846,1778592668.273846,s,443.622145,s,20625,
2026-05-12,15:31:08.525131,1778592668.525131,s,443.87343,s,20615,
2026-05-12,15:31:08.774333,1778592668.774333,s,444.122632,s,20628,
2026-05-12,15:31:09.025552,1778592669.025552,s,444.373851,s,20625,
2026-05-12,15:31:09.274853,1778592669.274853,s,444.623152,s,20638,
2026-05-12,15:31:09.525783,1778592669.525783,s,444.874082,s,20636,
2026-05-12,15:31:09.775369,1778592669.775369,s,445.123668,s,20629,
2026-05-12,15:31:10.026249,1778592670.026249,s,445.374548,s,20636,
2026-05-12,15:31:10.275935,1778592670.275935,s,445.624234,s,20638,
2026-05-12,15:31:10.526545,1778592670.526545,s,445.874844,s,20634,
2026-05-12,15:31:10.776432,1778592670.776432,s,446.124731,s,20636,
2026-05-12,15:31:11.026890,1778592671.02689,s,446.375189,s,20632,
2026-05-12,15:31:11.276997,1778592671.276997,s,446.625296,s,20643,
2026-05-12,15:31:11.527218,1778592671.527218,s,446.875517,s,20631,
2026-05-12,15:31:11.777475,1778592671.777475,s,447.125774,s,20639,
2026-05-12,15:31:12.027476,1778592672.027476,s,447.375775,s,20642,
2026-05-12,15:31:12.277940,1778592672.27794,s,447.626239,s,20635,
2026-05-12,15:31:12.527716,1778592672.527716,s,447.876015,s,20632,
2026-05-12,15:31:12.778435,1778592672.778435,s,448.126734,s,20635,
2026-05-12,15:31:13.027965,1778592673.027965,s,448.376264,s,20639,
2026-05-12,15:31:13.278935,1778592673.278935,s,448.627234,s,20631,
2026-05-12,15:31:13.528285,1778592673.528285,s,448.876584,s,20631,
2026-05-12,15:31:13.779456,1778592673.779456,s,449.127755,s,20634,
2026-05-12,15:31:14.028552,1778592674.028552,s,449.376851,s,20638,
2026-05-12,15:31:14.279928,1778592674.279928,s,449.628227,s,20639,
2026-05-12,15:31:14.529088,1778592674.529088,s,449.877387,s,20651,
2026-05-12,15:31:14.780437,1778592674.780437,s,450.128736,s,20638,
2026-05-12,15:31:15.029602,1778592675.029602,s,450.377901,s,20644,
2026-05-12,15:31:15.280882,1778592675.280882,s,450.629181,s,20644,
2026-05-12,15:31:15.530107,1778592675.530107,s,450.878406,s,20637,
2026-05-12,15:31:15.781320,1778592675.78132,s,451.129619,s,20636,
2026-05-12,15:31:16.030478,1778592676.030478,s,451.378777,s,20651,
2026-05-12,15:31:16.281574,1778592676.281574,s,451.629873,s,20648,
2026-05-12,15:31:16.530736,1778592676.530736,s,451.879035,s,20646,
2026-05-12,15:31:16.781910,1778592676.78191,s,452.130209,s,20645,
2026-05-12,15:31:17.031096,1778592677.031096,s,452.379395,s,20649,
2026-05-12,15:31:17.282337,1778592677.282337,s,452.630636,s,20635,
2026-05-12,15:31:17.531453,1778592677.531453,s,452.879752,s,20645,
2026-05-12,15:31:17.782592,1778592677.782592,s,453.130891,s,20654,
2026-05-12,15:31:18.031865,1778592678.031865,s,453.380164,s,20644,
2026-05-12,15:31:18.282949,1778592678.282949,s,453.631248,s,20640,
2026-05-12,15:31:18.532375,1778592678.532375,s,453.880674,s,20635,
2026-05-12,15:31:18.783347,1778592678.783347,s,454.131646,s,20644,
2026-05-12,15:31:19.032872,1778592679.032872,s,454.381171,s,20624,
2026-05-12,15:31:19.283745,1778592679.283745,s,454.632044,s,20650,
2026-05-12,15:31:19.533339,1778592679.533339,s,454.881638,s,20649,
2026-05-12,15:31:19.784082,1778592679.784082,s,455.132381,s,20651,
2026-05-12,15:31:20.033819,1778592680.033819,s,455.382118,s,20639,
2026-05-12,15:31:20.284326,1778592680.284326,s,455.632625,s,20651,
2026-05-12,15:31:20.534389,1778592680.534389,s,455.882688,s,20661,
2026-05-12,15:31:20.784625,1778592680.784625,s,456.132924,s,20650,
2026-05-12,15:31:21.034869,1778592681.034869,s,456.383168,s,20659,
2026-05-12,15:31:21.284917,1778592681.284917,s,456.633216,s,20662,
2026-05-12,15:31:21.535334,1778592681.535334,s,456.883633,s,20657,
2026-05-12,15:31:21.785268,1778592681.785268,s,457.133567,s,20676,
2026-05-12,15:31:22.035874,1778592682.035874,s,457.384173,s,20676,
2026-05-12,15:31:22.285534,1778592682.285534,s,457.633833,s,20681,
2026-05-12,15:31:22.536364,1778592682.536364,s,457.884663,s,20670,
2026-05-12,15:31:22.786000,1778592682.786,s,458.134299,s,20673,
2026-05-12,15:31:23.036785,1778592683.036785,s,458.385084,s,20686,
2026-05-12,15:31:23.286424,1778592683.286424,s,458.634723,s,20680,
2026-05-12,15:31:23.537235,1778592683.537235,s,458.885534,s,20694,
2026-05-12,15:31:23.786913,1778592683.786913,s,459.135212,s,20688,
2026-05-12,15:31:24.037703,1778592684.037703,s,459.386002,s,20693,
2026-05-12,15:31:24.287414,1778592684.287414,s,459.635713,s,20699,
2026-05-12,15:31:24.538129,1778592684.538129,s,459.886428,s,20693,
2026-05-12,15:31:24.787913,1778592684.787913,s,460.136212,s,20703,
2026-05-12,15:31:25.038470,1778592685.03847,s,460.386769,s,20695,
2026-05-12,15:31:25.288327,1778592685.288327,s,460.636626,s,20695,
2026-05-12,15:31:25.538701,1778592685.538701,s,460.887,s,20686,
2026-05-12,15:31:25.788780,1778592685.78878,s,461.137079,s,20695,
2026-05-12,15:31:26.039039,1778592686.039039,s,461.387338,s,20698,
2026-05-12,15:31:26.289206,1778592686.289206,s,461.637505,s,20697,
2026-05-12,15:31:26.539400,1778592686.5394,s,461.887699,s,20706,
2026-05-12,15:31:26.789625,1778592686.789625,s,462.137924,s,20704,
2026-05-12,15:31:27.039620,1778592687.03962,s,462.387919,s,20723,
2026-05-12,15:31:27.290045,1778592687.290045,s,462.638344,s,20706,
2026-05-12,15:31:27.539944,1778592687.539944,s,462.888243,s,20722,
2026-05-12,15:31:27.790486,1778592687.790486,s,463.138785,s,20709,
2026-05-12,15:31:28.040210,1778592688.04021,s,463.388509,s,20714,
2026-05-12,15:31:28.291008,1778592688.291008,s,463.639307,s,20699,
2026-05-12,15:31:28.540526,1778592688.540526,s,463.888825,s,20705,
2026-05-12,15:31:28.791501,1778592688.791501,s,464.1398,s,20721,
2026-05-12,15:31:29.040750,1778592689.04075,s,464.389049,s,20723,
2026-05-12,15:31:29.292020,1778592689.29202,s,464.640319,s,20738,
2026-05-12,15:31:29.541267,1778592689.541267,s,464.889566,s,20738,
2026-05-12,15:31:29.792544,1778592689.792544,s,465.140843,s,20741,
2026-05-12,15:31:30.041795,1778592690.041795,s,465.390094,s,20734,
2026-05-12,15:31:30.292974,1778592690.292974,s,465.641273,s,20742,
2026-05-12,15:31:30.542283,1778592690.542283,s,465.890582,s,20739,
2026-05-12,15:31:30.793402,1778592690.793402,s,466.141701,s,20729,
2026-05-12,15:31:31.042840,1778592691.04284,s,466.391139,s,20734,
2026-05-12,15:31:31.293818,1778592691.293818,s,466.642117,s,20752,
2026-05-12,15:31:31.543308,1778592691.543308,s,466.891607,s,20740,
2026-05-12,15:31:31.794234,1778592691.794234,s,467.142533,s,20756,
2026-05-12,15:31:32.043796,1778592692.043796,s,467.392095,s,20753,
2026-05-12,15:31:32.294535,1778592692.294535,s,467.642834,s,20757,
2026-05-12,15:31:32.544291,1778592692.544291,s,467.89259,s,20749,
2026-05-12,15:31:32.794875,1778592692.794875,s,468.143174,s,20755,
2026-05-12,15:31:33.044792,1778592693.044792,s,468.393091,s,20757,
2026-05-12,15:31:33.295208,1778592693.295208,s,468.643507,s,20748,
2026-05-12,15:31:33.545324,1778592693.545324,s,468.893623,s,20759,
2026-05-12,15:31:33.795475,1778592693.795475,s,469.143774,s,20760,
2026-05-12,15:31:34.045822,1778592694.045822,s,469.394121,s,20757,
2026-05-12,15:31:34.295703,1778592694.295703,s,469.644002,s,20763,
2026-05-12,15:31:34.546356,1778592694.546356,s,469.894655,s,20767,
2026-05-12,15:31:34.796036,1778592694.796036,s,470.144335,s,20778,
2026-05-12,15:31:35.046717,1778592695.046717,s,470.395016,s,20767,
2026-05-12,15:31:35.296324,1778592695.296324,s,470.644623,s,20768,
2026-05-12,15:31:35.547202,1778592695.547202,s,470.895501,s,20779,
2026-05-12,15:31:35.796611,1778592695.796611,s,471.14491,s,20769,
2026-05-12,15:31:36.047720,1778592696.04772,s,471.396019,s,20779,
2026-05-12,15:31:36.296852,1778592696.296852,s,471.645151,s,20785,
2026-05-12,15:31:36.548279,1778592696.548279,s,471.896578,s,20783,
2026-05-12,15:31:36.797477,1778592696.797477,s,472.145776,s,20774,
2026-05-12,15:31:37.048703,1778592697.048703,s,472.397002,s,20791,
2026-05-12,15:31:37.297979,1778592697.297979,s,472.646278,s,20795,
2026-05-12,15:31:37.549129,1778592697.549129,s,472.897428,s,20795,
2026-05-12,15:31:37.798521,1778592697.798521,s,473.14682,s,20796,
2026-05-12,15:31:38.049573,1778592698.049573,s,473.397872,s,20800,
2026-05-12,15:31:38.299020,1778592698.29902,s,473.647319,s,20791,
2026-05-12,15:31:38.549804,1778592698.549804,s,473.898103,s,20796,
2026-05-12,15:31:38.799502,1778592698.799502,s,474.147801,s,20797,
2026-05-12,15:31:39.050224,1778592699.050224,s,474.398523,s,20793,
2026-05-12,15:31:39.299940,1778592699.29994,s,474.648239,s,20809,
2026-05-12,15:31:39.550463,1778592699.550463,s,474.898762,s,20814,
2026-05-12,15:31:39.800414,1778592699.800414,s,475.148713,s,20815,
2026-05-12,15:31:40.050824,1778592700.050824,s,475.399123,s,20805,
2026-05-12,15:31:40.300864,1778592700.300864,s,475.649163,s,20797,
2026-05-12,15:31:40.551179,1778592700.551179,s,475.899478,s,20804,
2026-05-12,15:31:40.801420,1778592700.80142,s,476.149719,s,20796,
2026-05-12,15:31:41.051460,1778592701.05146,s,476.399759,s,20801,
2026-05-12,15:31:41.301679,1778592701.301679,s,476.649978,s,20820,
2026-05-12,15:31:41.551727,1778592701.551727,s,476.900026,s,20809,
2026-05-12,15:31:41.802169,1778592701.802169,s,477.150468,s,20822,
2026-05-12,15:31:42.051967,1778592702.051967,s,477.400266,s,20820,
2026-05-12,15:31:42.302646,1778592702.302646,s,477.650945,s,20830,
2026-05-12,15:31:42.552226,1778592702.552226,s,477.900525,s,20821,
2026-05-12,15:31:42.803170,1778592702.80317,s,478.151469,s,20832,
2026-05-12,15:31:43.052469,1778592703.052469,s,478.400768,s,20832,
2026-05-12,15:31:43.303705,1778592703.303705,s,478.652004,s,20828,
2026-05-12,15:31:43.552907,1778592703.552907,s,478.901206,s,20830,
2026-05-12,15:31:43.804235,1778592703.804235,s,479.152534,s,20829,
2026-05-12,15:31:44.053453,1778592704.053453,s,479.401752,s,20832,
2026-05-12,15:31:44.304702,1778592704.304702,s,479.653001,s,20831,
2026-05-12,15:31:44.553847,1778592704.553847,s,479.902146,s,20837,
2026-05-12,15:31:44.805141,1778592704.805141,s,480.15344,s,20847,
2026-05-12,15:31:45.054333,1778592705.054333,s,480.402632,s,20833,
2026-05-12,15:31:45.305578,1778592705.305578,s,480.653877,s,20850,
2026-05-12,15:31:45.554675,1778592705.554675,s,480.902974,s,20861,
2026-05-12,15:31:45.806008,1778592705.806008,s,481.154307,s,20863,
2026-05-12,15:31:46.055193,1778592706.055193,s,481.403492,s,20891,
2026-05-12,15:31:46.306392,1778592706.306392,s,481.654691,s,20884,
2026-05-12,15:31:46.555770,1778592706.55577,s,481.904069,s,20867,
2026-05-12,15:31:46.806765,1778592706.806765,s,482.155064,s,20851,
2026-05-12,15:31:47.056025,1778592707.056025,s,482.404324,s,20862,
2026-05-12,15:31:47.307110,1778592707.30711,s,482.655409,s,20874,
2026-05-12,15:31:47.556509,1778592707.556509,s,482.904808,s,20878,
2026-05-12,15:31:47.807461,1778592707.807461,s,483.15576,s,20870,
2026-05-12,15:31:48.057016,1778592708.057016,s,483.405315,s,20878,
2026-05-12,15:31:48.307708,1778592708.307708,s,483.656007,s,20873,
2026-05-12,15:31:48.557385,1778592708.557385,s,483.905684,s,20861,
2026-05-12,15:31:48.808052,1778592708.808052,s,484.156351,s,20871,
2026-05-12,15:31:49.057884,1778592709.057884,s,484.406183,s,20877,
2026-05-12,15:31:49.308334,1778592709.308334,s,484.656633,s,20882,
2026-05-12,15:31:49.558357,1778592709.558357,s,484.906656,s,20886,
2026-05-12,15:31:49.808561,1778592709.808561,s,485.15686,s,20913,
2026-05-12,15:31:50.058816,1778592710.058816,s,485.407115,s,20917,
2026-05-12,15:31:50.309033,1778592710.309033,s,485.657332,s,20893,
2026-05-12,15:31:50.559183,1778592710.559183,s,485.907482,s,20907,
2026-05-12,15:31:50.809833,1778592710.809833,s,486.158132,s,20886,
2026-05-12,15:31:51.059602,1778592711.059602,s,486.407901,s,20899,
2026-05-12,15:31:51.310369,1778592711.310369,s,486.658668,s,20902,
2026-05-12,15:31:51.559943,1778592711.559943,s,486.908242,s,20907,
2026-05-12,15:31:51.810869,1778592711.810869,s,487.159168,s,20898,
2026-05-12,15:31:52.060325,1778592712.060325,s,487.408624,s,20902,
2026-05-12,15:31:52.311415,1778592712.311415,s,487.659714,s,20906,
2026-05-12,15:31:52.560763,1778592712.560763,s,487.909062,s,20897,
2026-05-12,15:31:52.811900,1778592712.8119,s,488.160199,s,20901,
2026-05-12,15:31:53.061194,1778592713.061194,s,488.409493,s,20908,
2026-05-12,15:31:53.312440,1778592713.31244,s,488.660739,s,20909,
2026-05-12,15:31:53.561489,1778592713.561489,s,488.909788,s,20911,
2026-05-12,15:31:53.812928,1778592713.812928,s,489.161227,s,20916,
2026-05-12,15:31:54.061819,1778592714.061819,s,489.410118,s,20918,
2026-05-12,15:31:54.313472,1778592714.313472,s,489.661771,s,20920,
2026-05-12,15:31:54.562171,1778592714.562171,s,489.91047,s,20914,
2026-05-12,15:31:54.813950,1778592714.81395,s,490.162249,s,20936,
2026-05-12,15:31:55.062473,1778592715.062473,s,490.410772,s,20921,
2026-05-12,15:31:55.314332,1778592715.314332,s,490.662631,s,20939,
2026-05-12,15:31:55.562833,1778592715.562833,s,490.911132,s,20937,
2026-05-12,15:31:55.814913,1778592715.814913,s,491.163212,s,20941,
2026-05-12,15:31:56.063166,1778592716.063166,s,491.411465,s,20933,
2026-05-12,15:31:56.315429,1778592716.315429,s,491.663728,s,20930,
2026-05-12,15:31:56.563562,1778592716.563562,s,491.911861,s,20945,
2026-05-12,15:31:56.815910,1778592716.81591,s,492.164209,s,20941,
2026-05-12,15:31:57.063895,1778592717.063895,s,492.412194,s,20945,
2026-05-12,15:31:57.316452,1778592717.316452,s,492.664751,s,20953,
2026-05-12,15:31:57.564411,1778592717.564411,s,492.91271,s,20951,
2026-05-12,15:31:57.816966,1778592717.816966,s,493.165265,s,20954,
2026-05-12,15:31:58.064775,1778592718.064775,s,493.413074,s,20953,
2026-05-12,15:31:58.317458,1778592718.317458,s,493.665757,s,20968,
2026-05-12,15:31:58.565284,1778592718.565284,s,493.913583,s,20961,
2026-05-12,15:31:58.817942,1778592718.817942,s,494.166241,s,20961,
2026-05-12,15:31:59.065571,1778592719.065571,s,494.41387,s,20958,
2026-05-12,15:31:59.318430,1778592719.31843,s,494.666729,s,20962,
2026-05-12,15:31:59.565942,1778592719.565942,s,494.914241,s,20972,
2026-05-12,15:31:59.818871,1778592719.818871,s,495.16717,s,20970,
2026-05-12,15:32:00.066315,1778592720.066315,s,495.414614,s,20979,
2026-05-12,15:32:00.319316,1778592720.319316,s,495.667615,s,20979,
2026-05-12,15:32:00.566568,1778592720.566568,s,495.914867,s,20995,
2026-05-12,15:32:00.819566,1778592720.819566,s,496.167865,s,21000,
2026-05-12,15:32:01.066806,1778592721.066806,s,496.415105,s,21001,
2026-05-12,15:32:01.319919,1778592721.319919,s,496.668218,s,20992,
2026-05-12,15:32:01.567327,1778592721.567327,s,496.915626,s,21001,
2026-05-12,15:32:01.820287,1778592721.820287,s,497.168586,s,20983,
2026-05-12,15:32:02.067600,1778592722.0676,s,497.415899,s,21001,
2026-05-12,15:32:02.320616,1778592722.320616,s,497.668915,s,21018,
2026-05-12,15:32:02.568089,1778592722.568089,s,497.916388,s,21028,
2026-05-12,15:32:02.820961,1778592722.820961,s,498.16926,s,21057,
2026-05-12,15:32:03.068585,1778592723.068585,s,498.416884,s,21055,
2026-05-12,15:32:03.321301,1778592723.321301,s,498.6696,s,21036,
2026-05-12,15:32:03.569073,1778592723.569073,s,498.917372,s,21026,
2026-05-12,15:32:03.821623,1778592723.821623,s,499.169922,s,21025,
2026-05-12,15:32:04.069597,1778592724.069597,s,499.417896,s,21032,
2026-05-12,15:32:04.321920,1778592724.32192,s,499.670219,s,21023,
2026-05-12,15:32:04.570101,1778592724.570101,s,499.9184,s,21032,
2026-05-12,15:32:04.822206,1778592724.822206,s,500.170505,s,21037,
2026-05-12,15:32:05.070568,1778592725.070568,s,500.418867,s,21029,
2026-05-12,15:32:05.322647,1778592725.322647,s,500.670946,s,21046,
2026-05-12,15:32:05.571078,1778592725.571078,s,500.919377,s,21042,
2026-05-12,15:32:05.823330,1778592725.82333,s,501.171629,s,21051,
2026-05-12,15:32:06.071423,1778592726.071423,s,501.419722,s,21038,
2026-05-12,15:32:06.323876,1778592726.323876,s,501.672175,s,21046,
2026-05-12,15:32:06.571837,1778592726.571837,s,501.920136,s,21055,
2026-05-12,15:32:06.824378,1778592726.824378,s,502.172677,s,21046,
2026-05-12,15:32:07.072249,1778592727.072249,s,502.420548,s,21052,
2026-05-12,15:32:07.324922,1778592727.324922,s,502.673221,s,21059,
2026-05-12,15:32:07.572683,1778592727.572683,s,502.920982,s,21054,
2026-05-12,15:32:07.825499,1778592727.825499,s,503.173798,s,21060,
2026-05-12,15:32:08.073108,1778592728.073108,s,503.421407,s,21056,
2026-05-12,15:32:08.325984,1778592728.325984,s,503.674283,s,21072,
2026-05-12,15:32:08.573456,1778592728.573456,s,503.921755,s,21061,
2026-05-12,15:32:08.826479,1778592728.826479,s,504.174778,s,21065,
2026-05-12,15:32:09.073699,1778592729.073699,s,504.421998,s,21079,
2026-05-12,15:32:09.326964,1778592729.326964,s,504.675263,s,21078,
2026-05-12,15:32:09.574060,1778592729.57406,s,504.922359,s,21075,
2026-05-12,15:32:09.827431,1778592729.827431,s,505.17573,s,21071,
2026-05-12,15:32:10.074426,1778592730.074426,s,505.422725,s,21078,
2026-05-12,15:32:10.327949,1778592730.327949,s,505.676248,s,21068,
2026-05-12,15:32:10.574690,1778592730.57469,s,505.922989,s,21080,
2026-05-12,15:32:10.828415,1778592730.828415,s,506.176714,s,21078,
2026-05-12,15:32:11.075109,1778592731.075109,s,506.423408,s,21076,
2026-05-12,15:32:11.328824,1778592731.328824,s,506.677123,s,21073,
2026-05-12,15:32:11.575443,1778592731.575443,s,506.923742,s,21073,
2026-05-12,15:32:11.829325,1778592731.829325,s,507.177624,s,21074,
2026-05-12,15:32:12.075733,1778592732.075733,s,507.424032,s,21077,
2026-05-12,15:32:12.329857,1778592732.329857,s,507.678156,s,21078,
2026-05-12,15:32:12.576199,1778592732.576199,s,507.924498,s,21077,
2026-05-12,15:32:12.830403,1778592732.830403,s,508.178702,s,21084,
2026-05-12,15:32:13.076780,1778592733.07678,s,508.425079,s,21084,
2026-05-12,15:32:13.330889,1778592733.330889,s,508.679188,s,21087,
2026-05-12,15:32:13.577266,1778592733.577266,s,508.925565,s,21085,
2026-05-12,15:32:13.831328,1778592733.831328,s,509.179627,s,21074,
2026-05-12,15:32:14.077846,1778592734.077846,s,509.426145,s,21091,
2026-05-12,15:32:14.331793,1778592734.331793,s,509.680092,s,21081,
2026-05-12,15:32:14.578377,1778592734.578377,s,509.926676,s,21092,
2026-05-12,15:32:14.832240,1778592734.83224,s,510.180539,s,21090,
2026-05-12,15:32:15.078928,1778592735.078928,s,510.427227,s,21087,
2026-05-12,15:32:15.332702,1778592735.332702,s,510.681001,s,21085,
2026-05-12,15:32:15.579456,1778592735.579456,s,510.927755,s,21092,
2026-05-12,15:32:15.833148,1778592735.833148,s,511.181447,s,21098,
2026-05-12,15:32:16.079939,1778592736.079939,s,511.428238,s,21095,
2026-05-12,15:32:16.333477,1778592736.333477,s,511.681776,s,21084,
2026-05-12,15:32:16.580457,1778592736.580457,s,511.928756,s,21099,
2026-05-12,15:32:16.833734,1778592736.833734,s,512.182033,s,21094,
2026-05-12,15:32:17.080982,1778592737.080982,s,512.429281,s,21097,
2026-05-12,15:32:17.334061,1778592737.334061,s,512.68236,s,21092,
2026-05-12,15:32:17.581485,1778592737.581485,s,512.929784,s,21100,
2026-05-12,15:32:17.834417,1778592737.834417,s,513.182716,s,21105,
2026-05-12,15:32:18.082016,1778592738.082016,s,513.430315,s,21100,
2026-05-12,15:32:18.334668,1778592738.334668,s,513.682967,s,21110,
2026-05-12,15:32:18.582566,1778592738.582566,s,513.930865,s,21104,
2026-05-12,15:32:18.834999,1778592738.834999,s,514.183298,s,21122,
2026-05-12,15:32:19.083078,1778592739.083078,s,514.431377,s,21112,
2026-05-12,15:32:19.335206,1778592739.335206,s,514.683505,s,21106,
2026-05-12,15:32:19.583566,1778592739.583566,s,514.931865,s,21098,
2026-05-12,15:32:19.835539,1778592739.835539,s,515.183838,s,21107,
2026-05-12,15:32:20.084100,1778592740.0841,s,515.432399,s,21126,
2026-05-12,15:32:20.336027,1778592740.336027,s,515.684326,s,21107,
2026-05-12,15:32:20.584588,1778592740.584588,s,515.932887,s,21107,
2026-05-12,15:32:20.836624,1778592740.836624,s,516.184923,s,21111,
2026-05-12,15:32:21.085070,1778592741.08507,s,516.433369,s,21104,
2026-05-12,15:32:21.337139,1778592741.337139,s,516.685438,s,21103,
2026-05-12,15:32:21.585494,1778592741.585494,s,516.933793,s,21110,
2026-05-12,15:32:21.837636,1778592741.837636,s,517.185935,s,21117,
2026-05-12,15:32:22.085922,1778592742.085922,s,517.434221,s,21112,
2026-05-12,15:32:22.338012,1778592742.338012,s,517.686311,s,21118,
2026-05-12,15:32:22.586364,1778592742.586364,s,517.934663,s,21111,
2026-05-12,15:32:22.838391,1778592742.838391,s,518.18669,s,21106,
2026-05-12,15:32:23.086607,1778592743.086607,s,518.434906,s,21117,
2026-05-12,15:32:23.338665,1778592743.338665,s,518.686964,s,21111,
2026-05-12,15:32:23.586968,1778592743.586968,s,518.935267,s,21108,
2026-05-12,15:32:23.839012,1778592743.839012,s,519.187311,s,21113,
2026-05-12,15:32:24.087312,1778592744.087312,s,519.435611,s,21135,
2026-05-12,15:32:24.339492,1778592744.339492,s,519.687791,s,21117,
2026-05-12,15:32:24.587543,1778592744.587543,s,519.935842,s,21132,
2026-05-12,15:32:24.840039,1778592744.840039,s,520.188338,s,21126,
2026-05-12,15:32:25.087895,1778592745.087895,s,520.436194,s,21134,
2026-05-12,15:32:25.340602,1778592745.340602,s,520.688901,s,21127,
2026-05-12,15:32:25.588256,1778592745.588256,s,520.936555,s,21134,
2026-05-12,15:32:25.841128,1778592745.841128,s,521.189427,s,21142,
2026-05-12,15:32:26.088546,1778592746.088546,s,521.436845,s,21138,
2026-05-12,15:32:26.341617,1778592746.341617,s,521.689916,s,21143,
2026-05-12,15:32:26.588873,1778592746.588873,s,521.937172,s,21140,
2026-05-12,15:32:26.842141,1778592746.842141,s,522.19044,s,21147,
2026-05-12,15:32:27.089199,1778592747.089199,s,522.437498,s,21150,
2026-05-12,15:32:27.342651,1778592747.342651,s,522.69095,s,21147,
2026-05-12,15:32:27.589768,1778592747.589768,s,522.938067,s,21165,
2026-05-12,15:32:27.843051,1778592747.843051,s,523.19135,s,21148,
2026-05-12,15:32:28.090349,1778592748.090349,s,523.438648,s,21156,
2026-05-12,15:32:28.343515,1778592748.343515,s,523.691814,s,21157,
2026-05-12,15:32:28.590903,1778592748.590903,s,523.939202,s,21152,
2026-05-12,15:32:28.843979,1778592748.843979,s,524.192278,s,21160,
2026-05-12,15:32:29.091418,1778592749.091418,s,524.439717,s,21156,
2026-05-12,15:32:29.344451,1778592749.344451,s,524.69275,s,21166,
2026-05-12,15:32:29.591977,1778592749.591977,s,524.940276,s,21157,
2026-05-12,15:32:29.844924,1778592749.844924,s,525.193223,s,21169,
2026-05-12,15:32:30.092490,1778592750.09249,s,525.440789,s,21179,
2026-05-12,15:32:30.345375,1778592750.345375,s,525.693674,s,21170,
2026-05-12,15:32:30.593015,1778592750.593015,s,525.941314,s,21174,
2026-05-12,15:32:30.845616,1778592750.845616,s,526.193915,s,21174,
2026-05-12,15:32:31.093515,1778592751.093515,s,526.441814,s,21182,
2026-05-12,15:32:31.345956,1778592751.345956,s,526.694255,s,21174,
2026-05-12,15:32:31.594062,1778592751.594062,s,526.942361,s,21174,
2026-05-12,15:32:31.846299,1778592751.846299,s,527.194598,s,21185,
2026-05-12,15:32:32.094541,1778592752.094541,s,527.44284,s,21178,
2026-05-12,15:32:32.346542,1778592752.346542,s,527.694841,s,21196,
2026-05-12,15:32:32.595030,1778592752.59503,s,527.943329,s,21193,
2026-05-12,15:32:32.846878,1778592752.846878,s,528.195177,s,21206,
2026-05-12,15:32:33.095536,1778592753.095536,s,528.443835,s,21189,
2026-05-12,15:32:33.347188,1778592753.347188,s,528.695487,s,21185,
2026-05-12,15:32:33.596076,1778592753.596076,s,528.944375,s,21185,
2026-05-12,15:32:33.847449,1778592753.847449,s,529.195748,s,21186,
2026-05-12,15:32:34.096613,1778592754.096613,s,529.444912,s,21194,
2026-05-12,15:32:34.347723,1778592754.347723,s,529.696022,s,21196,
2026-05-12,15:32:34.597105,1778592754.597105,s,529.945404,s,21210,
2026-05-12,15:32:34.847961,1778592754.847961,s,530.19626,s,21198,
2026-05-12,15:32:35.097416,1778592755.097416,s,530.445715,s,21205,
2026-05-12,15:32:35.348305,1778592755.348305,s,530.696604,s,21208,
2026-05-12,15:32:35.597805,1778592755.597805,s,530.946104,s,21211,
2026-05-12,15:32:35.848849,1778592755.848849,s,531.197148,s,21206,
2026-05-12,15:32:36.098221,1778592756.098221,s,531.44652,s,21217,
2026-05-12,15:32:36.349446,1778592756.349446,s,531.697745,s,21204,
2026-05-12,15:32:36.598656,1778592756.598656,s,531.946955,s,21216,
2026-05-12,15:32:36.849967,1778592756.849967,s,532.198266,s,21236,
2026-05-12,15:32:37.099048,1778592757.099048,s,532.447347,s,21252,
2026-05-12,15:32:37.350510,1778592757.35051,s,532.698809,s,21243,
2026-05-12,15:32:37.599439,1778592757.599439,s,532.947738,s,21243,
2026-05-12,15:32:37.850972,1778592757.850972,s,533.199271,s,21229,
2026-05-12,15:32:38.099830,1778592758.09983,s,533.448129,s,21219,
2026-05-12,15:32:38.351489,1778592758.351489,s,533.699788,s,21228,
2026-05-12,15:32:38.600168,1778592758.600168,s,533.948467,s,21261,
2026-05-12,15:32:38.852005,1778592758.852005,s,534.200304,s,21255,
2026-05-12,15:32:39.100541,1778592759.100541,s,534.44884,s,21261,
2026-05-12,15:32:39.352533,1778592759.352533,s,534.700832,s,21263,
2026-05-12,15:32:39.600888,1778592759.600888,s,534.949187,s,21263,
2026-05-12,15:32:39.853036,1778592759.853036,s,535.201335,s,21269,
2026-05-12,15:32:40.101233,1778592760.101233,s,535.449532,s,21255,
2026-05-12,15:32:40.353590,1778592760.35359,s,535.701889,s,21270,
2026-05-12,15:32:40.601464,1778592760.601464,s,535.949763,s,21260,
2026-05-12,15:32:40.854137,1778592760.854137,s,536.202436,s,21262,
2026-05-12,15:32:41.101737,1778592761.101737,s,536.450036,s,21259,
2026-05-12,15:32:41.354684,1778592761.354684,s,536.702983,s,21247,
2026-05-12,15:32:41.602120,1778592761.60212,s,536.950419,s,21243,
2026-05-12,15:32:41.855202,1778592761.855202,s,537.203501,s,21244,
2026-05-12,15:32:42.102477,1778592762.102477,s,537.450776,s,21258,
2026-05-12,15:32:42.355734,1778592762.355734,s,537.704033,s,21256,
2026-05-12,15:32:42.602716,1778592762.602716,s,537.951015,s,21256,
2026-05-12,15:32:42.856233,1778592762.856233,s,538.204532,s,21271,
2026-05-12,15:32:43.103211,1778592763.103211,s,538.45151,s,21251,
2026-05-12,15:32:43.356755,1778592763.356755,s,538.705054,s,21260,
2026-05-12,15:32:43.603574,1778592763.603574,s,538.951873,s,21258,
2026-05-12,15:32:43.857215,1778592763.857215,s,539.205514,s,21265,
2026-05-12,15:32:44.104072,1778592764.104072,s,539.452371,s,21256,
2026-05-12,15:32:44.357723,1778592764.357723,s,539.706022,s,21263,
2026-05-12,15:32:44.604580,1778592764.60458,s,539.952879,s,21282,
2026-05-12,15:32:44.858122,1778592764.858122,s,540.206421,s,21265,
2026-05-12,15:32:45.105053,1778592765.105053,s,540.453352,s,21286,
2026-05-12,15:32:45.358556,1778592765.358556,s,540.706855,s,21284,
2026-05-12,15:32:45.605493,1778592765.605493,s,540.953792,s,21280,
2026-05-12,15:32:45.858992,1778592765.858992,s,541.207291,s,21279,
2026-05-12,15:32:46.105908,1778592766.105908,s,541.454207,s,21276,
2026-05-12,15:32:46.359328,1778592766.359328,s,541.707627,s,21283,
2026-05-12,15:32:46.606380,1778592766.60638,s,541.954679,s,21275,
2026-05-12,15:32:46.859588,1778592766.859588,s,542.207887,s,21282,
2026-05-12,15:32:47.106826,1778592767.106826,s,542.455125,s,21286,
2026-05-12,15:32:47.359913,1778592767.359913,s,542.708212,s,21285,
2026-05-12,15:32:47.607276,1778592767.607276,s,542.955575,s,21288,
2026-05-12,15:32:47.860245,1778592767.860245,s,543.208544,s,21293,
2026-05-12,15:32:48.107693,1778592768.107693,s,543.455992,s,21301,
2026-05-12,15:32:48.360503,1778592768.360503,s,543.708802,s,21297,
2026-05-12,15:32:48.608212,1778592768.608212,s,543.956511,s,21293,
2026-05-12,15:32:48.860795,1778592768.860795,s,544.209094,s,21290,
2026-05-12,15:32:49.108690,1778592769.10869,s,544.456989,s,21290,
2026-05-12,15:32:49.361087,1778592769.361087,s,544.709386,s,21290,
2026-05-12,15:32:49.609160,1778592769.60916,s,544.957459,s,21308,
2026-05-12,15:32:49.861363,1778592769.861363,s,545.209662,s,21298,
2026-05-12,15:32:50.109599,1778592770.109599,s,545.457898,s,21312,
2026-05-12,15:32:50.361854,1778592770.361854,s,545.710153,s,21320,
2026-05-12,15:32:50.610052,1778592770.610052,s,545.958351,s,21314,
2026-05-12,15:32:50.862366,1778592770.862366,s,546.210665,s,21321,
2026-05-12,15:32:51.110511,1778592771.110511,s,546.45881,s,21305,
2026-05-12,15:32:51.362900,1778592771.3629,s,546.711199,s,21314,
2026-05-12,15:32:51.610924,1778592771.610924,s,546.959223,s,21308,
2026-05-12,15:32:51.863425,1778592771.863425,s,547.211724,s,21311,
2026-05-12,15:32:52.111372,1778592772.111372,s,547.459671,s,21329,
2026-05-12,15:32:52.363976,1778592772.363976,s,547.712275,s,21319,
2026-05-12,15:32:52.611805,1778592772.611805,s,547.960104,s,21323,
2026-05-12,15:32:52.864478,1778592772.864478,s,548.212777,s,21317,
2026-05-12,15:32:53.112217,1778592773.112217,s,548.460516,s,21338,
2026-05-12,15:32:53.365025,1778592773.365025,s,548.713324,s,21332,
2026-05-12,15:32:53.612473,1778592773.612473,s,548.960772,s,21327,
2026-05-12,15:32:53.865545,1778592773.865545,s,549.213844,s,21344,
2026-05-12,15:32:54.112797,1778592774.112797,s,549.461096,s,21320,
2026-05-12,15:32:54.366058,1778592774.366058,s,549.714357,s,21337,
2026-05-12,15:32:54.613130,1778592774.61313,s,549.961429,s,21335,
2026-05-12,15:32:54.866520,1778592774.86652,s,550.214819,s,21333,
2026-05-12,15:32:55.113480,1778592775.11348,s,550.461779,s,21349,
2026-05-12,15:32:55.366979,1778592775.366979,s,550.715278,s,21348,
2026-05-12,15:32:55.613707,1778592775.613707,s,550.962006,s,21349,
2026-05-12,15:32:55.867425,1778592775.867425,s,551.215724,s,21349,
2026-05-12,15:32:56.114009,1778592776.114009,s,551.462308,s,21346,
2026-05-12,15:32:56.367953,1778592776.367953,s,551.716252,s,21356,
2026-05-12,15:32:56.614299,1778592776.614299,s,551.962598,s,21351,
2026-05-12,15:32:56.868443,1778592776.868443,s,552.216742,s,21352,
2026-05-12,15:32:57.114515,1778592777.114515,s,552.462814,s,21350,
2026-05-12,15:32:57.368918,1778592777.368918,s,552.717217,s,21350,
2026-05-12,15:32:57.615074,1778592777.615074,s,552.963373,s,21350,
2026-05-12,15:32:57.869411,1778592777.869411,s,553.21771,s,21356,
2026-05-12,15:32:58.115581,1778592778.115581,s,553.46388,s,21371,
2026-05-12,15:32:58.369922,1778592778.369922,s,553.718221,s,21357,
2026-05-12,15:32:58.616131,1778592778.616131,s,553.96443,s,21360,
2026-05-12,15:32:58.870375,1778592778.870375,s,554.218674,s,21358,
2026-05-12,15:32:59.116632,1778592779.116632,s,554.464931,s,21371,
2026-05-12,15:32:59.370839,1778592779.370839,s,554.719138,s,21364,
2026-05-12,15:32:59.617178,1778592779.617178,s,554.965477,s,21369,
2026-05-12,15:32:59.871312,1778592779.871312,s,555.219611,s,21362,
2026-05-12,15:33:00.117716,1778592780.117716,s,555.466015,s,21373,
2026-05-12,15:33:00.371761,1778592780.371761,s,555.72006,s,21376,
2026-05-12,15:33:00.618181,1778592780.618181,s,555.96648,s,21381,
2026-05-12,15:33:00.872101,1778592780.872101,s,556.2204,s,21369,
2026-05-12,15:33:01.118620,1778592781.11862,s,556.466919,s,21382,
2026-05-12,15:33:01.372428,1778592781.372428,s,556.720727,s,21394,
2026-05-12,15:33:01.619102,1778592781.619102,s,556.967401,s,21381,
2026-05-12,15:33:01.872721,1778592781.872721,s,557.22102,s,21392,
2026-05-12,15:33:02.119600,1778592782.1196,s,557.467899,s,21390,
2026-05-12,15:33:02.372992,1778592782.372992,s,557.721291,s,21382,
2026-05-12,15:33:02.620042,1778592782.620042,s,557.968341,s,21397,
2026-05-12,15:33:02.873192,1778592782.873192,s,558.221491,s,21392,
2026-05-12,15:33:03.120507,1778592783.120507,s,558.468806,s,21402,
2026-05-12,15:33:03.373619,1778592783.373619,s,558.721918,s,21399,
2026-05-12,15:33:03.621028,1778592783.621028,s,558.969327,s,21410,
2026-05-12,15:33:03.874095,1778592783.874095,s,559.222394,s,21415,
2026-05-12,15:33:04.121463,1778592784.121463,s,559.469762,s,21414,
2026-05-12,15:33:04.374560,1778592784.37456,s,559.722859,s,21416,
2026-05-12,15:33:04.621871,1778592784.621871,s,559.97017,s,21407,
2026-05-12,15:33:04.874906,1778592784.874906,s,560.223205,s,21418,
2026-05-12,15:33:05.122279,1778592785.122279,s,560.470578,s,21412,
2026-05-12,15:33:05.375266,1778592785.375266,s,560.723565,s,21421,
2026-05-12,15:33:05.622728,1778592785.622728,s,560.971027,s,21422,
2026-05-12,15:33:05.875579,1778592785.875579,s,561.223878,s,21422,
2026-05-12,15:33:06.123141,1778592786.123141,s,561.47144,s,21428,
2026-05-12,15:33:06.375837,1778592786.375837,s,561.724136,s,21432,
2026-05-12,15:33:06.623562,1778592786.623562,s,561.971861,s,21431,
2026-05-12,15:33:06.876219,1778592786.876219,s,562.224518,s,21430,
2026-05-12,15:33:07.123905,1778592787.123905,s,562.472204,s,21427,
2026-05-12,15:33:07.376496,1778592787.376496,s,562.724795,s,21437,
2026-05-12,15:33:07.624244,1778592787.624244,s,562.972543,s,21426,
2026-05-12,15:33:07.877041,1778592787.877041,s,563.22534,s,21435,
2026-05-12,15:33:08.124485,1778592788.124485,s,563.472784,s,21447,
2026-05-12,15:33:08.377538,1778592788.377538,s,563.725837,s,21434,
2026-05-12,15:33:08.624719,1778592788.624719,s,563.973018,s,21448,
2026-05-12,15:33:08.878012,1778592788.878012,s,564.226311,s,21442,
2026-05-12,15:33:09.125050,1778592789.12505,s,564.473349,s,21450,
2026-05-12,15:33:09.378542,1778592789.378542,s,564.726841,s,21446,
2026-05-12,15:33:09.625373,1778592789.625373,s,564.973672,s,21447,
2026-05-12,15:33:09.879059,1778592789.879059,s,565.227358,s,21447,
2026-05-12,15:33:10.125604,1778592790.125604,s,565.473903,s,21448,
2026-05-12,15:33:10.379389,1778592790.379389,s,565.727688,s,21452,
2026-05-12,15:33:10.625930,1778592790.62593,s,565.974229,s,21460,
2026-05-12,15:33:10.879885,1778592790.879885,s,566.228184,s,21458,
2026-05-12,15:33:11.126404,1778592791.126404,s,566.474703,s,21457,
2026-05-12,15:33:11.380383,1778592791.380383,s,566.728682,s,21463,
2026-05-12,15:33:11.626946,1778592791.626946,s,566.975245,s,21454,
2026-05-12,15:33:11.880857,1778592791.880857,s,567.229156,s,21460,
2026-05-12,15:33:12.127292,1778592792.127292,s,567.475591,s,21451,
2026-05-12,15:33:12.381292,1778592792.381292,s,567.729591,s,21449,
2026-05-12,15:33:12.627819,1778592792.627819,s,567.976118,s,21459,
2026-05-12,15:33:12.881740,1778592792.88174,s,568.230039,s,21455,
2026-05-12,15:33:13.128365,1778592793.128365,s,568.476664,s,21469,
2026-05-12,15:33:13.382177,1778592793.382177,s,568.730476,s,21459,
2026-05-12,15:33:13.628895,1778592793.628895,s,568.977194,s,21467,
2026-05-12,15:33:13.882613,1778592793.882613,s,569.230912,s,21470,
2026-05-12,15:33:14.129380,1778592794.12938,s,569.477679,s,21467,
2026-05-12,15:33:14.382948,1778592794.382948,s,569.731247,s,21467,
2026-05-12,15:33:14.629904,1778592794.629904,s,569.978203,s,21462,
2026-05-12,15:33:14.883295,1778592794.883295,s,570.231594,s,21467,
2026-05-12,15:33:15.130468,1778592795.130468,s,570.478767,s,21466,
2026-05-12,15:33:15.383622,1778592795.383622,s,570.731921,s,21468,
2026-05-12,15:33:15.630975,1778592795.630975,s,570.979274,s,21478,
2026-05-12,15:33:15.883947,1778592795.883947,s,571.232246,s,21468,
2026-05-12,15:33:16.131480,1778592796.13148,s,571.479779,s,21475,
2026-05-12,15:33:16.384278,1778592796.384278,s,571.732577,s,21479,
2026-05-12,15:33:16.631983,1778592796.631983,s,571.980282,s,21480,
2026-05-12,15:33:16.884522,1778592796.884522,s,572.232821,s,21479,
2026-05-12,15:33:17.132421,1778592797.132421,s,572.48072,s,21479,
2026-05-12,15:33:17.384786,1778592797.384786,s,572.733085,s,21496,
2026-05-12,15:33:17.632904,1778592797.632904,s,572.981203,s,21480,
2026-05-12,15:33:17.885076,1778592797.885076,s,573.233375,s,21486,
2026-05-12,15:33:18.133440,1778592798.13344,s,573.481739,s,21485,
2026-05-12,15:33:18.385531,1778592798.385531,s,573.73383,s,21484,
2026-05-12,15:33:18.633937,1778592798.633937,s,573.982236,s,21486,
2026-05-12,15:33:18.885965,1778592798.885965,s,574.234264,s,21491,
2026-05-12,15:33:19.134370,1778592799.13437,s,574.482669,s,21494,
2026-05-12,15:33:19.386378,1778592799.386378,s,574.734677,s,21483,
2026-05-12,15:33:19.634778,1778592799.634778,s,574.983077,s,21483,
2026-05-12,15:33:19.886806,1778592799.886806,s,575.235105,s,21489,
2026-05-12,15:33:20.135211,1778592800.135211,s,575.48351,s,21480,
2026-05-12,15:33:20.387281,1778592800.387281,s,575.73558,s,21488,
2026-05-12,15:33:20.635686,1778592800.635686,s,575.983985,s,21491,
2026-05-12,15:33:20.887728,1778592800.887728,s,576.236027,s,21483,
2026-05-12,15:33:21.136175,1778592801.136175,s,576.484474,s,21494,
2026-05-12,15:33:21.388090,1778592801.38809,s,576.736389,s,21498,
2026-05-12,15:33:21.636495,1778592801.636495,s,576.984794,s,21503,
2026-05-12,15:33:21.888402,1778592801.888402,s,577.236701,s,21502,
2026-05-12,15:33:22.136821,1778592802.136821,s,577.48512,s,21499,
2026-05-12,15:33:22.388870,1778592802.38887,s,577.737169,s,21504,
2026-05-12,15:33:22.637157,1778592802.637157,s,577.985456,s,21503,
2026-05-12,15:33:22.889359,1778592802.889359,s,578.237658,s,21495,
2026-05-12,15:33:23.137478,1778592803.137478,s,578.485777,s,21504,
2026-05-12,15:33:23.389900,1778592803.3899,s,578.738199,s,21499,
2026-05-12,15:33:23.637794,1778592803.637794,s,578.986093,s,21507,
2026-05-12,15:33:23.890434,1778592803.890434,s,579.238733,s,21510,
2026-05-12,15:33:24.138130,1778592804.13813,s,579.486429,s,21517,
2026-05-12,15:33:24.390933,1778592804.390933,s,579.739232,s,21507,
2026-05-12,15:33:24.638462,1778592804.638462,s,579.986761,s,21507,
2026-05-12,15:33:24.891428,1778592804.891428,s,580.239727,s,21520,
2026-05-12,15:33:25.138738,1778592805.138738,s,580.487037,s,21506,
2026-05-12,15:33:25.391881,1778592805.391881,s,580.74018,s,21522,
2026-05-12,15:33:25.639105,1778592805.639105,s,580.987404,s,21519,
2026-05-12,15:33:25.892367,1778592805.892367,s,581.240666,s,21507,
2026-05-12,15:33:26.139666,1778592806.139666,s,581.487965,s,21523,
2026-05-12,15:33:26.392801,1778592806.392801,s,581.7411,s,21513,
2026-05-12,15:33:26.640199,1778592806.640199,s,581.988498,s,21524,
2026-05-12,15:33:26.893220,1778592806.89322,s,582.241519,s,21516,
2026-05-12,15:33:27.140728,1778592807.140728,s,582.489027,s,21527,
2026-05-12,15:33:27.393566,1778592807.393566,s,582.741865,s,21530,
2026-05-12,15:33:27.641201,1778592807.641201,s,582.9895,s,21521,
2026-05-12,15:33:27.894025,1778592807.894025,s,583.242324,s,21534,
2026-05-12,15:33:28.141719,1778592808.141719,s,583.490018,s,21525,
2026-05-12,15:33:28.394419,1778592808.394419,s,583.742718,s,21533,
2026-05-12,15:33:28.642085,1778592808.642085,s,583.990384,s,21525,
2026-05-12,15:33:28.894854,1778592808.894854,s,584.243153,s,21528,
2026-05-12,15:33:29.142624,1778592809.142624,s,584.490923,s,21530,
2026-05-12,15:33:29.395192,1778592809.395192,s,584.743491,s,21529,
2026-05-12,15:33:29.643128,1778592809.643128,s,584.991427,s,21537,
2026-05-12,15:33:29.895628,1778592809.895628,s,585.243927,s,21546,
2026-05-12,15:33:30.143604,1778592810.143604,s,585.491903,s,21550,
2026-05-12,15:33:30.395951,1778592810.395951,s,585.74425,s,21549,
2026-05-12,15:33:30.644119,1778592810.644119,s,585.992418,s,21545,
2026-05-12,15:33:30.896445,1778592810.896445,s,586.244744,s,21554,
2026-05-12,15:33:31.144593,1778592811.144593,s,586.492892,s,21544,
2026-05-12,15:33:31.396772,1778592811.396772,s,586.745071,s,21555,
2026-05-12,15:33:31.645048,1778592811.645048,s,586.993347,s,21555,
2026-05-12,15:33:31.897094,1778592811.897094,s,587.245393,s,21555,
2026-05-12,15:33:32.145538,1778592812.145538,s,587.493837,s,21556,
2026-05-12,15:33:32.397339,1778592812.397339,s,587.745638,s,21566,
2026-05-12,15:33:32.646059,1778592812.646059,s,587.994358,s,21565,
2026-05-12,15:33:32.897573,1778592812.897573,s,588.245872,s,21560,
2026-05-12,15:33:33.146543,1778592813.146543,s,588.494842,s,21568,
2026-05-12,15:33:33.397894,1778592813.397894,s,588.746193,s,21556,
2026-05-12,15:33:33.646995,1778592813.646995,s,588.995294,s,21563,
2026-05-12,15:33:33.898646,1778592813.898646,s,589.246945,s,21570,
2026-05-12,15:33:34.147449,1778592814.147449,s,589.495748,s,21565,
2026-05-12,15:33:34.399079,1778592814.399079,s,589.747378,s,21561,
2026-05-12,15:33:34.647876,1778592814.647876,s,589.996175,s,21577,
2026-05-12,15:33:34.899620,1778592814.89962,s,590.247919,s,21580,
2026-05-12,15:33:35.148418,1778592815.148418,s,590.496717,s,21575,
2026-05-12,15:33:35.400062,1778592815.400062,s,590.748361,s,21583,
2026-05-12,15:33:35.648847,1778592815.648847,s,590.997146,s,21576,
2026-05-12,15:33:35.900576,1778592815.900576,s,591.248875,s,21583,
2026-05-12,15:33:36.149271,1778592816.149271,s,591.49757,s,21581,
2026-05-12,15:33:36.401044,1778592816.401044,s,591.749343,s,21582,
2026-05-12,15:33:36.649532,1778592816.649532,s,591.997831,s,21591,
2026-05-12,15:33:36.901590,1778592816.90159,s,592.249889,s,21571,
2026-05-12,15:33:37.149890,1778592817.14989,s,592.498189,s,21593,
2026-05-12,15:33:37.402071,1778592817.402071,s,592.75037,s,21597,
2026-05-12,15:33:37.650310,1778592817.65031,s,592.998609,s,21601,
2026-05-12,15:33:37.902585,1778592817.902585,s,593.250884,s,21601,
2026-05-12,15:33:38.150561,1778592818.150561,s,593.49886,s,21593,
2026-05-12,15:33:38.403056,1778592818.403056,s,593.751355,s,21596,
2026-05-12,15:33:38.650921,1778592818.650921,s,593.99922,s,21594,
2026-05-12,15:33:38.903595,1778592818.903595,s,594.251894,s,21598,
2026-05-12,15:33:39.151277,1778592819.151277,s,594.499576,s,21604,
2026-05-12,15:33:39.404106,1778592819.404106,s,594.752405,s,21597,
2026-05-12,15:33:39.651540,1778592819.65154,s,594.999839,s,21605,
2026-05-12,15:33:39.904604,1778592819.904604,s,595.252903,s,21605,
2026-05-12,15:33:40.151851,1778592820.151851,s,595.50015,s,21605,
2026-05-12,15:33:40.405051,1778592820.405051,s,595.75335,s,21610,
2026-05-12,15:33:40.652141,1778592820.652141,s,596.00044,s,21611,
2026-05-12,15:33:40.905502,1778592820.905502,s,596.253801,s,21623,
2026-05-12,15:33:41.152807,1778592821.152807,s,596.501106,s,22226,
2026-05-12,15:33:41.405993,1778592821.405993,s,596.754292,s,22490,
2026-05-12,15:33:41.653274,1778592821.653274,s,597.001573,s,22758,
2026-05-12,15:33:41.906457,1778592821.906457,s,597.254756,s,22918,
2026-05-12,15:33:42.153818,1778592822.153818,s,597.502117,s,23090,
2026-05-12,15:33:42.406949,1778592822.406949,s,597.755248,s,23211,
2026-05-12,15:33:42.654324,1778592822.654324,s,598.002623,s,23361,
2026-05-12,15:33:42.907400,1778592822.9074,s,598.255699,s,23461,
2026-05-12,15:33:43.154874,1778592823.154874,s,598.503173,s,23581,
2026-05-12,15:33:43.407824,1778592823.407824,s,598.756123,s,23667,
2026-05-12,15:33:43.655355,1778592823.655355,s,599.003654,s,23762,
2026-05-12,15:33:43.908204,1778592823.908204,s,599.256503,s,23818,
2026-05-12,15:33:44.155821,1778592824.155821,s,599.50412,s,23935,
2026-05-12,15:33:44.408637,1778592824.408637,s,599.756936,s,23975,
2026-05-12,15:33:44.656311,1778592824.656311,s,600.00461,s,24073,
2026-05-12,15:33:44.908965,1778592824.908965,s,600.257264,s,24119,
2026-05-12,15:33:45.156800,1778592825.1568,s,600.505099,s,24217,
2026-05-12,15:33:45.409294,1778592825.409294,s,600.757593,s,24258,
2026-05-12,15:33:45.657250,1778592825.65725,s,601.005549,s,24332,
2026-05-12,15:33:45.909604,1778592825.909604,s,601.257903,s,24402,
2026-05-12,15:33:46.157683,1778592826.157683,s,601.505982,s,24428,
2026-05-12,15:33:46.409897,1778592826.409897,s,601.758196,s,24506,
2026-05-12,15:33:46.658233,1778592826.658233,s,602.006532,s,24542,
2026-05-12,15:33:46.910178,1778592826.910178,s,602.258477,s,24575,
2026-05-12,15:33:47.158727,1778592827.158727,s,602.507026,s,24632,
2026-05-12,15:33:47.410467,1778592827.410467,s,602.758766,s,24698,
2026-05-12,15:33:47.659186,1778592827.659186,s,603.007485,s,24729,
2026-05-12,15:33:47.910695,1778592827.910695,s,603.258994,s,24773,
2026-05-12,15:33:48.159668,1778592828.159668,s,603.507967,s,24815,
2026-05-12,15:33:48.411016,1778592828.411016,s,603.759315,s,24853,
2026-05-12,15:33:48.660102,1778592828.660102,s,604.008401,s,24888,
2026-05-12,15:33:48.911360,1778592828.91136,s,604.259659,s,24936,
2026-05-12,15:33:49.160523,1778592829.160523,s,604.508822,s,24966,
2026-05-12,15:33:49.411782,1778592829.411782,s,604.760081,s,25013,
2026-05-12,15:33:49.660940,1778592829.66094,s,605.009239,s,25051,
2026-05-12,15:33:49.912237,1778592829.912237,s,605.260536,s,25089,
2026-05-12,15:33:50.161363,1778592830.161363,s,605.509662,s,25125,
2026-05-12,15:33:50.412565,1778592830.412565,s,605.760864,s,25147,
2026-05-12,15:33:50.661773,1778592830.661773,s,606.010072,s,25187,
2026-05-12,15:33:50.912898,1778592830.912898,s,606.261197,s,25219,
2026-05-12,15:33:51.162105,1778592831.162105,s,606.510404,s,25251,
2026-05-12,15:33:51.413337,1778592831.413337,s,606.761636,s,25286,
2026-05-12,15:33:51.662431,1778592831.662431,s,607.01073,s,25308,
2026-05-12,15:33:51.913601,1778592831.913601,s,607.2619,s,25349,
2026-05-12,15:33:52.162665,1778592832.162665,s,607.510964,s,25369,
2026-05-12,15:33:52.414078,1778592832.414078,s,607.762377,s,25404,
2026-05-12,15:33:52.662999,1778592832.662999,s,608.011298,s,25421,
2026-05-12,15:33:52.914478,1778592832.914478,s,608.262777,s,25451,
2026-05-12,15:33:53.163330,1778592833.16333,s,608.511629,s,25471,
2026-05-12,15:33:53.414950,1778592833.41495,s,608.763249,s,25499,
2026-05-12,15:33:53.663599,1778592833.663599,s,609.011898,s,25527,
2026-05-12,15:33:53.915319,1778592833.915319,s,609.263618,s,25547,
2026-05-12,15:33:54.163932,1778592834.163932,s,609.512231,s,25569,
2026-05-12,15:33:54.415610,1778592834.41561,s,609.763909,s,25596,
2026-05-12,15:33:54.664289,1778592834.664289,s,610.012588,s,25620,
2026-05-12,15:33:54.915966,1778592834.915966,s,610.264265,s,25635,
2026-05-12,15:33:55.164801,1778592835.164801,s,610.5131,s,25655,
2026-05-12,15:33:55.416421,1778592835.416421,s,610.76472,s,25677,
2026-05-12,15:33:55.665175,1778592835.665175,s,611.013474,s,25690,
2026-05-12,15:33:55.916797,1778592835.916797,s,611.265096,s,25714,
2026-05-12,15:33:56.165687,1778592836.165687,s,611.513986,s,25725,
2026-05-12,15:33:56.417246,1778592836.417246,s,611.765545,s,25740,
2026-05-12,15:33:56.666232,1778592836.666232,s,612.014531,s,25760,
2026-05-12,15:33:56.917696,1778592836.917696,s,612.265995,s,25782,
2026-05-12,15:33:57.166722,1778592837.166722,s,612.515021,s,25791,
2026-05-12,15:33:57.418022,1778592837.418022,s,612.766321,s,25807,
2026-05-12,15:33:57.667219,1778592837.667219,s,613.015518,s,25824,
2026-05-12,15:33:57.918443,1778592837.918443,s,613.266742,s,25842,
2026-05-12,15:33:58.167486,1778592838.167486,s,613.515785,s,25856,
2026-05-12,15:33:58.418688,1778592838.418688,s,613.766987,s,25876,
2026-05-12,15:33:58.667974,1778592838.667974,s,614.016273,s,25873,
2026-05-12,15:33:58.919036,1778592838.919036,s,614.267335,s,25894,
2026-05-12,15:33:59.168501,1778592839.168501,s,614.5168,s,25909,
2026-05-12,15:33:59.419399,1778592839.419399,s,614.767698,s,25921,
2026-05-12,15:33:59.668968,1778592839.668968,s,615.017267,s,25924,
2026-05-12,15:33:59.919789,1778592839.919789,s,615.268088,s,25940,
2026-05-12,15:34:00.169453,1778592840.169453,s,615.517752,s,25946,
2026-05-12,15:34:00.420131,1778592840.420131,s,615.76843,s,25959,
2026-05-12,15:34:00.669998,1778592840.669998,s,616.018297,s,25972,
2026-05-12,15:34:00.920476,1778592840.920476,s,616.268775,s,25975,
2026-05-12,15:34:01.170404,1778592841.170404,s,616.518703,s,25983,
2026-05-12,15:34:01.420726,1778592841.420726,s,616.769025,s,25994,
2026-05-12,15:34:01.670874,1778592841.670874,s,617.019173,s,26004,
2026-05-12,15:34:01.921078,1778592841.921078,s,617.269377,s,26018,
2026-05-12,15:34:02.171391,1778592842.171391,s,617.51969,s,26013,
2026-05-12,15:34:02.421290,1778592842.42129,s,617.769589,s,26023,
2026-05-12,15:34:02.671829,1778592842.671829,s,618.020128,s,26029,
2026-05-12,15:34:02.921502,1778592842.921502,s,618.269801,s,26043,
2026-05-12,15:34:03.172377,1778592843.172377,s,618.520676,s,26051,
2026-05-12,15:34:03.422043,1778592843.422043,s,618.770342,s,26049,
2026-05-12,15:34:03.672824,1778592843.672824,s,619.021123,s,26053,
2026-05-12,15:34:03.922591,1778592843.922591,s,619.27089,s,26055,
2026-05-12,15:34:04.173250,1778592844.17325,s,619.521549,s,26065,
2026-05-12,15:34:04.423133,1778592844.423133,s,619.771432,s,26068,
2026-05-12,15:34:04.673695,1778592844.673695,s,620.021994,s,25986,
2026-05-12,15:34:04.923674,1778592844.923674,s,620.271973,s,26055,
2026-05-12,15:34:05.174117,1778592845.174117,s,620.522416,s,26061,
2026-05-12,15:34:05.424206,1778592845.424206,s,620.772505,s,26073,
2026-05-12,15:34:05.674493,1778592845.674493,s,621.022792,s,26068,
2026-05-12,15:34:05.924774,1778592845.924774,s,621.273073,s,26076,
2026-05-12,15:34:06.174819,1778592846.174819,s,621.523118,s,26070,
2026-05-12,15:34:06.425309,1778592846.425309,s,621.773608,s,26063,
2026-05-12,15:34:06.675174,1778592846.675174,s,622.023473,s,26071,
2026-05-12,15:34:06.925845,1778592846.925845,s,622.274144,s,26059,
2026-05-12,15:34:07.175495,1778592847.175495,s,622.523794,s,26033,
2026-05-12,15:34:07.426222,1778592847.426222,s,622.774521,s,25928,
2026-05-12,15:34:07.675925,1778592847.675925,s,623.024224,s,25523,
2026-05-12,15:34:07.926740,1778592847.92674,s,623.275039,s,23877,
2026-05-12,15:34:08.176368,1778592848.176368,s,623.524667,s,21652,
2026-05-12,15:34:08.427204,1778592848.427204,s,623.775503,s,16728,
2026-05-12,15:34:08.676647,1778592848.676647,s,624.024946,s,12834,
2026-05-12,15:34:08.927720,1778592848.92772,s,624.276019,s,-938,
2026-05-12,15:34:09.177052,1778592849.177052,s,624.525351,s,-939,
2026-05-12,15:34:09.428292,1778592849.428292,s,624.776591,s,-935,
2026-05-12,15:34:09.677414,1778592849.677414,s,625.025713,s,-929,
2026-05-12,15:34:09.928806,1778592849.928806,s,625.277105,s,-927,
2026-05-12,15:34:10.177697,1778592850.177697,s,625.525996,s,-924,
2026-05-12,15:34:10.429291,1778592850.429291,s,625.77759,s,-919,
2026-05-12,15:34:10.678113,1778592850.678113,s,626.026412,s,-917,
2026-05-12,15:34:10.929786,1778592850.929786,s,626.278085,s,-913,
2026-05-12,15:34:11.178485,1778592851.178485,s,626.526784,s,-919,
2026-05-12,15:34:11.430251,1778592851.430251,s,626.77855,s,-917,
2026-05-12,15:34:11.678832,1778592851.678832,s,627.027131,s,-914,
2026-05-12,15:34:11.930684,1778592851.930684,s,627.278983,s,-913,
2026-05-12,15:34:12.179322,1778592852.179322,s,627.527621,s,-917,
2026-05-12,15:34:12.431108,1778592852.431108,s,627.779407,s,-909,
2026-05-12,15:34:12.679629,1778592852.679629,s,628.027928,s,-906,
2026-05-12,15:34:12.931525,1778592852.931525,s,628.279824,s,-904,
2026-05-12,15:34:13.180020,1778592853.18002,s,628.528319,s,-911,
2026-05-12,15:34:13.431942,1778592853.431942,s,628.780241,s,-909,
2026-05-12,15:34:13.680442,1778592853.680442,s,629.028741,s,-903,
2026-05-12,15:34:13.932293,1778592853.932293,s,629.280592,s,-913,
2026-05-12,15:34:14.180979,1778592854.180979,s,629.529278,s,-905,
2026-05-12,15:34:14.432538,1778592854.432538,s,629.780837,s,-903,
2026-05-12,15:34:14.681351,1778592854.681351,s,630.02965,s,-912,
2026-05-12,15:34:14.932866,1778592854.932866,s,630.281165,s,-908,
2026-05-12,15:34:15.181825,1778592855.181825,s,630.530124,s,-906,
2026-05-12,15:34:15.433193,1778592855.433193,s,630.781492,s,-895,
2026-05-12,15:34:15.682208,1778592855.682208,s,631.030507,s,-904,
2026-05-12,15:34:15.933484,1778592855.933484,s,631.281783,s,-900,
2026-05-12,15:34:16.182787,1778592856.182787,s,631.531086,s,-897,
2026-05-12,15:34:16.433712,1778592856.433712,s,631.782011,s,-900,
2026-05-12,15:34:16.683270,1778592856.68327,s,632.031569,s,-902,
2026-05-12,15:34:16.933986,1778592856.933986,s,632.282285,s,-900,
2026-05-12,15:34:17.183822,1778592857.183822,s,632.532121,s,-903,
2026-05-12,15:34:17.434281,1778592857.434281,s,632.78258,s,-903,
2026-05-12,15:34:17.684131,1778592857.684131,s,633.03243,s,-905,
2026-05-12,15:34:17.934793,1778592857.934793,s,633.283092,s,-892,
2026-05-12,15:34:18.184662,1778592858.184662,s,633.532961,s,-905,
2026-05-12,15:34:18.435247,1778592858.435247,s,633.783546,s,-900,
2026-05-12,15:34:18.685183,1778592858.685183,s,634.033482,s,-894,
2026-05-12,15:34:18.935530,1778592858.93553,s,634.283829,s,-894,
2026-05-12,15:34:19.185666,1778592859.185666,s,634.533965,s,-904,
2026-05-12,15:34:19.435876,1778592859.435876,s,634.784175,s,-899,
2026-05-12,15:34:19.686008,1778592859.686008,s,635.034307,s,-892,
