TIME,CH1,CH1 Peak Detect,CH2,CH2 Peak Detect
-2.0000e-02,-0.1,-0.3,-0.128,-0.132
-1.9992e-02,-0.1,0.1,-0.128,-0.124
-1.9985e-02,-0.1,-0.3,-0.128,-0.132
-1.9977e-02,-0.1,0.1,-0.128,-0.124
-1.9969e-02,-0.1,-0.3,-0.124,-0.132
-1.9962e-02,-0.1,0.1,-0.128,-0.12
-1.9954e-02,-0.1,-0.3,-0.124,-0.128
-1.9946e-02,-0.1,0.1,-0.124,-0.12
-1.9939e-02,-0.1,-0.3,-0.124,-0.128
-1.9931e-02,0.1,0.1,-0.124,-0.12
-1.9923e-02,-0.1,-0.3,-0.124,-0.128
-1.9916e-02,0.1,0.3,-0.124,-0.12
-1.9908e-02,0.1,-0.1,-0.124,-0.128
-1.9900e-02,0.1,0.3,-0.124,-0.12
-1.9892e-02,0.1,-0.1,-0.124,-0.128
-1.9885e-02,0.1,0.3,-0.124,-0.116
-1.9877e-02,0.1,-0.1,-0.124,-0.124
-1.9869e-02,0.3,0.3,-0.124,-0.116
-1.9862e-02,0.3,-0.1,-0.124,-0.124
-1.9854e-02,0.1,0.3,-0.12,-0.116
-1.9846e-02,0.3,-0.1,-0.12,-0.124
-1.9839e-02,0.1,0.3,-0.12,-0.116
-1.9831e-02,0.1,-0.1,-0.12,-0.124
-1.9823e-02,0.3,0.3,-0.12,-0.116
-1.9816e-02,0.3,0.1,-0.12,-0.124
-1.9808e-02,0.3,0.5,-0.12,-0.116
-1.9800e-02,0.3,0.1,-0.12,-0.124
-1.9793e-02,0.3,0.5,-0.12,-0.116
-1.9785e-02,0.3,0.1,-0.116,-0.12
-1.9777e-02,0.3,0.5,-0.12,-0.112
-1.9770e-02,0.3,0.1,-0.116,-0.12
-1.9762e-02,0.3,0.5,-0.116,-0.112
-1.9754e-02,0.3,0.1,-0.116,-0.12
-1.9747e-02,0.3,0.5,-0.116,-0.112
-1.9739e-02,0.3,0.1,-0.116,-0.12
-1.9731e-02,0.3,0.5,-0.116,-0.112
-1.9724e-02,0.3,0.3,-0.116,-0.116
-1.9716e-02,0.5,0.5,-0.116,-0.112
-1.9708e-02,0.5,0.3,-0.112,-0.116
-1.9700e-02,0.5,0.5,-0.112,-0.108
-1.9693e-02,0.5,0.3,-0.116,-0.116
-1.9685e-02,0.5,0.7,-0.112,-0.108
-1.9677e-02,0.5,0.3,-0.112,-0.116
-1.9670e-02,0.5,0.7,-0.112,-0.108
-1.9662e-02,0.5,0.3,-0.112,-0.116
-1.9654e-02,0.5,0.7,-0.112,-0.108
-1.9647e-02,0.5,0.3,-0.112,-0.112
-1.9639e-02,0.5,0.7,-0.112,-0.108
-1.9631e-02,0.5,0.3,-0.112,-0.112
-1.9624e-02,0.5,0.7,-0.108,-0.108
-1.9616e-02,0.5,0.3,-0.112,-0.112
-1.9608e-02,0.7,0.9,-0.112,-0.104
-1.9601e-02,0.7,0.3,-0.108,-0.112
-1.9593e-02,0.7,0.9,-0.108,-0.104
-1.9585e-02,0.7,0.5,-0.108,-0.112
-1.9578e-02,0.7,0.9,-0.108,-0.104
-1.9570e-02,0.7,0.5,-0.104,-0.112
-1.9562e-02,0.7,0.9,-0.108,-0.1
-1.9555e-02,0.7,0.5,-0.104,-0.108
-1.9547e-02,0.7,0.9,-0.104,-0.1
-1.9539e-02,0.9,0.5,-0.104,-0.108
-1.9531e-02,0.7,0.9,-0.104,-0.1
-1.9524e-02,0.9,0.5,-0.104,-0.108
-1.9516e-02,0.7,0.9,-0.104,-0.1
-1.9508e-02,0.9,0.5,-0.104,-0.108
-1.9501e-02,0.9,0.9,-0.104,-0.1
-1.9493e-02,0.9,0.5,-0.104,-0.108
-1.9485e-02,0.9,0.9,-0.104,-0.1
-1.9478e-02,0.7,0.5,-0.104,-0.104
-1.9470e-02,0.9,1.1,-0.1,-0.096
-1.9462e-02,0.9,0.7,-0.1,-0.104
-1.9455e-02,0.9,1.1,-0.1,-0.096
-1.9447e-02,0.9,0.7,-0.1,-0.104
-1.9439e-02,0.9,1.1,-0.096,-0.096
-1.9432e-02,0.9,0.7,-0.1,-0.104
-1.9424e-02,0.9,1.1,-0.1,-0.096
-1.9416e-02,0.9,0.7,-0.096,-0.1
-1.9409e-02,0.9,1.1,-0.096,-0.096
-1.9401e-02,0.9,0.7,-0.1,-0.1
-1.9393e-02,0.9,1.1,-0.096,-0.092
-1.9386e-02,0.9,0.7,-0.1,-0.1
-1.9378e-02,0.9,1.1,-0.096,-0.092
-1.9370e-02,0.9,0.7,-0.096,-0.1
-1.9363e-02,0.9,1.1,-0.096,-0.092
-1.9355e-02,0.9,0.7,-0.096,-0.1
-1.9347e-02,1.1,1.3,-0.096,-0.092
-1.9339e-02,1.1,0.9,-0.092,-0.096
-1.9332e-02,0.9,1.3,-0.096,-0.092
-1.9324e-02,1.1,0.9,-0.092,-0.096
-1.9316e-02,1.1,1.3,-0.092,-0.088
-1.9309e-02,1.1,0.9,-0.092,-0.096
-1.9301e-02,1.1,1.3,-0.092,-0.088
-1.9293e-02,1.1,0.9,-0.092,-0.096
-1.9286e-02,1.1,1.3,-0.092,-0.088
-1.9278e-02,1.1,0.9,-0.092,-0.096
-1.9270e-02,1.1,1.3,-0.092,-0.088
-1.9263e-02,1.1,0.9,-0.088,-0.096
-1.9255e-02,1.1,1.3,-0.088,-0.088
-1.9247e-02,1.1,0.9,-0.092,-0.092
-1.9240e-02,1.3,1.3,-0.088,-0.084
-1.9232e-02,1.1,0.9,-0.088,-0.092
-1.9224e-02,1.3,1.3,-0.088,-0.084
-1.9217e-02,1.3,0.9,-0.088,-0.092
-1.9209e-02,1.1,1.3,-0.088,-0.084
-1.9201e-02,1.3,0.9,-0.088,-0.092
-1.9194e-02,1.3,1.5,-0.084,-0.084
-1.9186e-02,1.3,1.1,-0.084,-0.088
-1.9178e-02,1.3,1.5,-0.088,-0.084
-1.9171e-02,1.3,1.1,-0.084,-0.088
-1.9163e-02,1.3,1.5,-0.088,-0.08
-1.9155e-02,1.3,1.1,-0.084,-0.088
-1.9147e-02,1.3,1.5,-0.084,-0.08
-1.9140e-02,1.3,1.1,-0.084,-0.088
-1.9132e-02,1.3,1.5,-0.08,-0.08
-1.9124e-02,1.3,1.1,-0.084,-0.088
-1.9117e-02,1.3,1.5,-0.084,-0.08
-1.9109e-02,1.3,1.1,-0.08,-0.088
-1.9101e-02,1.3,1.5,-0.08,-0.076
-1.9094e-02,1.3,1.1,-0.084,-0.084
-1.9086e-02,1.3,1.5,-0.08,-0.076
-1.9078e-02,1.3,1.1,-0.08,-0.084
-1.9071e-02,1.5,1.5,-0.08,-0.076
-1.9063e-02,1.5,1.1,-0.076,-0.084
-1.9055e-02,1.3,1.5,-0.08,-0.076
-1.9048e-02,1.5,1.1,-0.08,-0.08
-1.9040e-02,1.5,1.7,-0.076,-0.076
-1.9032e-02,1.5,1.3,-0.076,-0.08
-1.9025e-02,1.5,1.7,-0.076,-0.072
-1.9017e-02,1.3,1.3,-0.076,-0.08
-1.9009e-02,1.5,1.7,-0.076,-0.072
-1.9002e-02,1.5,1.3,-0.076,-0.08
-1.8994e-02,1.5,1.7,-0.076,-0.072
-1.8986e-02,1.5,1.3,-0.072,-0.084
-1.8978e-02,1.5,1.7,-0.076,-0.064
-1.8971e-02,1.5,1.3,-0.072,-0.076
-1.8963e-02,1.5,1.7,-0.072,-0.068
-1.8955e-02,1.5,1.3,-0.072,-0.076
-1.8948e-02,1.5,1.7,-0.072,-0.068
-1.8940e-02,1.5,1.3,-0.072,-0.076
-1.8932e-02,1.7,1.7,-0.072,-0.068
-1.8925e-02,1.7,1.3,-0.072,-0.076
-1.8917e-02,1.5,1.7,-0.068,-0.068
-1.8909e-02,1.7,1.3,-0.068,-0.072
-1.8902e-02,1.7,1.9,-0.068,-0.064
-1.8894e-02,1.7,1.3,-0.068,-0.072
-1.8886e-02,1.7,1.9,-0.068,-0.064
-1.8879e-02,1.7,1.5,-0.068,-0.072
-1.8871e-02,1.7,1.9,-0.068,-0.064
-1.8863e-02,1.7,1.5,-0.064,-0.072
-1.8856e-02,1.7,1.9,-0.064,-0.064
-1.8848e-02,1.7,1.5,-0.064,-0.068
-1.8840e-02,1.7,1.9,-0.064,-0.06
-1.8833e-02,1.7,1.5,-0.064,-0.068
-1.8825e-02,1.7,1.9,-0.064,-0.06
-1.8817e-02,1.9,1.5,-0.064,-0.068
-1.8810e-02,1.7,1.9,-0.064,-0.06
-1.8802e-02,1.9,1.5,-0.06,-0.068
-1.8794e-02,1.9,1.9,-0.06,-0.056
-1.8786e-02,1.7,1.5,-0.06,-0.068
-1.8779e-02,1.7,1.9,-0.06,-0.052
-1.8771e-02,1.9,1.5,-0.06,-0.064
-1.8763e-02,1.7,1.9,-0.06,-0.056
-1.8756e-02,1.9,1.5,-0.056,-0.064
-1.8748e-02,1.7,1.9,-0.056,-0.056
-1.8740e-02,1.9,1.5,-0.056,-0.06
-1.8733e-02,1.9,1.9,-0.056,-0.052
-1.8725e-02,1.7,1.5,-0.056,-0.06
-1.8717e-02,1.9,1.9,-0.056,-0.052
-1.8710e-02,1.9,1.5,-0.056,-0.06
-1.8702e-02,1.9,2.1,-0.056,-0.052
-1.8694e-02,1.9,1.5,-0.056,-0.06
-1.8687e-02,1.9,2.1,-0.056,-0.048
-1.8679e-02,1.9,1.5,-0.052,-0.056
-1.8671e-02,1.9,2.1,-0.052,-0.048
-1.8664e-02,1.9,1.7,-0.052,-0.056
-1.8656e-02,1.9,2.1,-0.052,-0.048
-1.8648e-02,1.9,1.7,-0.052,-0.056
-1.8641e-02,1.9,2.1,-0.048,-0.048
-1.8633e-02,1.9,1.7,-0.048,-0.052
-1.8625e-02,1.9,2.1,-0.048,-0.048
-1.8618e-02,1.9,1.7,-0.048,-0.052
-1.8610e-02,1.9,2.1,-0.048,-0.044
-1.8602e-02,1.9,1.7,-0.048,-0.052
-1.8594e-02,1.9,2.1,-0.044,-0.044
-1.8587e-02,1.9,1.7,-0.048,-0.056
-1.8579e-02,1.9,2.1,-0.048,-0.04
-1.8571e-02,1.9,1.7,-0.044,-0.048
-1.8564e-02,1.9,2.1,-0.044,-0.04
-1.8556e-02,2.1,1.7,-0.044,-0.048
-1.8548e-02,2.1,2.1,-0.044,-0.04
-1.8541e-02,2.1,1.7,-0.044,-0.048
-1.8533e-02,2.1,2.1,-0.044,-0.04
-1.8525e-02,1.9,1.7,-0.044,-0.048
-1.8518e-02,1.9,2.1,-0.04,-0.036
-1.8510e-02,2.1,1.7,-0.04,-0.044
-1.8502e-02,2.1,2.1,-0.04,-0.036
-1.8495e-02,1.9,1.7,-0.04,-0.044
-1.8487e-02,1.9,2.1,-0.04,-0.036
-1.8479e-02,2.1,1.7,-0.036,-0.044
-1.8472e-02,1.9,2.3,-0.04,-0.036
-1.8464e-02,1.9,1.7,-0.036,-0.04
-1.8456e-02,2.1,2.3,-0.04,-0.032
-1.8449e-02,2.1,1.7,-0.036,-0.04
-1.8441e-02,1.9,2.3,-0.036,-0.032
-1.8433e-02,2.1,1.9,-0.036,-0.04
-1.8425e-02,2.1,2.3,-0.036,-0.032
-1.8418e-02,2.1,1.9,-0.036,-0.04
-1.8410e-02,2.1,2.3,-0.036,-0.032
-1.8402e-02,2.1,1.9,-0.032,-0.036
-1.8395e-02,2.1,2.3,-0.032,-0.028
-1.8387e-02,2.1,1.9,-0.032,-0.036
-1.8379e-02,2.1,2.3,-0.032,-0.028
-1.8372e-02,2.1,1.9,-0.028,-0.036
-1.8364e-02,2.1,2.3,-0.028,-0.028
-1.8356e-02,2.1,1.9,-0.032,-0.032
-1.8349e-02,2.1,2.3,-0.028,-0.028
-1.8341e-02,2.1,1.9,-0.028,-0.036
-1.8333e-02,2.1,2.3,-0.028,-0.024
-1.8326e-02,2.3,1.9,-0.028,-0.032
-1.8318e-02,2.1,2.3,-0.028,-0.024
-1.8310e-02,2.1,1.9,-0.028,-0.032
-1.8303e-02,2.1,2.3,-0.024,-0.024
-1.8295e-02,2.1,1.9,-0.024,-0.028
-1.8287e-02,2.1,2.3,-0.024,-0.02
-1.8280e-02,2.1,1.9,-0.024,-0.028
-1.8272e-02,2.1,2.3,-0.024,-0.02
-1.8264e-02,2.1,1.9,-0.024,-0.028
-1.8257e-02,2.3,2.3,-0.024,-0.02
-1.8249e-02,2.3,1.9,-0.02,-0.028
-1.8241e-02,2.1,2.3,-0.02,-0.016
-1.8233e-02,2.3,1.9,-0.02,-0.024
-1.8226e-02,2.3,2.5,-0.02,-0.016
-1.8218e-02,2.3,1.9,-0.02,-0.024
-1.8210e-02,2.3,2.5,-0.02,-0.016
-1.8203e-02,2.3,2.1,-0.02,-0.024
-1.8195e-02,2.3,2.5,-0.016,-0.016
-1.8187e-02,2.3,1.9,-0.016,-0.02
-1.8180e-02,2.3,2.5,-0.016,-0.012
-1.8172e-02,2.3,2.1,-0.016,-0.02
-1.8164e-02,2.3,2.5,-0.016,-0.012
-1.8157e-02,2.3,2.1,-0.016,-0.02
-1.8149e-02,2.3,2.5,-0.016,-0.012
-1.8141e-02,2.3,2.1,-0.016,-0.02
-1.8134e-02,2.3,2.5,-0.012,-0.008
-1.8126e-02,2.3,2.1,-0.012,-0.02
-1.8118e-02,2.3,2.5,-0.012,-0.008
-1.8111e-02,2.5,2.1,-0.012,-0.016
-1.8103e-02,2.3,2.5,-0.012,-0.008
-1.8095e-02,2.5,2.1,-0.012,-0.016
-1.8088e-02,2.3,2.5,-0.012,-0.004
-1.8080e-02,2.3,2.1,-0.008,-0.016
-1.8072e-02,2.3,2.5,-0.008,8.9407e-11
-1.8065e-02,2.3,2.1,-0.004,-0.012
-1.8057e-02,2.3,2.5,-0.008,-0.004
-1.8049e-02,2.5,2.1,-0.004,-0.012
-1.8041e-02,2.5,2.5,-0.004,8.9407e-11
-1.8034e-02,2.5,2.1,-0.008,-0.012
-1.8026e-02,2.5,2.5,-0.004,8.9407e-11
-1.8018e-02,2.5,2.1,-0.004,-0.008
-1.8011e-02,2.5,2.7,-0.004,8.9407e-11
-1.8003e-02,2.5,2.1,-0.004,-0.008
-1.7995e-02,2.5,2.7,8.9407e-11,8.9407e-11
-1.7988e-02,2.5,2.3,8.9407e-11,-0.008
-1.7980e-02,2.5,2.7,8.9407e-11,0.004
-1.7972e-02,2.5,2.3,8.9407e-11,-0.008
-1.7965e-02,2.5,2.7,8.9407e-11,0.004
-1.7957e-02,2.5,2.3,8.9407e-11,-0.008
-1.7949e-02,2.5,2.7,8.9407e-11,0.008
-1.7942e-02,2.5,2.3,0.004,-0.004
-1.7934e-02,2.5,2.7,8.9407e-11,0.008
-1.7926e-02,2.5,2.3,0.004,-0.004
-1.7919e-02,2.5,2.7,0.004,0.008
-1.7911e-02,2.5,2.3,0.008,8.9407e-11
-1.7903e-02,2.5,2.7,0.008,0.008
-1.7896e-02,2.5,2.3,0.008,8.9407e-11
-1.7888e-02,2.7,2.7,0.008,0.012
-1.7880e-02,2.5,2.3,0.008,8.9407e-11
-1.7873e-02,2.5,2.7,0.008,0.012
-1.7865e-02,2.7,2.3,0.008,0.004
-1.7857e-02,2.7,2.7,0.008,0.012
-1.7849e-02,2.7,2.3,0.012,0.004
-1.7842e-02,2.5,2.7,0.012,0.016
-1.7834e-02,2.7,2.3,0.012,0.004
-1.7826e-02,2.5,2.7,0.012,0.016
-1.7819e-02,2.7,2.3,0.012,0.004
-1.7811e-02,2.7,2.7,0.012,0.016
-1.7803e-02,2.7,2.3,0.016,0.008
-1.7796e-02,2.7,2.7,0.016,0.016
-1.7788e-02,2.7,2.5,0.016,0.008
-1.7780e-02,2.7,2.9,0.016,0.02
-1.7773e-02,2.7,2.3,0.016,0.008
-1.7765e-02,2.7,2.9,0.016,0.02
-1.7757e-02,2.7,2.5,0.016,0.008
-1.7750e-02,2.7,2.9,0.016,0.024
-1.7742e-02,2.7,2.5,0.016,0.012
-1.7734e-02,2.7,2.9,0.02,0.024
-1.7727e-02,2.9,2.5,0.02,0.012
-1.7719e-02,2.7,2.9,0.02,0.024
-1.7711e-02,2.7,2.5,0.02,0.016
-1.7704e-02,2.7,2.9,0.02,0.024
-1.7696e-02,2.7,2.5,0.024,0.016
-1.7688e-02,2.9,2.9,0.024,0.028
-1.7680e-02,2.7,2.5,0.024,0.016
-1.7673e-02,2.9,2.9,0.024,0.028
-1.7665e-02,2.9,2.5,0.024,0.016
-1.7657e-02,2.9,2.9,0.028,0.028
-1.7650e-02,2.9,2.5,0.028,0.02
-1.7642e-02,2.7,2.9,0.024,0.032
-1.7634e-02,2.9,2.5,0.028,0.016
-1.7627e-02,2.9,3.1,0.028,0.032
-1.7619e-02,2.9,2.7,0.028,0.02
-1.7611e-02,2.9,3.1,0.028,0.032
-1.7604e-02,2.9,2.7,0.028,0.024
-1.7596e-02,2.9,3.1,0.032,0.032
-1.7588e-02,2.9,2.7,0.032,0.024
-1.7581e-02,2.9,3.1,0.032,0.036
-1.7573e-02,2.9,2.7,0.032,0.024
-1.7565e-02,2.9,3.1,0.032,0.036
-1.7558e-02,2.9,2.7,0.032,0.024
-1.7550e-02,3.1,3.1,0.032,0.04
-1.7542e-02,2.9,2.7,0.032,0.028
-1.7535e-02,2.9,3.1,0.036,0.04
-1.7527e-02,2.9,2.7,0.036,0.028
-1.7519e-02,2.9,3.1,0.036,0.04
-1.7512e-02,2.9,2.7,0.04,0.032
-1.7504e-02,2.9,3.1,0.036,0.04
-1.7496e-02,3.1,2.7,0.036,0.032
-1.7488e-02,3.1,3.1,0.04,0.04
-1.7481e-02,3.1,2.7,0.04,0.032
-1.7473e-02,3.1,3.3,0.04,0.044
-1.7465e-02,3.1,2.9,0.04,0.036
-1.7458e-02,3.1,3.3,0.04,0.044
-1.7450e-02,3.1,2.9,0.04,0.036
-1.7442e-02,3.1,3.3,0.04,0.044
-1.7435e-02,3.1,2.9,0.04,0.036
-1.7427e-02,3.1,3.3,0.044,0.048
-1.7419e-02,3.1,2.9,0.044,0.04
-1.7412e-02,3.1,3.3,0.044,0.048
-1.7404e-02,3.1,2.9,0.044,0.04
-1.7396e-02,3.1,3.3,0.044,0.048
-1.7389e-02,3.1,2.9,0.048,0.04
-1.7381e-02,3.1,3.3,0.048,0.052
-1.7373e-02,3.3,2.9,0.048,0.044
-1.7366e-02,3.1,3.3,0.048,0.052
-1.7358e-02,3.3,2.9,0.048,0.04
-1.7350e-02,3.3,3.3,0.052,0.056
-1.7343e-02,3.3,2.9,0.052,0.044
-1.7335e-02,3.3,3.3,0.052,0.052
-1.7327e-02,3.3,2.9,0.052,0.048
-1.7320e-02,3.3,3.5,0.052,0.056
-1.7312e-02,3.3,3.1,0.052,0.048
-1.7304e-02,3.3,3.5,0.056,0.056
-1.7296e-02,3.3,3.1,0.056,0.048
-1.7289e-02,3.3,3.5,0.056,0.056
-1.7281e-02,3.3,3.1,0.056,0.048
-1.7273e-02,3.3,3.5,0.056,0.06
-1.7266e-02,3.3,3.1,0.056,0.052
-1.7258e-02,3.3,3.5,0.06,0.06
-1.7250e-02,3.3,3.1,0.056,0.052
-1.7243e-02,3.3,3.5,0.056,0.06
-1.7235e-02,3.3,3.1,0.056,0.056
-1.7227e-02,3.3,3.5,0.06,0.064
-1.7220e-02,3.3,3.1,0.06,0.056
-1.7212e-02,3.3,3.5,0.06,0.064
-1.7204e-02,3.3,3.1,0.06,0.056
-1.7197e-02,3.5,3.5,0.064,0.064
-1.7189e-02,3.3,3.3,0.064,0.056
-1.7181e-02,3.3,3.7,0.064,0.068
-1.7174e-02,3.5,3.3,0.064,0.06
-1.7166e-02,3.5,3.7,0.064,0.068
-1.7158e-02,3.5,3.3,0.064,0.06
-1.7151e-02,3.5,3.7,0.064,0.072
-1.7143e-02,3.5,3.3,0.068,0.06
-1.7135e-02,3.5,3.7,0.068,0.072
-1.7127e-02,3.5,3.3,0.068,0.064
-1.7120e-02,3.5,3.7,0.068,0.072
-1.7112e-02,3.5,3.3,0.068,0.064
-1.7104e-02,3.5,3.7,0.068,0.072
-1.7097e-02,3.5,3.3,0.068,0.064
-1.7089e-02,3.5,3.7,0.072,0.076
-1.7081e-02,3.5,3.3,0.072,0.068
-1.7074e-02,3.5,3.7,0.072,0.076
-1.7066e-02,3.7,3.3,0.072,0.068
-1.7058e-02,3.7,3.7,0.072,0.076
-1.7051e-02,3.5,3.5,0.072,0.068
-1.7043e-02,3.5,3.7,0.072,0.076
-1.7035e-02,3.7,3.5,0.072,0.072
-1.7028e-02,3.7,3.7,0.076,0.08
-1.7020e-02,3.7,3.5,0.076,0.072
-1.7012e-02,3.7,3.9,0.076,0.08
-1.7005e-02,3.7,3.5,0.076,0.072
-1.6997e-02,3.7,3.9,0.076,0.08
-1.6989e-02,3.7,3.5,0.08,0.072
-1.6982e-02,3.7,3.9,0.08,0.084
-1.6974e-02,3.7,3.5,0.08,0.076
-1.6966e-02,3.7,3.9,0.08,0.084
-1.6959e-02,3.7,3.5,0.08,0.076
-1.6951e-02,3.7,3.9,0.08,0.084
-1.6943e-02,3.7,3.5,0.084,0.076
-1.6935e-02,3.9,3.9,0.084,0.084
-1.6928e-02,3.7,3.7,0.084,0.08
-1.6920e-02,3.7,3.9,0.084,0.088
-1.6912e-02,3.9,3.7,0.084,0.08
-1.6905e-02,3.9,4.1,0.084,0.088
-1.6897e-02,3.7,3.7,0.084,0.08
-1.6889e-02,3.9,4.1,0.084,0.088
-1.6882e-02,3.9,3.7,0.084,0.084
-1.6874e-02,3.9,4.1,0.088,0.092
-1.6866e-02,3.9,3.7,0.088,0.084
-1.6859e-02,3.9,4.1,0.088,0.092
-1.6851e-02,3.9,3.7,0.088,0.084
-1.6843e-02,3.7,4.1,0.088,0.092
-1.6836e-02,3.9,3.7,0.092,0.084
-1.6828e-02,3.9,4.1,0.092,0.092
-1.6820e-02,3.9,3.9,0.088,0.084
-1.6813e-02,4.1,4.1,0.092,0.1
-1.6805e-02,3.9,3.9,0.092,0.088
-1.6797e-02,3.9,4.1,0.092,0.096
-1.6790e-02,4.1,3.9,0.092,0.088
-1.6782e-02,4.1,4.1,0.092,0.1
-1.6774e-02,4.1,3.9,0.096,0.092
-1.6767e-02,4.1,4.3,0.096,0.1
-1.6759e-02,4.1,3.9,0.096,0.092
-1.6751e-02,4.1,4.3,0.096,0.1
-1.6743e-02,4.1,3.9,0.096,0.092
-1.6736e-02,4.1,4.3,0.096,0.104
-1.6728e-02,4.1,3.9,0.096,0.096
-1.6720e-02,4.1,4.3,0.1,0.104
-1.6713e-02,4.3,3.9,0.1,0.096
-1.6705e-02,4.1,4.3,0.1,0.104
-1.6697e-02,4.3,4.1,0.1,0.096
-1.6690e-02,4.1,4.3,0.1,0.104
-1.6682e-02,4.3,4.1,0.104,0.1
-1.6674e-02,4.3,4.5,0.104,0.108
-1.6667e-02,4.3,4.1,0.104,0.1
-1.6659e-02,4.3,4.5,0.104,0.108
-1.6651e-02,4.3,4.1,0.104,0.1
-1.6644e-02,4.3,4.5,0.104,0.112
-1.6636e-02,4.3,4.1,0.104,0.104
-1.6628e-02,4.3,4.5,0.104,0.108
-1.6621e-02,4.3,4.1,0.104,0.104
-1.6613e-02,4.5,4.5,0.108,0.112
-1.6605e-02,4.3,4.1,0.108,0.104
-1.6598e-02,4.5,4.5,0.108,0.112
-1.6590e-02,4.5,4.3,0.108,0.104
-1.6582e-02,4.5,4.5,0.112,0.116
-1.6575e-02,4.5,4.3,0.112,0.108
-1.6567e-02,4.5,4.7,0.112,0.116
-1.6559e-02,4.5,4.3,0.112,0.108
-1.6551e-02,4.5,4.7,0.112,0.116
-1.6544e-02,4.5,4.3,0.112,0.108
-1.6536e-02,4.5,4.7,0.112,0.116
-1.6528e-02,4.5,4.3,0.116,0.112
-1.6521e-02,4.5,4.7,0.112,0.12
-1.6513e-02,4.5,4.3,0.116,0.112
-1.6505e-02,4.7,4.7,0.116,0.12
-1.6498e-02,4.7,4.3,0.116,0.112
-1.6490e-02,4.7,4.7,0.116,0.12
-1.6482e-02,4.5,4.5,0.116,0.116
-1.6475e-02,4.7,4.9,0.116,0.12
-1.6467e-02,4.7,4.5,0.116,0.116
-1.6459e-02,4.7,4.9,0.12,0.124
-1.6452e-02,4.7,4.5,0.12,0.116
-1.6444e-02,4.7,4.9,0.12,0.124
-1.6436e-02,4.7,4.5,0.12,0.116
-1.6429e-02,4.7,4.9,0.12,0.124
-1.6421e-02,4.7,4.5,0.12,0.12
-1.6413e-02,4.7,4.9,0.124,0.128
-1.6406e-02,4.9,4.5,0.124,0.12
-1.6398e-02,4.9,5.1,0.124,0.128
-1.6390e-02,4.9,4.7,0.124,0.12
-1.6382e-02,4.9,5.1,0.124,0.128
-1.6375e-02,4.9,4.7,0.124,0.12
-1.6367e-02,4.9,5.1,0.128,0.128
-1.6359e-02,4.9,4.7,0.124,0.124
-1.6352e-02,5.1,5.1,0.128,0.132
-1.6344e-02,4.9,4.7,0.128,0.124
-1.6336e-02,5.1,5.1,0.128,0.132
-1.6329e-02,5.1,4.7,0.132,0.124
-1.6321e-02,4.9,5.1,0.128,0.132
-1.6313e-02,5.1,4.7,0.132,0.128
-1.6306e-02,5.1,5.1,0.128,0.136
-1.6298e-02,5.1,4.9,0.132,0.128
-1.6290e-02,5.1,5.3,0.132,0.136
-1.6283e-02,5.1,4.9,0.132,0.128
-1.6275e-02,5.1,5.3,0.132,0.136
-1.6267e-02,5.1,4.9,0.136,0.128
-1.6260e-02,5.3,5.3,0.132,0.136
-1.6252e-02,5.3,4.9,0.132,0.132
-1.6244e-02,5.1,5.3,0.136,0.14
-1.6237e-02,5.3,4.9,0.136,0.132
-1.6229e-02,5.3,5.3,0.136,0.14
-1.6221e-02,5.3,4.9,0.136,0.132
-1.6214e-02,5.3,5.5,0.136,0.14
-1.6206e-02,5.3,5.1,0.136,0.132
-1.6198e-02,5.3,5.5,0.14,0.144
-1.6190e-02,5.3,5.1,0.136,0.136
-1.6183e-02,5.3,5.5,0.14,0.144
-1.6175e-02,5.3,5.1,0.14,0.136
-1.6167e-02,5.5,5.5,0.14,0.144
-1.6160e-02,5.5,5.1,0.14,0.136
-1.6152e-02,5.5,5.5,0.14,0.144
-1.6144e-02,5.5,5.1,0.14,0.136
-1.6137e-02,5.5,5.7,0.144,0.148
-1.6129e-02,5.5,5.3,0.144,0.14
-1.6121e-02,5.5,5.7,0.144,0.148
-1.6114e-02,5.5,5.3,0.144,0.14
-1.6106e-02,5.5,5.7,0.144,0.148
-1.6098e-02,5.7,5.3,0.148,0.14
-1.6091e-02,5.7,5.7,0.148,0.148
-1.6083e-02,5.7,5.3,0.144,0.14
-1.6075e-02,5.7,5.9,0.148,0.152
-1.6068e-02,5.7,5.5,0.148,0.144
-1.6060e-02,5.7,5.9,0.148,0.152
-1.6052e-02,5.7,5.5,0.148,0.144
-1.6045e-02,5.7,5.9,0.148,0.152
-1.6037e-02,5.7,5.5,0.148,0.144
-1.6029e-02,5.9,5.9,0.148,0.152
-1.6022e-02,5.9,5.5,0.152,0.148
-1.6014e-02,5.9,5.9,0.152,0.156
-1.6006e-02,5.9,5.7,0.152,0.148
-1.5998e-02,5.9,6.1,0.152,0.156
-1.5991e-02,5.9,5.7,0.152,0.148
-1.5983e-02,5.9,6.1,0.156,0.156
-1.5975e-02,5.9,5.7,0.156,0.148
-1.5968e-02,6.1,6.1,0.152,0.16
-1.5960e-02,6.1,5.9,0.152,0.152
-1.5952e-02,6.1,6.3,0.156,0.16
-1.5945e-02,6.1,5.9,0.156,0.152
-1.5937e-02,6.1,6.3,0.156,0.16
-1.5929e-02,6.1,5.9,0.156,0.152
-1.5922e-02,6.3,6.3,0.16,0.16
-1.5914e-02,6.1,5.9,0.16,0.152
-1.5906e-02,6.1,6.5,0.16,0.164
-1.5899e-02,6.1,6.1,0.16,0.156
-1.5891e-02,6.3,6.5,0.156,0.164
-1.5883e-02,6.3,6.1,0.16,0.156
-1.5876e-02,6.3,6.5,0.16,0.164
-1.5868e-02,6.3,6.1,0.16,0.156
-1.5860e-02,6.5,6.7,0.16,0.164
-1.5853e-02,6.5,6.3,0.16,0.156
-1.5845e-02,6.3,6.7,0.16,0.164
-1.5837e-02,6.5,6.3,0.164,0.16
-1.5829e-02,6.5,6.7,0.164,0.168
-1.5822e-02,6.5,6.3,0.164,0.16
-1.5814e-02,6.7,6.7,0.164,0.168
-1.5806e-02,6.5,6.5,0.164,0.16
-1.5799e-02,6.7,6.9,0.168,0.168
-1.5791e-02,6.7,6.5,0.164,0.16
-1.5783e-02,6.7,6.9,0.164,0.168
-1.5776e-02,6.7,6.5,0.168,0.164
-1.5768e-02,6.9,6.9,0.168,0.172
-1.5760e-02,6.9,6.7,0.168,0.164
-1.5753e-02,6.9,7.1,0.168,0.172
-1.5745e-02,6.9,6.7,0.168,0.164
-1.5737e-02,7.1,7.1,0.168,0.172
-1.5730e-02,7.1,6.7,0.168,0.164
-1.5722e-02,6.9,7.3,0.168,0.172
-1.5714e-02,7.1,6.9,0.172,0.164
-1.5707e-02,7.1,7.3,0.172,0.176
-1.5699e-02,7.1,6.9,0.172,0.168
-1.5691e-02,7.1,7.3,0.172,0.176
-1.5684e-02,7.3,6.9,0.172,0.168
-1.5676e-02,7.3,7.3,0.172,0.176
-1.5668e-02,7.3,7.1,0.172,0.168
-1.5661e-02,7.3,7.5,0.176,0.176
-1.5653e-02,7.3,7.1,0.176,0.168
-1.5645e-02,7.3,7.5,0.176,0.18
-1.5637e-02,7.5,7.1,0.176,0.168
-1.5630e-02,7.5,7.7,0.176,0.18
-1.5622e-02,7.5,7.3,0.176,0.172
-1.5614e-02,7.5,7.7,0.176,0.18
-1.5607e-02,7.7,7.3,0.176,0.172
-1.5599e-02,7.5,7.7,0.176,0.18
-1.5591e-02,7.7,7.5,0.176,0.172
-1.5584e-02,7.7,7.9,0.18,0.18
-1.5576e-02,7.7,7.5,0.18,0.172
-1.5568e-02,7.7,7.9,0.18,0.184
-1.5561e-02,7.7,7.5,0.18,0.172
-1.5553e-02,7.7,8.1,0.18,0.184
-1.5545e-02,7.9,7.7,0.18,0.176
-1.5538e-02,7.9,8.1,0.18,0.184
-1.5530e-02,7.9,7.7,0.18,0.176
-1.5522e-02,8.1,8.1,0.184,0.184
-1.5515e-02,7.9,7.7,0.184,0.176
-1.5507e-02,8.1,8.3,0.18,0.188
-1.5499e-02,8.1,7.9,0.18,0.176
-1.5492e-02,8.1,8.3,0.184,0.188
-1.5484e-02,8.3,7.9,0.184,0.176
-1.5476e-02,8.3,8.5,0.184,0.188
-1.5469e-02,8.3,8.1,0.184,0.18
-1.5461e-02,8.3,8.5,0.184,0.188
-1.5453e-02,8.3,8.1,0.184,0.18
-1.5445e-02,8.3,8.5,0.188,0.188
-1.5438e-02,8.5,8.1,0.184,0.18
-1.5430e-02,8.3,8.7,0.184,0.192
-1.5422e-02,8.5,8.3,0.188,0.18
-1.5415e-02,8.5,8.7,0.188,0.192
-1.5407e-02,8.5,8.3,0.188,0.18
-1.5399e-02,8.7,8.9,0.188,0.192
-1.5392e-02,8.7,8.5,0.188,0.184
-1.5384e-02,8.7,8.9,0.192,0.192
-1.5376e-02,8.7,8.5,0.188,0.184
-1.5369e-02,8.7,8.9,0.192,0.192
-1.5361e-02,8.9,8.5,0.192,0.184
-1.5353e-02,8.9,9.1,0.188,0.192
-1.5346e-02,8.9,8.7,0.192,0.184
-1.5338e-02,8.9,9.1,0.192,0.196
-1.5330e-02,8.9,8.7,0.192,0.184
-1.5323e-02,9.1,9.1,0.192,0.196
-1.5315e-02,8.9,8.9,0.192,0.184
-1.5307e-02,9.1,9.3,0.192,0.196
-1.5300e-02,9.1,8.9,0.192,0.188
-1.5292e-02,9.1,9.3,0.192,0.196
-1.5284e-02,9.3,9.1,0.192,0.188
-1.5276e-02,9.3,9.5,0.196,0.196
-1.5269e-02,9.3,9.1,0.196,0.188
-1.5261e-02,9.3,9.5,0.196,0.196
-1.5253e-02,9.3,9.1,0.196,0.184
-1.5246e-02,9.3,9.5,0.196,0.204
-1.5238e-02,9.3,9.3,0.196,0.188
-1.5230e-02,9.5,9.7,0.196,0.2
-1.5223e-02,9.5,9.3,0.196,0.188
-1.5215e-02,9.5,9.7,0.196,0.2
-1.5207e-02,9.7,9.3,0.196,0.192
-1.5200e-02,9.5,9.7,0.2,0.2
-1.5192e-02,9.7,9.5,0.196,0.192
-1.5184e-02,9.7,9.9,0.196,0.2
-1.5177e-02,9.7,9.5,0.2,0.192
-1.5169e-02,9.9,9.9,0.2,0.2
-1.5161e-02,9.9,9.7,0.2,0.192
-1.5154e-02,9.9,10.1,0.196,0.204
-1.5146e-02,9.9,9.7,0.2,0.188
-1.5138e-02,9.9,10.1,0.2,0.208
-1.5131e-02,9.9,9.9,0.2,0.196
-1.5123e-02,10.1,10.3,0.2,0.204
-1.5115e-02,9.9,9.9,0.2,0.196
-1.5108e-02,10.1,10.3,0.2,0.204
-1.5100e-02,10.1,9.9,0.2,0.196
-1.5092e-02,10.1,10.3,0.2,0.204
-1.5084e-02,10.1,10.1,0.204,0.196
-1.5077e-02,10.1,10.5,0.204,0.204
-1.5069e-02,10.3,10.1,0.2,0.196
-1.5061e-02,10.3,10.5,0.204,0.208
-1.5054e-02,10.3,10.1,0.204,0.196
-1.5046e-02,10.3,10.5,0.204,0.208
-1.5038e-02,10.5,10.3,0.204,0.196
-1.5031e-02,10.5,10.7,0.204,0.208
-1.5023e-02,10.5,10.3,0.204,0.196
-1.5015e-02,10.5,10.7,0.204,0.208
-1.5008e-02,10.5,10.5,0.204,0.2
-1.5000e-02,10.5,10.7,0.208,0.208
-1.4992e-02,10.5,10.5,0.204,0.196
-1.4985e-02,10.7,10.9,0.204,0.212
-1.4977e-02,10.7,10.5,0.204,0.2
-1.4969e-02,10.7,10.9,0.204,0.208
-1.4962e-02,10.7,10.7,0.208,0.2
-1.4954e-02,10.9,11.1,0.204,0.208
-1.4946e-02,10.9,10.7,0.208,0.2
-1.4939e-02,10.9,11.1,0.208,0.212
-1.4931e-02,10.9,10.7,0.208,0.2
-1.4923e-02,10.9,11.1,0.208,0.212
-1.4916e-02,11.1,10.9,0.208,0.2
-1.4908e-02,11.1,11.3,0.208,0.212
-1.4900e-02,11.1,10.9,0.208,0.2
-1.4892e-02,11.1,11.3,0.208,0.212
-1.4885e-02,11.1,11.1,0.208,0.2
-1.4877e-02,11.3,11.3,0.208,0.212
-1.4869e-02,11.1,10.9,0.208,0.204
-1.4862e-02,11.1,11.3,0.208,0.212
-1.4854e-02,11.3,11.1,0.208,0.204
-1.4846e-02,11.1,11.5,0.208,0.212
-1.4839e-02,11.3,11.1,0.208,0.204
-1.4831e-02,11.3,11.5,0.212,0.212
-1.4823e-02,11.3,11.1,0.212,0.204
-1.4816e-02,11.3,11.5,0.208,0.212
-1.4808e-02,11.3,11.3,0.212,0.204
-1.4800e-02,11.5,11.5,0.208,0.216
-1.4793e-02,11.3,11.3,0.212,0.204
-1.4785e-02,11.3,11.7,0.212,0.216
-1.4777e-02,11.5,11.3,0.208,0.204
-1.4770e-02,11.5,11.7,0.212,0.216
-1.4762e-02,11.5,11.3,0.212,0.204
-1.4754e-02,11.5,11.7,0.212,0.216
-1.4747e-02,11.5,11.3,0.212,0.204
-1.4739e-02,11.5,11.7,0.212,0.216
-1.4731e-02,11.5,11.5,0.212,0.204
-1.4724e-02,11.5,11.7,0.212,0.216
-1.4716e-02,11.5,11.5,0.212,0.204
-1.4708e-02,11.7,11.7,0.212,0.216
-1.4700e-02,11.7,11.5,0.212,0.204
-1.4693e-02,11.7,11.9,0.212,0.216
-1.4685e-02,11.7,11.5,0.212,0.208
-1.4677e-02,11.7,11.9,0.212,0.216
-1.4670e-02,11.7,11.5,0.212,0.208
-1.4662e-02,11.7,11.9,0.212,0.216
-1.4654e-02,11.7,11.5,0.212,0.208
-1.4647e-02,11.7,11.9,0.212,0.216
-1.4639e-02,11.7,11.7,0.212,0.208
-1.4631e-02,11.9,12.1,0.212,0.216
-1.4624e-02,11.9,11.7,0.212,0.208
-1.4616e-02,11.9,12.1,0.216,0.216
-1.4608e-02,11.7,11.7,0.212,0.208
-1.4601e-02,11.9,12.1,0.212,0.216
-1.4593e-02,11.7,11.7,0.212,0.204
-1.4585e-02,11.9,12.1,0.212,0.216
-1.4578e-02,11.9,11.7,0.216,0.204
-1.4570e-02,11.9,12.1,0.212,0.22
-1.4562e-02,11.9,11.7,0.216,0.208
-1.4555e-02,12.1,12.1,0.212,0.216
-1.4547e-02,11.9,11.9,0.216,0.208
-1.4539e-02,11.9,12.1,0.216,0.22
-1.4531e-02,12.1,11.9,0.216,0.208
-1.4524e-02,11.9,12.1,0.212,0.22
-1.4516e-02,12.1,11.9,0.216,0.208
-1.4508e-02,12.1,12.3,0.216,0.216
-1.4501e-02,12.1,11.9,0.212,0.208
-1.4493e-02,12.1,12.3,0.212,0.216
-1.4485e-02,12.1,11.9,0.216,0.208
-1.4478e-02,12.1,12.3,0.212,0.22
-1.4470e-02,12.1,11.9,0.216,0.208
-1.4462e-02,12.1,12.3,0.216,0.22
-1.4455e-02,12.1,11.9,0.216,0.208
-1.4447e-02,12.1,12.3,0.216,0.22
-1.4439e-02,12.1,11.9,0.216,0.208
-1.4432e-02,12.1,12.3,0.216,0.22
-1.4424e-02,12.1,11.9,0.216,0.208
-1.4416e-02,12.1,12.3,0.216,0.22
-1.4409e-02,12.1,11.9,0.216,0.208
-1.4401e-02,12.1,12.3,0.216,0.22
-1.4393e-02,12.1,11.9,0.216,0.208
-1.4386e-02,12.3,12.3,0.216,0.22
-1.4378e-02,12.3,12.1,0.216,0.208
-1.4370e-02,12.3,12.3,0.216,0.224
-1.4363e-02,12.1,12.1,0.216,0.208
-1.4355e-02,12.3,12.3,0.216,0.22
-1.4347e-02,12.1,12.1,0.216,0.208
-1.4339e-02,12.3,12.5,0.216,0.22
-1.4332e-02,12.3,12.1,0.216,0.208
-1.4324e-02,12.3,12.5,0.216,0.22
-1.4316e-02,12.3,12.1,0.216,0.208
-1.4309e-02,12.3,12.5,0.216,0.22
-1.4301e-02,12.1,12.1,0.216,0.208
-1.4293e-02,12.3,12.5,0.216,0.22
-1.4286e-02,12.3,12.1,0.212,0.208
-1.4278e-02,12.1,12.5,0.216,0.22
-1.4270e-02,12.3,12.1,0.216,0.212
-1.4263e-02,12.3,12.5,0.216,0.22
-1.4255e-02,12.3,12.1,0.216,0.208
-1.4247e-02,12.3,12.5,0.22,0.22
-1.4240e-02,12.3,12.1,0.216,0.208
-1.4232e-02,12.3,12.5,0.216,0.22
-1.4224e-02,12.3,12.1,0.216,0.212
-1.4217e-02,12.3,12.5,0.22,0.22
-1.4209e-02,12.3,12.1,0.216,0.208
-1.4201e-02,12.3,12.5,0.216,0.22
-1.4194e-02,12.3,12.1,0.216,0.208
-1.4186e-02,12.3,12.5,0.216,0.224
-1.4178e-02,12.3,12.1,0.216,0.212
-1.4171e-02,12.3,12.5,0.216,0.22
-1.4163e-02,12.3,12.1,0.216,0.212
-1.4155e-02,12.3,12.5,0.216,0.22
-1.4147e-02,12.3,12.1,0.216,0.212
-1.4140e-02,12.3,12.5,0.216,0.22
-1.4132e-02,12.3,12.1,0.216,0.212
-1.4124e-02,12.3,12.5,0.216,0.22
-1.4117e-02,12.3,12.1,0.216,0.212
-1.4109e-02,12.3,12.5,0.216,0.22
-1.4101e-02,12.3,12.1,0.22,0.212
-1.4094e-02,12.3,12.5,0.216,0.22
-1.4086e-02,12.3,12.1,0.216,0.212
-1.4078e-02,12.3,12.5,0.216,0.22
-1.4071e-02,12.3,12.1,0.216,0.212
-1.4063e-02,12.3,12.5,0.216,0.22
-1.4055e-02,12.3,12.1,0.216,0.208
-1.4048e-02,12.3,12.5,0.22,0.22
-1.4040e-02,12.3,12.1,0.216,0.212
-1.4032e-02,12.3,12.5,0.216,0.22
-1.4025e-02,12.3,12.1,0.216,0.212
-1.4017e-02,12.3,12.5,0.216,0.22
-1.4009e-02,12.3,12.1,0.216,0.212
-1.4002e-02,12.3,12.5,0.216,0.22
-1.3994e-02,12.3,12.1,0.216,0.208
-1.3986e-02,12.3,12.5,0.216,0.224
-1.3978e-02,12.3,12.1,0.22,0.212
-1.3971e-02,12.3,12.5,0.216,0.22
-1.3963e-02,12.3,12.1,0.216,0.208
-1.3955e-02,12.3,12.5,0.216,0.22
-1.3948e-02,12.3,12.1,0.216,0.212
-1.3940e-02,12.1,12.5,0.216,0.22
-1.3932e-02,12.3,12.1,0.22,0.212
-1.3925e-02,12.3,12.5,0.216,0.22
-1.3917e-02,12.3,12.1,0.216,0.212
-1.3909e-02,12.1,12.3,0.216,0.22
-1.3902e-02,12.3,12.1,0.216,0.212
-1.3894e-02,12.1,12.3,0.216,0.22
-1.3886e-02,12.3,12.1,0.216,0.212
-1.3879e-02,12.3,12.3,0.216,0.22
-1.3871e-02,12.1,11.9,0.216,0.208
-1.3863e-02,12.1,12.3,0.216,0.22
-1.3856e-02,12.1,11.9,0.216,0.212
-1.3848e-02,12.1,12.3,0.216,0.22
-1.3840e-02,12.1,11.9,0.216,0.212
-1.3833e-02,12.1,12.3,0.216,0.22
-1.3825e-02,12.1,11.9,0.216,0.212
-1.3817e-02,12.1,12.3,0.216,0.22
-1.3810e-02,12.1,11.9,0.216,0.212
-1.3802e-02,12.1,12.3,0.216,0.22
-1.3794e-02,12.1,11.9,0.216,0.212
-1.3786e-02,11.9,12.3,0.216,0.22
-1.3779e-02,11.9,11.7,0.216,0.208
-1.3771e-02,11.9,12.1,0.216,0.22
-1.3763e-02,12.1,11.7,0.216,0.208
-1.3756e-02,11.9,12.1,0.216,0.22
-1.3748e-02,11.9,11.7,0.216,0.208
-1.3740e-02,11.9,12.1,0.216,0.224
-1.3733e-02,11.9,11.7,0.216,0.208
-1.3725e-02,11.9,12.1,0.216,0.22
-1.3717e-02,11.9,11.7,0.216,0.208
-1.3710e-02,11.9,12.1,0.216,0.22
-1.3702e-02,11.7,11.7,0.216,0.208
-1.3694e-02,11.9,12.1,0.216,0.22
-1.3687e-02,11.7,11.5,0.216,0.208
-1.3679e-02,11.7,11.9,0.216,0.22
-1.3671e-02,11.7,11.5,0.216,0.208
-1.3664e-02,11.7,11.9,0.216,0.22
-1.3656e-02,11.7,11.5,0.216,0.208
-1.3648e-02,11.7,11.9,0.216,0.22
-1.3641e-02,11.7,11.5,0.216,0.208
-1.3633e-02,11.7,11.9,0.216,0.22
-1.3625e-02,11.5,11.5,0.216,0.208
-1.3618e-02,11.5,11.7,0.216,0.22
-1.3610e-02,11.5,11.3,0.212,0.208
-1.3602e-02,11.5,11.7,0.216,0.22
-1.3594e-02,11.5,11.3,0.216,0.208
-1.3587e-02,11.5,11.7,0.216,0.22
-1.3579e-02,11.5,11.3,0.216,0.208
-1.3571e-02,11.5,11.7,0.212,0.22
-1.3564e-02,11.5,11.3,0.212,0.208
-1.3556e-02,11.5,11.7,0.216,0.22
-1.3548e-02,11.3,11.3,0.212,0.208
-1.3541e-02,11.5,11.5,0.216,0.22
-1.3533e-02,11.5,11.1,0.212,0.208
-1.3525e-02,11.3,11.5,0.212,0.216
-1.3518e-02,11.3,11.1,0.216,0.208
-1.3510e-02,11.3,11.5,0.216,0.216
-1.3502e-02,11.3,11.1,0.216,0.208
-1.3495e-02,11.3,11.5,0.212,0.216
-1.3487e-02,11.3,11.1,0.216,0.208
-1.3479e-02,11.3,11.5,0.212,0.22
-1.3472e-02,11.1,11.1,0.212,0.208
-1.3464e-02,11.3,11.3,0.212,0.22
-1.3456e-02,11.3,11.1,0.212,0.208
-1.3449e-02,11.1,11.3,0.212,0.22
-1.3441e-02,11.1,10.9,0.216,0.208
-1.3433e-02,11.1,11.3,0.212,0.216
-1.3425e-02,11.1,10.9,0.216,0.208
-1.3418e-02,11.1,11.3,0.212,0.216
-1.3410e-02,11.1,10.9,0.216,0.204
-1.3402e-02,11.1,11.3,0.212,0.22
-1.3395e-02,11.1,10.9,0.216,0.208
-1.3387e-02,10.9,11.1,0.212,0.216
-1.3379e-02,10.9,10.7,0.212,0.208
-1.3372e-02,10.9,11.1,0.212,0.216
-1.3364e-02,10.9,10.7,0.212,0.208
-1.3356e-02,10.9,11.1,0.216,0.22
-1.3349e-02,10.9,10.7,0.212,0.208
-1.3341e-02,10.7,11.1,0.212,0.216
-1.3333e-02,10.7,10.5,0.212,0.208
-1.3326e-02,10.9,11.1,0.212,0.216
-1.3318e-02,10.7,10.5,0.212,0.208
-1.3310e-02,10.7,10.9,0.212,0.216
-1.3303e-02,10.7,10.5,0.212,0.208
-1.3295e-02,10.7,10.9,0.212,0.216
-1.3287e-02,10.7,10.5,0.212,0.208
-1.3280e-02,10.7,10.9,0.212,0.216
-1.3272e-02,10.5,10.5,0.212,0.204
-1.3264e-02,10.7,10.7,0.212,0.216
-1.3257e-02,10.7,10.5,0.212,0.204
-1.3249e-02,10.5,10.7,0.212,0.216
-1.3241e-02,10.5,10.3,0.212,0.204
-1.3233e-02,10.5,10.7,0.212,0.216
-1.3226e-02,10.5,10.3,0.212,0.204
-1.3218e-02,10.5,10.7,0.212,0.216
-1.3210e-02,10.5,10.3,0.212,0.208
-1.3203e-02,10.5,10.7,0.212,0.216
-1.3195e-02,10.3,10.3,0.212,0.204
-1.3187e-02,10.5,10.5,0.212,0.216
-1.3180e-02,10.3,10.1,0.212,0.204
-1.3172e-02,10.3,10.5,0.212,0.216
-1.3164e-02,10.3,10.1,0.212,0.204
-1.3157e-02,10.3,10.5,0.212,0.22
-1.3149e-02,10.3,10.1,0.212,0.204
-1.3141e-02,10.3,10.5,0.212,0.216
-1.3134e-02,10.1,10.1,0.212,0.204
-1.3126e-02,10.1,10.3,0.212,0.212
-1.3118e-02,10.1,9.9,0.212,0.204
-1.3111e-02,10.1,10.3,0.212,0.212
-1.3103e-02,10.1,9.9,0.212,0.204
-1.3095e-02,10.1,10.3,0.212,0.212
-1.3088e-02,10.1,9.9,0.208,0.204
-1.3080e-02,10.1,10.3,0.208,0.212
-1.3072e-02,10.1,9.9,0.212,0.204
-1.3065e-02,9.9,10.3,0.212,0.212
-1.3057e-02,9.9,9.9,0.208,0.204
-1.3049e-02,9.9,10.1,0.212,0.212
-1.3041e-02,9.9,9.7,0.212,0.204
-1.3034e-02,9.9,10.1,0.212,0.212
-1.3026e-02,9.9,9.7,0.208,0.2
-1.3018e-02,9.9,10.1,0.208,0.216
-1.3011e-02,9.9,9.7,0.208,0.204
-1.3003e-02,9.9,9.9,0.208,0.212
-1.2995e-02,9.9,9.7,0.212,0.204
-1.2988e-02,9.7,9.9,0.208,0.212
-1.2980e-02,9.7,9.5,0.208,0.2
-1.2972e-02,9.9,9.9,0.208,0.212
-1.2965e-02,9.7,9.5,0.208,0.204
-1.2957e-02,9.7,9.9,0.208,0.212
-1.2949e-02,9.7,9.5,0.208,0.204
-1.2942e-02,9.7,9.9,0.208,0.212
-1.2934e-02,9.7,9.5,0.208,0.204
-1.2926e-02,9.5,9.7,0.212,0.212
-1.2919e-02,9.5,9.3,0.208,0.204
-1.2911e-02,9.5,9.7,0.208,0.212
-1.2903e-02,9.5,9.3,0.212,0.204
-1.2896e-02,9.5,9.7,0.212,0.212
-1.2888e-02,9.5,9.3,0.208,0.204
-1.2880e-02,9.5,9.7,0.208,0.212
-1.2873e-02,9.5,9.3,0.208,0.2
-1.2865e-02,9.5,9.5,0.208,0.212
-1.2857e-02,9.3,9.1,0.208,0.2
-1.2849e-02,9.5,9.5,0.208,0.212
-1.2842e-02,9.3,9.1,0.208,0.2
-1.2834e-02,9.3,9.5,0.208,0.212
-1.2826e-02,9.3,9.1,0.208,0.2
-1.2819e-02,9.3,9.5,0.208,0.212
-1.2811e-02,9.3,9.1,0.208,0.2
-1.2803e-02,9.3,9.5,0.208,0.212
-1.2796e-02,9.3,9.1,0.208,0.2
-1.2788e-02,9.3,9.5,0.208,0.212
-1.2780e-02,9.3,8.9,0.208,0.2
-1.2773e-02,9.1,9.3,0.204,0.212
-1.2765e-02,9.1,8.9,0.208,0.2
-1.2757e-02,9.1,9.3,0.208,0.212
-1.2750e-02,9.1,8.9,0.208,0.2
-1.2742e-02,9.1,9.3,0.208,0.212
-1.2734e-02,9.1,8.9,0.208,0.2
-1.2727e-02,9.1,9.3,0.208,0.212
-1.2719e-02,9.1,8.9,0.204,0.2
-1.2711e-02,9.1,9.1,0.208,0.212
-1.2704e-02,9.1,8.7,0.208,0.2
-1.2696e-02,8.9,9.1,0.208,0.208
-1.2688e-02,8.9,8.7,0.204,0.2
-1.2680e-02,8.9,9.1,0.204,0.208
-1.2673e-02,8.9,8.7,0.208,0.2
-1.2665e-02,8.9,9.1,0.208,0.208
-1.2657e-02,8.9,8.7,0.208,0.2
-1.2650e-02,8.9,8.9,0.204,0.208
-1.2642e-02,8.9,8.5,0.204,0.2
-1.2634e-02,8.9,8.9,0.204,0.208
-1.2627e-02,8.9,8.5,0.208,0.2
-1.2619e-02,8.7,8.9,0.204,0.208
-1.2611e-02,8.7,8.5,0.204,0.2
-1.2604e-02,8.7,8.9,0.204,0.212
-1.2596e-02,8.7,8.5,0.204,0.2
-1.2588e-02,8.7,8.9,0.204,0.208
-1.2581e-02,8.7,8.3,0.204,0.2
-1.2573e-02,8.7,8.7,0.204,0.208
-1.2565e-02,8.5,8.3,0.204,0.196
-1.2558e-02,8.5,8.7,0.204,0.208
-1.2550e-02,8.5,8.3,0.204,0.196
-1.2542e-02,8.5,8.7,0.204,0.208
-1.2535e-02,8.5,8.1,0.204,0.196
-1.2527e-02,8.3,8.7,0.204,0.208
-1.2519e-02,8.5,8.1,0.204,0.196
-1.2512e-02,8.5,8.5,0.204,0.208
-1.2504e-02,8.3,8.1,0.204,0.196
-1.2496e-02,8.3,8.5,0.204,0.208
-1.2488e-02,8.3,8.1,0.204,0.196
-1.2481e-02,8.3,8.5,0.204,0.208
-1.2473e-02,8.1,7.9,0.2,0.196
-1.2465e-02,8.3,8.3,0.204,0.208
-1.2458e-02,8.3,7.9,0.204,0.196
-1.2450e-02,8.1,8.3,0.204,0.208
-1.2442e-02,8.1,7.9,0.204,0.196
-1.2435e-02,8.1,8.3,0.204,0.208
-1.2427e-02,7.9,7.7,0.204,0.196
-1.2419e-02,8.1,8.3,0.204,0.204
-1.2412e-02,7.9,7.7,0.204,0.196
-1.2404e-02,7.9,8.1,0.204,0.208
-1.2396e-02,8.1,7.7,0.204,0.196
-1.2389e-02,7.9,8.1,0.204,0.204
-1.2381e-02,7.9,7.5,0.204,0.192
-1.2373e-02,7.9,7.9,0.2,0.208
-1.2366e-02,7.9,7.5,0.2,0.196
-1.2358e-02,7.7,7.9,0.2,0.204
-1.2350e-02,7.7,7.5,0.2,0.196
-1.2343e-02,7.7,7.9,0.2,0.204
-1.2335e-02,7.7,7.3,0.2,0.196
-1.2327e-02,7.7,7.9,0.2,0.204
-1.2320e-02,7.5,7.3,0.2,0.196
-1.2312e-02,7.7,7.7,0.2,0.204
-1.2304e-02,7.5,7.3,0.2,0.196
-1.2296e-02,7.5,7.7,0.2,0.204
-1.2289e-02,7.5,7.1,0.2,0.192
-1.2281e-02,7.5,7.7,0.2,0.204
-1.2273e-02,7.5,7.1,0.2,0.192
-1.2266e-02,7.3,7.5,0.2,0.204
-1.2258e-02,7.3,7.1,0.2,0.192
-1.2250e-02,7.3,7.5,0.2,0.204
-1.2243e-02,7.3,7.1,0.196,0.192
-1.2235e-02,7.3,7.5,0.2,0.2
-1.2227e-02,7.1,6.9,0.2,0.192
-1.2220e-02,7.3,7.3,0.2,0.2
-1.2212e-02,7.3,6.9,0.196,0.192
-1.2204e-02,7.1,7.3,0.2,0.2
-1.2197e-02,7.1,6.9,0.196,0.192
-1.2189e-02,7.1,7.3,0.2,0.2
-1.2181e-02,7.1,6.7,0.2,0.192
-1.2174e-02,6.9,7.1,0.196,0.2
-1.2166e-02,6.9,6.7,0.196,0.192
-1.2158e-02,6.9,7.1,0.196,0.2
-1.2151e-02,6.7,6.5,0.196,0.192
-1.2143e-02,6.9,7.1,0.196,0.2
-1.2135e-02,6.9,6.5,0.196,0.192
-1.2127e-02,6.7,6.9,0.196,0.2
-1.2120e-02,6.7,6.5,0.196,0.192
-1.2112e-02,6.7,6.9,0.2,0.2
-1.2104e-02,6.7,6.5,0.196,0.188
-1.2097e-02,6.5,6.9,0.196,0.2
-1.2089e-02,6.7,6.3,0.196,0.188
-1.2081e-02,6.5,6.7,0.196,0.2
-1.2074e-02,6.5,6.3,0.196,0.188
-1.2066e-02,6.5,6.7,0.196,0.2
-1.2058e-02,6.5,6.1,0.196,0.188
-1.2051e-02,6.5,6.7,0.196,0.2
-1.2043e-02,6.3,6.1,0.192,0.188
-1.2035e-02,6.3,6.5,0.196,0.2
-1.2028e-02,6.3,6.1,0.196,0.188
-1.2020e-02,6.5,6.5,0.192,0.2
-1.2012e-02,6.3,5.9,0.196,0.188
-1.2005e-02,6.3,6.5,0.196,0.196
-1.1997e-02,6.1,5.9,0.196,0.188
-1.1989e-02,6.3,6.3,0.196,0.196
-1.1982e-02,6.1,5.9,0.196,0.188
-1.1974e-02,6.1,6.3,0.192,0.196
-1.1966e-02,6.1,5.9,0.196,0.188
-1.1959e-02,6.1,6.1,0.196,0.196
-1.1951e-02,5.9,5.7,0.192,0.184
-1.1943e-02,5.9,6.1,0.192,0.196
-1.1935e-02,5.9,5.7,0.192,0.184
-1.1928e-02,5.9,6.1,0.192,0.196
-1.1920e-02,5.9,5.7,0.192,0.184
-1.1912e-02,5.9,6.1,0.192,0.196
-1.1905e-02,5.9,5.5,0.192,0.184
-1.1897e-02,5.7,5.9,0.192,0.196
-1.1889e-02,5.9,5.5,0.192,0.184
-1.1882e-02,5.7,5.9,0.192,0.196
-1.1874e-02,5.7,5.5,0.188,0.184
-1.1866e-02,5.7,5.9,0.192,0.196
-1.1859e-02,5.7,5.3,0.192,0.184
-1.1851e-02,5.7,5.7,0.192,0.196
-1.1843e-02,5.5,5.3,0.188,0.184
-1.1836e-02,5.7,5.7,0.188,0.192
-1.1828e-02,5.5,5.3,0.192,0.184
-1.1820e-02,5.5,5.7,0.188,0.192
-1.1813e-02,5.5,5.3,0.192,0.184
-1.1805e-02,5.5,5.7,0.188,0.192
-1.1797e-02,5.5,5.1,0.188,0.184
-1.1790e-02,5.5,5.5,0.188,0.192
-1.1782e-02,5.3,5.1,0.188,0.184
-1.1774e-02,5.3,5.5,0.188,0.192
-1.1767e-02,5.3,5.1,0.188,0.184
-1.1759e-02,5.3,5.5,0.188,0.192
-1.1751e-02,5.3,4.9,0.188,0.176
-1.1743e-02,5.3,5.5,0.188,0.196
-1.1736e-02,5.3,4.9,0.188,0.18
-1.1728e-02,5.3,5.5,0.188,0.192
-1.1720e-02,5.1,4.9,0.188,0.18
-1.1713e-02,5.3,5.3,0.188,0.192
-1.1705e-02,5.1,4.9,0.184,0.18
-1.1697e-02,5.1,5.3,0.188,0.192
-1.1690e-02,5.1,4.7,0.188,0.18
-1.1682e-02,5.1,5.3,0.184,0.192
-1.1674e-02,5.1,4.7,0.188,0.18
-1.1667e-02,5.1,5.1,0.188,0.192
-1.1659e-02,4.9,4.7,0.188,0.18
-1.1651e-02,4.9,5.1,0.188,0.188
-1.1644e-02,4.9,4.7,0.188,0.18
-1.1636e-02,4.9,5.1,0.184,0.188
-1.1628e-02,4.9,4.7,0.184,0.18
-1.1621e-02,4.9,5.1,0.184,0.188
-1.1613e-02,4.9,4.5,0.184,0.18
-1.1605e-02,4.9,4.9,0.184,0.188
-1.1598e-02,4.7,4.5,0.184,0.176
-1.1590e-02,4.7,4.9,0.184,0.188
-1.1582e-02,4.7,4.5,0.184,0.176
-1.1575e-02,4.7,4.9,0.184,0.188
-1.1567e-02,4.7,4.5,0.184,0.176
-1.1559e-02,4.7,4.9,0.184,0.188
-1.1551e-02,4.5,4.3,0.184,0.172
-1.1544e-02,4.5,4.7,0.18,0.188
-1.1536e-02,4.5,4.3,0.184,0.176
-1.1528e-02,4.5,4.7,0.184,0.188
-1.1521e-02,4.5,4.3,0.184,0.176
-1.1513e-02,4.5,4.7,0.184,0.188
-1.1505e-02,4.5,4.3,0.18,0.176
-1.1498e-02,4.3,4.7,0.18,0.184
-1.1490e-02,4.3,4.1,0.18,0.176
-1.1482e-02,4.3,4.5,0.18,0.184
-1.1475e-02,4.3,4.1,0.184,0.176
-1.1467e-02,4.3,4.5,0.184,0.184
-1.1459e-02,4.3,4.1,0.18,0.176
-1.1452e-02,4.3,4.5,0.18,0.184
-1.1444e-02,4.3,3.9,0.18,0.176
-1.1436e-02,4.1,4.3,0.18,0.184
-1.1429e-02,4.3,3.9,0.18,0.176
-1.1421e-02,4.1,4.3,0.18,0.184
-1.1413e-02,4.1,3.9,0.18,0.172
-1.1406e-02,4.1,4.3,0.18,0.184
-1.1398e-02,4.1,3.9,0.18,0.172
-1.1390e-02,4.1,4.3,0.18,0.184
-1.1382e-02,4.1,3.9,0.18,0.172
-1.1375e-02,4.1,4.1,0.18,0.184
-1.1367e-02,3.9,3.7,0.18,0.172
-1.1359e-02,3.9,4.1,0.18,0.184
-1.1352e-02,3.9,3.7,0.18,0.172
-1.1344e-02,3.9,4.1,0.18,0.18
-1.1336e-02,3.9,3.7,0.176,0.172
-1.1329e-02,3.9,4.1,0.18,0.18
-1.1321e-02,3.7,3.7,0.176,0.172
-1.1313e-02,3.7,3.9,0.176,0.18
-1.1306e-02,3.9,3.5,0.176,0.172
-1.1298e-02,3.7,3.9,0.176,0.18
-1.1290e-02,3.7,3.5,0.176,0.172
-1.1283e-02,3.7,3.9,0.176,0.18
-1.1275e-02,3.7,3.5,0.176,0.172
-1.1267e-02,3.7,3.7,0.176,0.18
-1.1260e-02,3.7,3.3,0.176,0.164
-1.1252e-02,3.5,3.7,0.176,0.184
-1.1244e-02,3.5,3.3,0.176,0.172
-1.1237e-02,3.5,3.7,0.176,0.18
-1.1229e-02,3.5,3.3,0.176,0.168
-1.1221e-02,3.5,3.7,0.172,0.18
-1.1214e-02,3.5,3.3,0.176,0.168
-1.1206e-02,3.5,3.5,0.176,0.176
-1.1198e-02,3.5,3.1,0.172,0.168
-1.1190e-02,3.3,3.5,0.176,0.176
-1.1183e-02,3.3,3.1,0.172,0.168
-1.1175e-02,3.3,3.5,0.172,0.176
-1.1167e-02,3.3,3.1,0.176,0.168
-1.1160e-02,3.3,3.5,0.172,0.176
-1.1152e-02,3.3,2.9,0.172,0.168
-1.1144e-02,3.3,3.3,0.172,0.176
-1.1137e-02,3.1,2.9,0.172,0.168
-1.1129e-02,3.3,3.3,0.172,0.176
-1.1121e-02,3.1,2.9,0.172,0.164
-1.1114e-02,3.1,3.3,0.172,0.176
-1.1106e-02,3.1,2.9,0.172,0.164
-1.1098e-02,3.1,3.3,0.172,0.176
-1.1091e-02,3.1,2.9,0.168,0.164
-1.1083e-02,3.1,3.1,0.172,0.176
-1.1075e-02,3.1,2.7,0.172,0.164
-1.1068e-02,3.1,3.1,0.168,0.172
-1.1060e-02,2.9,2.7,0.172,0.164
-1.1052e-02,2.9,3.1,0.168,0.172
-1.1045e-02,3.1,2.7,0.168,0.164
-1.1037e-02,2.9,3.1,0.168,0.172
-1.1029e-02,2.9,2.7,0.168,0.164
-1.1022e-02,2.9,2.9,0.168,0.172
-1.1014e-02,2.9,2.5,0.168,0.164
-1.1006e-02,2.7,2.9,0.168,0.172
-1.0998e-02,2.7,2.5,0.168,0.164
-1.0991e-02,2.7,2.9,0.168,0.172
-1.0983e-02,2.7,2.5,0.168,0.164
-1.0975e-02,2.7,2.9,0.168,0.172
-1.0968e-02,2.7,2.3,0.164,0.16
-1.0960e-02,2.7,2.7,0.164,0.168
-1.0952e-02,2.7,2.3,0.168,0.16
-1.0945e-02,2.5,2.9,0.164,0.168
-1.0937e-02,2.7,2.3,0.164,0.16
-1.0929e-02,2.5,2.7,0.164,0.168
-1.0922e-02,2.5,2.3,0.164,0.16
-1.0914e-02,2.5,2.7,0.164,0.168
-1.0906e-02,2.5,2.1,0.164,0.16
-1.0899e-02,2.5,2.7,0.164,0.168
-1.0891e-02,2.5,2.1,0.164,0.16
-1.0883e-02,2.5,2.5,0.16,0.168
-1.0876e-02,2.3,2.1,0.164,0.16
-1.0868e-02,2.3,2.5,0.164,0.168
-1.0860e-02,2.3,2.1,0.164,0.156
-1.0853e-02,2.3,2.5,0.164,0.168
-1.0845e-02,2.3,1.9,0.16,0.152
-1.0837e-02,2.3,2.5,0.164,0.172
-1.0829e-02,2.3,1.9,0.16,0.156
-1.0822e-02,2.3,2.5,0.16,0.164
-1.0814e-02,2.1,1.9,0.16,0.156
-1.0806e-02,2.1,2.3,0.16,0.164
-1.0799e-02,2.1,1.9,0.16,0.156
-1.0791e-02,2.1,2.3,0.16,0.164
-1.0783e-02,2.1,1.9,0.16,0.156
-1.0776e-02,2.1,2.3,0.16,0.164
-1.0768e-02,2.1,1.7,0.16,0.156
-1.0760e-02,2.1,2.3,0.16,0.164
-1.0753e-02,2.1,1.7,0.16,0.156
-1.0745e-02,1.9,2.1,0.16,0.164
-1.0737e-02,2.1,1.7,0.16,0.148
-1.0730e-02,2.1,2.1,0.16,0.168
-1.0722e-02,1.9,1.7,0.16,0.152
-1.0714e-02,1.9,2.1,0.16,0.16
-1.0707e-02,1.9,1.7,0.156,0.152
-1.0699e-02,1.9,2.1,0.156,0.16
-1.0691e-02,1.9,1.5,0.156,0.152
-1.0684e-02,1.7,2.1,0.156,0.16
-1.0676e-02,1.9,1.5,0.156,0.152
-1.0668e-02,1.9,1.9,0.156,0.16
-1.0661e-02,1.7,1.5,0.156,0.152
-1.0653e-02,1.9,1.9,0.156,0.16
-1.0645e-02,1.7,1.5,0.156,0.152
-1.0637e-02,1.7,1.9,0.152,0.16
-1.0630e-02,1.7,1.3,0.156,0.152
-1.0622e-02,1.7,1.9,0.156,0.16
-1.0614e-02,1.7,1.3,0.156,0.148
-1.0607e-02,1.7,1.7,0.156,0.156
-1.0599e-02,1.5,1.3,0.152,0.148
-1.0591e-02,1.5,1.7,0.156,0.156
-1.0584e-02,1.5,1.3,0.156,0.148
-1.0576e-02,1.5,1.7,0.152,0.156
-1.0568e-02,1.5,1.3,0.152,0.144
-1.0561e-02,1.5,1.7,0.152,0.16
-1.0553e-02,1.3,1.1,0.152,0.148
-1.0545e-02,1.5,1.5,0.152,0.156
-1.0538e-02,1.5,1.1,0.152,0.148
-1.0530e-02,1.3,1.5,0.152,0.156
-1.0522e-02,1.3,1.1,0.156,0.148
-1.0515e-02,1.3,1.5,0.148,0.156
-1.0507e-02,1.3,1.1,0.152,0.144
-1.0499e-02,1.3,1.5,0.152,0.156
-1.0492e-02,1.3,0.9,0.152,0.144
-1.0484e-02,1.3,1.5,0.152,0.152
-1.0476e-02,1.3,0.9,0.148,0.144
-1.0469e-02,1.3,1.3,0.148,0.152
-1.0461e-02,1.3,0.9,0.148,0.144
-1.0453e-02,1.1,1.3,0.148,0.152
-1.0445e-02,1.1,0.9,0.148,0.14
-1.0438e-02,1.3,1.3,0.148,0.152
-1.0430e-02,1.1,0.9,0.148,0.144
-1.0422e-02,1.1,1.3,0.148,0.152
-1.0415e-02,1.1,0.9,0.148,0.144
-1.0407e-02,1.1,1.3,0.144,0.152
-1.0399e-02,0.9,0.7,0.148,0.14
-1.0392e-02,1.1,1.1,0.148,0.152
-1.0384e-02,0.9,0.7,0.148,0.14
-1.0376e-02,0.9,1.1,0.148,0.148
-1.0369e-02,0.9,0.7,0.144,0.14
-1.0361e-02,0.9,1.1,0.144,0.152
-1.0353e-02,0.9,0.7,0.144,0.14
-1.0346e-02,0.9,1.1,0.144,0.148
-1.0338e-02,0.9,0.7,0.144,0.14
-1.0330e-02,0.9,1.1,0.144,0.148
-1.0323e-02,0.7,0.5,0.144,0.14
-1.0315e-02,0.9,0.9,0.144,0.148
-1.0307e-02,0.9,0.5,0.144,0.14
-1.0300e-02,0.7,0.9,0.14,0.148
-1.0292e-02,0.7,0.5,0.144,0.136
-1.0284e-02,0.7,0.9,0.144,0.144
-1.0276e-02,0.7,0.5,0.14,0.136
-1.0269e-02,0.7,0.9,0.14,0.144
-1.0261e-02,0.7,0.5,0.14,0.136
-1.0253e-02,0.5,0.9,0.14,0.144
-1.0246e-02,0.7,0.3,0.14,0.136
-1.0238e-02,0.7,0.7,0.14,0.144
-1.0230e-02,0.7,0.3,0.14,0.136
-1.0223e-02,0.5,0.7,0.14,0.144
-1.0215e-02,0.7,0.3,0.14,0.136
-1.0207e-02,0.5,0.7,0.14,0.144
-1.0200e-02,0.5,0.3,0.14,0.132
-1.0192e-02,0.5,0.7,0.136,0.144
-1.0184e-02,0.5,0.3,0.14,0.132
-1.0177e-02,0.5,0.5,0.14,0.14
-1.0169e-02,0.5,0.1,0.136,0.132
-1.0161e-02,0.5,0.5,0.136,0.144
-1.0154e-02,0.3,0.1,0.136,0.132
-1.0146e-02,0.3,0.5,0.136,0.14
-1.0138e-02,0.3,0.1,0.136,0.132
-1.0131e-02,0.5,0.5,0.136,0.14
-1.0123e-02,0.3,0.1,0.136,0.132
-1.0115e-02,0.3,0.5,0.136,0.14
-1.0108e-02,0.3,0.1,0.136,0.128
-1.0100e-02,0.3,0.5,0.136,0.136
-1.0092e-02,0.3,0.1,0.132,0.128
-1.0084e-02,0.3,0.3,0.136,0.14
-1.0077e-02,0.3,-0.1,0.132,0.128
-1.0069e-02,0.1,0.3,0.132,0.136
-1.0061e-02,0.3,-0.1,0.132,0.128
-1.0054e-02,0.1,0.3,0.132,0.136
-1.0046e-02,0.1,-0.1,0.132,0.128
-1.0038e-02,0.1,0.3,0.132,0.136
-1.0031e-02,0.1,-0.1,0.132,0.128
-1.0023e-02,0.1,0.3,0.132,0.136
-1.0015e-02,0.1,-0.1,0.132,0.128
-1.0008e-02,0.1,0.3,0.128,0.132
-1.0000e-02,0.1,-0.1,0.132,0.124
-9.9923e-03,0.1,0.1,0.132,0.132
-9.9846e-03,-0.1,-0.3,0.128,0.124
-9.9770e-03,0.1,0.1,0.128,0.132
-9.9693e-03,-0.1,-0.3,0.128,0.124
-9.9616e-03,-0.1,0.1,0.128,0.132
-9.9539e-03,-0.1,-0.3,0.128,0.124
-9.9462e-03,-0.1,0.1,0.128,0.132
-9.9386e-03,-0.1,-0.3,0.128,0.124
-9.9309e-03,-0.1,0.1,0.128,0.132
-9.9232e-03,-0.1,-0.3,0.128,0.12
-9.9155e-03,-0.1,0.1,0.128,0.128
-9.9078e-03,-0.1,-0.3,0.124,0.12
-9.9002e-03,-0.3,0.1,0.124,0.128
-9.8925e-03,-0.1,-0.5,0.124,0.12
-9.8848e-03,-0.1,-0.1,0.124,0.128
-9.8771e-03,-0.1,-0.5,0.124,0.12
-9.8694e-03,-0.1,-0.1,0.124,0.128
-9.8618e-03,-0.1,-0.5,0.12,0.12
-9.8541e-03,-0.3,-0.1,0.124,0.128
-9.8464e-03,-0.3,-0.5,0.12,0.12
-9.8387e-03,-0.3,-0.1,0.124,0.128
-9.8310e-03,-0.3,-0.5,0.124,0.12
-9.8233e-03,-0.3,-0.1,0.12,0.124
-9.8157e-03,-0.3,-0.7,0.12,0.116
-9.8080e-03,-0.3,-0.1,0.12,0.124
-9.8003e-03,-0.3,-0.7,0.124,0.116
-9.7926e-03,-0.3,-0.1,0.12,0.124
-9.7849e-03,-0.3,-0.7,0.12,0.116
-9.7773e-03,-0.3,-0.3,0.12,0.124
-9.7696e-03,-0.3,-0.7,0.12,0.112
-9.7619e-03,-0.5,-0.3,0.12,0.124
-9.7542e-03,-0.5,-0.7,0.12,0.112
-9.7465e-03,-0.5,-0.3,0.116,0.124
-9.7389e-03,-0.5,-0.7,0.116,0.112
-9.7312e-03,-0.5,-0.3,0.116,0.12
-9.7235e-03,-0.5,-0.7,0.116,0.112
-9.7158e-03,-0.5,-0.3,0.116,0.12
-9.7081e-03,-0.5,-0.7,0.116,0.112
-9.7005e-03,-0.5,-0.3,0.116,0.12
-9.6928e-03,-0.5,-0.9,0.116,0.112
-9.6851e-03,-0.5,-0.5,0.116,0.12
-9.6774e-03,-0.5,-0.9,0.112,0.108
-9.6697e-03,-0.5,-0.5,0.112,0.116
-9.6621e-03,-0.5,-0.9,0.112,0.108
-9.6544e-03,-0.7,-0.5,0.112,0.116
-9.6467e-03,-0.5,-0.9,0.112,0.108
-9.6390e-03,-0.5,-0.5,0.112,0.116
-9.6313e-03,-0.7,-0.9,0.112,0.104
-9.6237e-03,-0.7,-0.5,0.108,0.116
-9.6160e-03,-0.7,-0.9,0.112,0.108
-9.6083e-03,-0.7,-0.5,0.112,0.116
-9.6006e-03,-0.7,-0.9,0.108,0.104
-9.5929e-03,-0.7,-0.5,0.108,0.112
-9.5853e-03,-0.7,-1.1,0.108,0.104
-9.5776e-03,-0.7,-0.7,0.108,0.112
-9.5699e-03,-0.7,-1.1,0.108,0.104
-9.5622e-03,-0.9,-0.7,0.108,0.112
-9.5545e-03,-0.7,-1.1,0.104,0.1
-9.5469e-03,-0.9,-0.7,0.108,0.112
-9.5392e-03,-0.9,-1.1,0.108,0.1
-9.5315e-03,-0.9,-0.7,0.108,0.108
-9.5238e-03,-0.9,-1.1,0.104,0.1
-9.5161e-03,-0.9,-0.7,0.104,0.108
-9.5084e-03,-0.9,-1.1,0.104,0.1
-9.5008e-03,-0.9,-0.7,0.104,0.108
-9.4931e-03,-0.9,-1.1,0.104,0.1
-9.4854e-03,-0.9,-0.7,0.104,0.108
-9.4777e-03,-0.9,-1.1,0.104,0.1
-9.4700e-03,-0.9,-0.7,0.104,0.108
-9.4624e-03,-0.9,-1.3,0.1,0.1
-9.4547e-03,-0.9,-0.7,0.1,0.108
-9.4470e-03,-0.9,-1.3,0.104,0.096
-9.4393e-03,-0.9,-0.9,0.1,0.104
-9.4316e-03,-0.9,-1.3,0.1,0.096
-9.4240e-03,-1.1,-0.9,0.1,0.104
-9.4163e-03,-1.1,-1.3,0.1,0.092
-9.4086e-03,-0.9,-0.9,0.1,0.108
-9.4009e-03,-0.9,-1.3,0.1,0.096
-9.3932e-03,-1.1,-0.9,0.1,0.104
-9.3856e-03,-1.1,-1.3,0.1,0.092
-9.3779e-03,-1.1,-0.9,0.096,0.104
-9.3702e-03,-1.1,-1.3,0.096,0.092
-9.3625e-03,-1.1,-0.9,0.096,0.1
-9.3548e-03,-1.1,-1.3,0.096,0.092
-9.3472e-03,-1.1,-0.9,0.096,0.1
-9.3395e-03,-1.1,-1.3,0.096,0.092
-9.3318e-03,-1.1,-0.9,0.096,0.1
-9.3241e-03,-1.1,-1.3,0.096,0.092
-9.3164e-03,-1.1,-0.9,0.096,0.1
-9.3088e-03,-1.1,-1.3,0.092,0.088
-9.3011e-03,-1.1,-0.9,0.092,0.096
-9.2934e-03,-1.3,-1.3,0.096,0.088
-9.2857e-03,-1.1,-1.1,0.092,0.096
-9.2780e-03,-1.1,-1.5,0.092,0.088
-9.2704e-03,-1.3,-1.1,0.092,0.096
-9.2627e-03,-1.1,-1.5,0.092,0.088
-9.2550e-03,-1.1,-1.1,0.092,0.096
-9.2473e-03,-1.3,-1.5,0.092,0.088
-9.2396e-03,-1.3,-1.1,0.088,0.096
-9.2320e-03,-1.3,-1.5,0.092,0.084
-9.2243e-03,-1.3,-1.1,0.088,0.092
-9.2166e-03,-1.3,-1.5,0.088,0.084
-9.2089e-03,-1.3,-1.1,0.088,0.096
-9.2012e-03,-1.3,-1.5,0.088,0.084
-9.1935e-03,-1.3,-1.1,0.088,0.092
-9.1859e-03,-1.3,-1.5,0.088,0.084
-9.1782e-03,-1.3,-1.1,0.088,0.092
-9.1705e-03,-1.3,-1.5,0.084,0.08
-9.1628e-03,-1.3,-1.1,0.088,0.092
-9.1551e-03,-1.5,-1.7,0.084,0.08
-9.1475e-03,-1.3,-1.3,0.084,0.088
-9.1398e-03,-1.3,-1.7,0.084,0.08
-9.1321e-03,-1.5,-1.3,0.084,0.088
-9.1244e-03,-1.5,-1.7,0.084,0.08
-9.1167e-03,-1.3,-1.3,0.084,0.088
-9.1091e-03,-1.5,-1.7,0.08,0.08
-9.1014e-03,-1.5,-1.3,0.084,0.084
-9.0937e-03,-1.5,-1.7,0.084,0.076
-9.0860e-03,-1.5,-1.3,0.08,0.084
-9.0783e-03,-1.5,-1.7,0.08,0.076
-9.0707e-03,-1.3,-1.3,0.08,0.084
-9.0630e-03,-1.5,-1.7,0.08,0.076
-9.0553e-03,-1.5,-1.3,0.08,0.084
-9.0476e-03,-1.5,-1.7,0.08,0.076
-9.0399e-03,-1.5,-1.3,0.08,0.084
-9.0323e-03,-1.5,-1.7,0.08,0.072
-9.0246e-03,-1.5,-1.3,0.08,0.08
-9.0169e-03,-1.5,-1.9,0.076,0.072
-9.0092e-03,-1.5,-1.3,0.076,0.08
-9.0015e-03,-1.5,-1.9,0.076,0.072
-8.9939e-03,-1.5,-1.5,0.076,0.08
-8.9862e-03,-1.7,-1.9,0.076,0.072
-8.9785e-03,-1.5,-1.5,0.072,0.08
-8.9708e-03,-1.5,-1.9,0.076,0.072
-8.9631e-03,-1.7,-1.5,0.076,0.076
-8.9555e-03,-1.5,-1.9,0.076,0.068
-8.9478e-03,-1.7,-1.5,0.072,0.076
-8.9401e-03,-1.7,-1.9,0.072,0.068
-8.9324e-03,-1.7,-1.5,0.072,0.076
-8.9247e-03,-1.7,-1.9,0.072,0.068
-8.9171e-03,-1.7,-1.5,0.072,0.076
-8.9094e-03,-1.7,-1.9,0.072,0.064
-8.9017e-03,-1.7,-1.5,0.072,0.072
-8.8940e-03,-1.7,-1.9,0.072,0.064
-8.8863e-03,-1.7,-1.5,0.072,0.072
-8.8786e-03,-1.7,-1.9,0.068,0.064
-8.8710e-03,-1.7,-1.5,0.068,0.072
-8.8633e-03,-1.7,-1.9,0.068,0.06
-8.8556e-03,-1.7,-1.5,0.068,0.072
-8.8479e-03,-1.9,-2.1,0.068,0.06
-8.8402e-03,-1.7,-1.5,0.064,0.072
-8.8326e-03,-1.7,-2.1,0.064,0.06
-8.8249e-03,-1.7,-1.5,0.064,0.068
-8.8172e-03,-1.7,-2.1,0.064,0.06
-8.8095e-03,-1.7,-1.5,0.064,0.068
-8.8018e-03,-1.7,-2.1,0.064,0.06
-8.7942e-03,-1.7,-1.7,0.064,0.068
-8.7865e-03,-1.7,-2.1,0.064,0.052
-8.7788e-03,-1.7,-1.7,0.064,0.068
-8.7711e-03,-1.7,-2.1,0.064,0.056
-8.7634e-03,-1.7,-1.7,0.06,0.064
-8.7558e-03,-1.7,-2.1,0.056,0.056
-8.7481e-03,-1.7,-1.7,0.06,0.064
-8.7404e-03,-1.9,-2.1,0.06,0.052
-8.7327e-03,-1.9,-1.7,0.06,0.064
-8.7250e-03,-1.9,-2.1,0.06,0.052
-8.7174e-03,-1.9,-1.7,0.056,0.06
-8.7097e-03,-1.9,-2.1,0.056,0.052
-8.7020e-03,-1.9,-1.7,0.056,0.06
-8.6943e-03,-1.9,-2.1,0.056,0.052
-8.6866e-03,-1.9,-1.7,0.056,0.06
-8.6790e-03,-1.9,-2.1,0.056,0.048
-8.6713e-03,-1.9,-1.7,0.056,0.06
-8.6636e-03,-1.9,-2.1,0.056,0.048
-8.6559e-03,-1.9,-1.7,0.052,0.056
-8.6482e-03,-1.9,-2.1,0.052,0.048
-8.6406e-03,-1.9,-1.7,0.052,0.056
-8.6329e-03,-1.9,-2.1,0.048,0.048
-8.6252e-03,-1.9,-1.7,0.052,0.056
-8.6175e-03,-1.9,-2.1,0.052,0.044
-8.6098e-03,-1.9,-1.7,0.048,0.052
-8.6022e-03,-1.9,-2.1,0.048,0.044
-8.5945e-03,-1.9,-1.9,0.048,0.052
-8.5868e-03,-1.9,-2.1,0.048,0.044
-8.5791e-03,-1.9,-1.9,0.048,0.052
-8.5714e-03,-1.9,-2.3,0.048,0.04
-8.5637e-03,-1.9,-1.9,0.048,0.052
-8.5561e-03,-1.9,-2.3,0.044,0.04
-8.5484e-03,-2.1,-1.9,0.044,0.048
-8.5407e-03,-1.9,-2.3,0.044,0.04
-8.5330e-03,-1.9,-1.9,0.044,0.048
-8.5253e-03,-2.1,-2.3,0.044,0.036
-8.5177e-03,-2.1,-1.9,0.044,0.048
-8.5100e-03,-2.1,-2.3,0.044,0.036
-8.5023e-03,-2.1,-1.9,0.04,0.044
-8.4946e-03,-2.1,-2.3,0.044,0.036
-8.4869e-03,-2.1,-1.9,0.04,0.044
-8.4793e-03,-2.1,-2.3,0.04,0.036
-8.4716e-03,-2.1,-1.9,0.04,0.044
-8.4639e-03,-2.1,-2.3,0.04,0.032
-8.4562e-03,-2.1,-1.9,0.04,0.044
-8.4485e-03,-2.1,-2.3,0.04,0.032
-8.4409e-03,-2.1,-1.9,0.04,0.04
-8.4332e-03,-2.1,-2.3,0.036,0.032
-8.4255e-03,-2.1,-1.9,0.036,0.04
-8.4178e-03,-2.1,-2.3,0.036,0.032
-8.4101e-03,-2.1,-1.9,0.036,0.04
-8.4025e-03,-2.1,-2.3,0.036,0.028
-8.3948e-03,-2.1,-1.9,0.036,0.04
-8.3871e-03,-2.1,-2.3,0.036,0.028
-8.3794e-03,-2.1,-1.9,0.036,0.036
-8.3717e-03,-2.1,-2.3,0.036,0.028
-8.3641e-03,-2.1,-2.1,0.032,0.036
-8.3564e-03,-2.1,-2.3,0.032,0.024
-8.3487e-03,-2.3,-2.1,0.032,0.036
-8.3410e-03,-2.1,-2.3,0.032,0.024
-8.3333e-03,-2.1,-2.1,0.032,0.036
-8.3257e-03,-2.1,-2.5,0.032,0.024
-8.3180e-03,-2.1,-2.1,0.032,0.032
-8.3103e-03,-2.1,-2.5,0.028,0.02
-8.3026e-03,-2.3,-2.1,0.028,0.032
-8.2949e-03,-2.3,-2.5,0.028,0.02
-8.2873e-03,-2.1,-2.1,0.028,0.032
-8.2796e-03,-2.1,-2.5,0.028,0.02
-8.2719e-03,-2.3,-2.1,0.028,0.032
-8.2642e-03,-2.3,-2.5,0.028,0.02
-8.2565e-03,-2.3,-2.1,0.028,0.028
-8.2488e-03,-2.3,-2.5,0.024,0.016
-8.2412e-03,-2.3,-2.1,0.024,0.028
-8.2335e-03,-2.3,-2.5,0.024,0.016
-8.2258e-03,-2.3,-2.1,0.024,0.028
-8.2181e-03,-2.3,-2.5,0.024,0.016
-8.2104e-03,-2.3,-2.1,0.024,0.028
-8.2028e-03,-2.3,-2.5,0.024,0.016
-8.1951e-03,-2.3,-2.1,0.024,0.024
-8.1874e-03,-2.3,-2.5,0.024,0.012
-8.1797e-03,-2.3,-2.1,0.02,0.024
-8.1720e-03,-2.3,-2.5,0.02,0.012
-8.1644e-03,-2.3,-2.1,0.02,0.024
-8.1567e-03,-2.3,-2.5,0.02,0.008
-8.1490e-03,-2.3,-2.1,0.016,0.028
-8.1413e-03,-2.3,-2.5,0.016,0.008
-8.1336e-03,-2.3,-2.1,0.016,0.02
-8.1260e-03,-2.3,-2.5,0.016,0.008
-8.1183e-03,-2.3,-2.1,0.016,0.02
-8.1106e-03,-2.3,-2.5,0.012,0.008
-8.1029e-03,-2.3,-2.1,0.016,0.016
-8.0952e-03,-2.3,-2.7,0.012,0.008
-8.0876e-03,-2.3,-2.1,0.012,0.016
-8.0799e-03,-2.5,-2.7,0.012,0.004
-8.0722e-03,-2.3,-2.1,0.012,0.016
-8.0645e-03,-2.5,-2.7,0.012,0.004
-8.0568e-03,-2.3,-2.3,0.012,0.016
-8.0492e-03,-2.3,-2.7,0.008,0.004
-8.0415e-03,-2.3,-2.3,0.008,0.012
-8.0338e-03,-2.3,-2.7,0.008,8.9407e-11
-8.0261e-03,-2.3,-2.3,0.008,0.012
-8.0184e-03,-2.5,-2.7,0.008,8.9407e-11
-8.0108e-03,-2.5,-2.3,0.008,0.012
-8.0031e-03,-2.5,-2.7,0.008,8.9407e-11
-7.9954e-03,-2.5,-2.3,0.004,0.008
-7.9877e-03,-2.5,-2.7,0.004,8.9407e-11
-7.9800e-03,-2.5,-2.3,0.004,0.008
-7.9724e-03,-2.5,-2.7,0.004,-0.004
-7.9647e-03,-2.5,-2.3,0.004,0.008
-7.9570e-03,-2.5,-2.7,0.004,-0.008
-7.9493e-03,-2.5,-2.3,0.004,0.008
-7.9416e-03,-2.5,-2.9,0.004,-0.004
-7.9339e-03,-2.5,-2.3,8.9407e-11,0.004
-7.9263e-03,-2.5,-2.7,8.9407e-11,-0.008
-7.9186e-03,-2.5,-2.3,8.9407e-11,0.004
-7.9109e-03,-2.5,-2.9,8.9407e-11,-0.008
-7.9032e-03,-2.5,-2.3,8.9407e-11,0.004
-7.8955e-03,-2.5,-2.9,8.9407e-11,-0.008
-7.8879e-03,-2.5,-2.3,-0.004,8.9407e-11
-7.8802e-03,-2.5,-2.9,-0.004,-0.008
-7.8725e-03,-2.5,-2.5,-0.004,8.9407e-11
-7.8648e-03,-2.5,-2.9,-0.004,-0.012
-7.8571e-03,-2.5,-2.5,-0.004,8.9407e-11
-7.8495e-03,-2.7,-2.9,-0.008,-0.012
-7.8418e-03,-2.5,-2.5,-0.008,-0.004
-7.8341e-03,-2.7,-2.9,-0.008,-0.016
-7.8264e-03,-2.7,-2.5,-0.008,-0.004
-7.8187e-03,-2.7,-2.9,-0.008,-0.016
-7.8111e-03,-2.7,-2.5,-0.008,-0.004
-7.8034e-03,-2.7,-2.9,-0.008,-0.016
-7.7957e-03,-2.5,-2.5,-0.012,-0.008
-7.7880e-03,-2.5,-2.9,-0.012,-0.016
-7.7803e-03,-2.7,-2.5,-0.012,-0.008
-7.7727e-03,-2.7,-2.9,-0.012,-0.02
-7.7650e-03,-2.7,-2.5,-0.012,-0.008
-7.7573e-03,-2.7,-2.9,-0.016,-0.024
-7.7496e-03,-2.7,-2.5,-0.012,-0.008
-7.7419e-03,-2.7,-3.1,-0.016,-0.02
-7.7343e-03,-2.7,-2.5,-0.016,-0.012
-7.7266e-03,-2.7,-3.1,-0.016,-0.024
-7.7189e-03,-2.7,-2.5,-0.016,-0.012
-7.7112e-03,-2.7,-3.1,-0.016,-0.024
-7.7035e-03,-2.7,-2.5,-0.02,-0.016
-7.6959e-03,-2.7,-3.1,-0.02,-0.024
-7.6882e-03,-2.7,-2.7,-0.024,-0.016
-7.6805e-03,-2.9,-3.1,-0.02,-0.024
-7.6728e-03,-2.9,-2.7,-0.02,-0.016
-7.6651e-03,-2.7,-3.1,-0.02,-0.028
-7.6575e-03,-2.9,-2.7,-0.02,-0.02
-7.6498e-03,-2.9,-3.1,-0.024,-0.028
-7.6421e-03,-2.9,-2.7,-0.02,-0.02
-7.6344e-03,-2.9,-3.1,-0.024,-0.028
-7.6267e-03,-2.7,-2.7,-0.024,-0.02
-7.6190e-03,-2.9,-3.1,-0.028,-0.032
-7.6114e-03,-2.9,-2.7,-0.024,-0.024
-7.6037e-03,-2.9,-3.1,-0.028,-0.032
-7.5960e-03,-2.9,-2.7,-0.028,-0.024
-7.5883e-03,-2.9,-3.1,-0.028,-0.032
-7.5806e-03,-2.9,-2.7,-0.028,-0.024
-7.5730e-03,-2.9,-3.1,-0.028,-0.036
-7.5653e-03,-2.9,-2.7,-0.032,-0.028
-7.5576e-03,-2.9,-3.1,-0.032,-0.036
-7.5499e-03,-2.9,-2.7,-0.032,-0.028
-7.5422e-03,-2.9,-3.1,-0.032,-0.04
-7.5346e-03,-2.9,-2.7,-0.032,-0.024
-7.5269e-03,-2.9,-3.3,-0.032,-0.036
-7.5192e-03,-2.9,-2.9,-0.032,-0.032
-7.5115e-03,-2.9,-3.3,-0.036,-0.04
-7.5038e-03,-2.9,-2.9,-0.036,-0.032
-7.4962e-03,-3.1,-3.3,-0.036,-0.04
-7.4885e-03,-3.1,-2.9,-0.036,-0.032
-7.4808e-03,-2.9,-3.3,-0.036,-0.04
-7.4731e-03,-3.1,-2.9,-0.036,-0.032
-7.4654e-03,-3.1,-3.3,-0.036,-0.044
-7.4578e-03,-3.1,-2.9,-0.036,-0.036
-7.4501e-03,-3.1,-3.3,-0.04,-0.044
-7.4424e-03,-3.1,-2.9,-0.04,-0.036
-7.4347e-03,-3.1,-3.3,-0.04,-0.048
-7.4270e-03,-3.1,-2.9,-0.04,-0.036
-7.4194e-03,-3.1,-3.3,-0.04,-0.048
-7.4117e-03,-3.1,-2.9,-0.04,-0.04
-7.4040e-03,-3.1,-3.5,-0.04,-0.048
-7.3963e-03,-3.1,-2.9,-0.044,-0.04
-7.3886e-03,-3.3,-3.5,-0.044,-0.048
-7.3810e-03,-3.1,-2.9,-0.044,-0.04
-7.3733e-03,-3.1,-3.5,-0.044,-0.048
-7.3656e-03,-3.1,-2.9,-0.048,-0.04
-7.3579e-03,-3.1,-3.5,-0.048,-0.052
-7.3502e-03,-3.3,-2.9,-0.048,-0.044
-7.3425e-03,-3.1,-3.5,-0.048,-0.052
-7.3349e-03,-3.3,-3.1,-0.048,-0.044
-7.3272e-03,-3.1,-3.5,-0.048,-0.056
-7.3195e-03,-3.3,-3.1,-0.048,-0.048
-7.3118e-03,-3.3,-3.5,-0.052,-0.056
-7.3041e-03,-3.3,-3.1,-0.048,-0.048
-7.2965e-03,-3.3,-3.5,-0.052,-0.06
-7.2888e-03,-3.3,-3.1,-0.052,-0.044
-7.2811e-03,-3.3,-3.5,-0.052,-0.06
-7.2734e-03,-3.3,-3.1,-0.052,-0.048
-7.2657e-03,-3.3,-3.7,-0.056,-0.06
-7.2581e-03,-3.3,-3.1,-0.056,-0.052
-7.2504e-03,-3.3,-3.7,-0.056,-0.06
-7.2427e-03,-3.3,-3.1,-0.056,-0.052
-7.2350e-03,-3.3,-3.7,-0.056,-0.06
-7.2273e-03,-3.3,-3.3,-0.056,-0.052
-7.2197e-03,-3.3,-3.7,-0.056,-0.064
-7.2120e-03,-3.3,-3.3,-0.056,-0.056
-7.2043e-03,-3.3,-3.7,-0.06,-0.064
-7.1966e-03,-3.3,-3.3,-0.06,-0.056
-7.1889e-03,-3.3,-3.7,-0.06,-0.068
-7.1813e-03,-3.5,-3.3,-0.06,-0.056
-7.1736e-03,-3.3,-3.7,-0.06,-0.068
-7.1659e-03,-3.5,-3.3,-0.064,-0.06
-7.1582e-03,-3.3,-3.7,-0.064,-0.068
-7.1505e-03,-3.5,-3.3,-0.064,-0.06
-7.1429e-03,-3.5,-3.7,-0.064,-0.072
-7.1352e-03,-3.5,-3.3,-0.068,-0.056
-7.1275e-03,-3.5,-3.9,-0.068,-0.072
-7.1198e-03,-3.5,-3.3,-0.068,-0.064
-7.1121e-03,-3.5,-3.9,-0.068,-0.072
-7.1045e-03,-3.5,-3.3,-0.064,-0.064
-7.0968e-03,-3.5,-3.9,-0.068,-0.072
-7.0891e-03,-3.5,-3.3,-0.068,-0.064
-7.0814e-03,-3.5,-3.9,-0.068,-0.076
-7.0737e-03,-3.7,-3.5,-0.072,-0.068
-7.0661e-03,-3.7,-3.9,-0.072,-0.076
-7.0584e-03,-3.5,-3.5,-0.072,-0.068
-7.0507e-03,-3.7,-3.9,-0.072,-0.076
-7.0430e-03,-3.7,-3.5,-0.076,-0.068
-7.0353e-03,-3.7,-3.9,-0.072,-0.08
-7.0276e-03,-3.5,-3.5,-0.072,-0.072
-7.0200e-03,-3.7,-3.9,-0.076,-0.08
-7.0123e-03,-3.7,-3.5,-0.076,-0.072
-7.0046e-03,-3.7,-3.9,-0.076,-0.08
-6.9969e-03,-3.7,-3.5,-0.076,-0.072
-6.9892e-03,-3.7,-4.1,-0.076,-0.08
-6.9816e-03,-3.7,-3.5,-0.076,-0.076
-6.9739e-03,-3.9,-4.1,-0.076,-0.084
-6.9662e-03,-3.7,-3.5,-0.08,-0.076
-6.9585e-03,-3.7,-4.1,-0.08,-0.088
-6.9508e-03,-3.7,-3.7,-0.08,-0.076
-6.9432e-03,-3.7,-4.1,-0.08,-0.084
-6.9355e-03,-3.7,-3.7,-0.08,-0.076
-6.9278e-03,-3.7,-4.1,-0.08,-0.088
-6.9201e-03,-3.7,-3.7,-0.084,-0.08
-6.9124e-03,-3.9,-4.1,-0.08,-0.088
-6.9048e-03,-3.9,-3.7,-0.08,-0.08
-6.8971e-03,-3.9,-4.1,-0.084,-0.088
-6.8894e-03,-3.9,-3.7,-0.084,-0.08
-6.8817e-03,-3.9,-4.1,-0.084,-0.088
-6.8740e-03,-3.9,-3.7,-0.084,-0.084
-6.8664e-03,-3.9,-4.3,-0.088,-0.092
-6.8587e-03,-3.9,-3.7,-0.088,-0.084
-6.8510e-03,-3.9,-4.3,-0.088,-0.092
-6.8433e-03,-4.1,-3.9,-0.088,-0.084
-6.8356e-03,-3.9,-4.3,-0.088,-0.092
-6.8280e-03,-3.9,-3.9,-0.088,-0.084
-6.8203e-03,-4.1,-4.3,-0.088,-0.096
-6.8126e-03,-4.1,-3.9,-0.092,-0.084
-6.8049e-03,-4.1,-4.3,-0.092,-0.096
-6.7972e-03,-4.1,-3.9,-0.092,-0.088
-6.7896e-03,-4.1,-4.3,-0.092,-0.096
-6.7819e-03,-4.1,-3.9,-0.092,-0.088
-6.7742e-03,-4.1,-4.3,-0.096,-0.1
-6.7665e-03,-4.1,-3.9,-0.092,-0.092
-6.7588e-03,-4.1,-4.5,-0.096,-0.104
-6.7512e-03,-4.1,-3.9,-0.096,-0.088
-6.7435e-03,-4.1,-4.5,-0.096,-0.1
-6.7358e-03,-4.1,-3.9,-0.096,-0.092
-6.7281e-03,-4.1,-4.5,-0.096,-0.104
-6.7204e-03,-4.1,-3.9,-0.1,-0.096
-6.7127e-03,-4.1,-4.5,-0.096,-0.104
-6.7051e-03,-4.1,-4.1,-0.1,-0.096
-6.6974e-03,-4.1,-4.5,-0.1,-0.104
-6.6897e-03,-4.3,-4.1,-0.1,-0.096
-6.6820e-03,-4.3,-4.5,-0.1,-0.104
-6.6743e-03,-4.3,-4.1,-0.1,-0.096
-6.6667e-03,-4.3,-4.5,-0.104,-0.108
-6.6590e-03,-4.3,-4.1,-0.104,-0.1
-6.6513e-03,-4.3,-4.7,-0.104,-0.108
-6.6436e-03,-4.3,-4.1,-0.104,-0.1
-6.6359e-03,-4.3,-4.7,-0.104,-0.108
-6.6283e-03,-4.3,-4.1,-0.108,-0.1
-6.6206e-03,-4.3,-4.7,-0.104,-0.108
-6.6129e-03,-4.3,-4.3,-0.108,-0.104
-6.6052e-03,-4.3,-4.7,-0.108,-0.112
-6.5975e-03,-4.5,-4.3,-0.108,-0.104
-6.5899e-03,-4.5,-4.7,-0.108,-0.112
-6.5822e-03,-4.5,-4.3,-0.108,-0.104
-6.5745e-03,-4.5,-4.7,-0.108,-0.112
-6.5668e-03,-4.5,-4.3,-0.108,-0.104
-6.5591e-03,-4.5,-4.9,-0.108,-0.116
-6.5515e-03,-4.5,-4.3,-0.112,-0.104
-6.5438e-03,-4.5,-4.9,-0.112,-0.116
-6.5361e-03,-4.5,-4.3,-0.112,-0.108
-6.5284e-03,-4.5,-4.9,-0.112,-0.116
-6.5207e-03,-4.5,-4.3,-0.112,-0.108
-6.5131e-03,-4.5,-4.9,-0.116,-0.12
-6.5054e-03,-4.7,-4.5,-0.112,-0.112
-6.4977e-03,-4.5,-4.9,-0.116,-0.12
-6.4900e-03,-4.7,-4.5,-0.116,-0.112
-6.4823e-03,-4.7,-4.9,-0.116,-0.12
-6.4747e-03,-4.7,-4.5,-0.116,-0.112
-6.4670e-03,-4.5,-4.9,-0.12,-0.12
-6.4593e-03,-4.7,-4.5,-0.116,-0.112
-6.4516e-03,-4.7,-5.1,-0.12,-0.124
-6.4439e-03,-4.9,-4.5,-0.12,-0.116
-6.4363e-03,-4.7,-5.1,-0.12,-0.124
-6.4286e-03,-4.7,-4.7,-0.12,-0.116
-6.4209e-03,-4.9,-5.1,-0.12,-0.124
-6.4132e-03,-4.7,-4.7,-0.12,-0.116
-6.4055e-03,-4.9,-5.1,-0.12,-0.128
-6.3978e-03,-4.7,-4.7,-0.12,-0.116
-6.3902e-03,-4.7,-5.1,-0.124,-0.128
-6.3825e-03,-4.9,-4.7,-0.124,-0.12
-6.3748e-03,-4.9,-5.3,-0.124,-0.132
-6.3671e-03,-4.9,-4.7,-0.124,-0.116
-6.3594e-03,-4.9,-5.3,-0.124,-0.128
-6.3518e-03,-4.9,-4.7,-0.124,-0.12
-6.3441e-03,-4.9,-5.3,-0.124,-0.132
-6.3364e-03,-4.9,-4.7,-0.128,-0.124
-6.3287e-03,-4.9,-5.3,-0.128,-0.132
-6.3210e-03,-5.1,-4.9,-0.128,-0.124
-6.3134e-03,-5.1,-5.3,-0.128,-0.132
-6.3057e-03,-4.9,-4.9,-0.128,-0.124
-6.2980e-03,-5.1,-5.3,-0.128,-0.132
-6.2903e-03,-5.1,-4.9,-0.132,-0.124
-6.2826e-03,-5.1,-5.5,-0.132,-0.136
-6.2750e-03,-5.1,-4.9,-0.132,-0.128
-6.2673e-03,-5.1,-5.5,-0.132,-0.136
-6.2596e-03,-5.3,-5.1,-0.132,-0.128
-6.2519e-03,-5.3,-5.5,-0.132,-0.136
-6.2442e-03,-5.3,-5.1,-0.132,-0.128
-6.2366e-03,-5.3,-5.5,-0.136,-0.136
-6.2289e-03,-5.3,-5.1,-0.136,-0.128
-6.2212e-03,-5.3,-5.5,-0.136,-0.14
-6.2135e-03,-5.3,-5.3,-0.136,-0.128
-6.2058e-03,-5.3,-5.7,-0.136,-0.14
-6.1982e-03,-5.3,-5.3,-0.136,-0.132
-6.1905e-03,-5.5,-5.7,-0.136,-0.14
-6.1828e-03,-5.5,-5.3,-0.136,-0.132
-6.1751e-03,-5.5,-5.7,-0.136,-0.144
-6.1674e-03,-5.5,-5.3,-0.14,-0.132
-6.1598e-03,-5.5,-5.7,-0.14,-0.144
-6.1521e-03,-5.5,-5.3,-0.14,-0.136
-6.1444e-03,-5.5,-5.7,-0.14,-0.144
-6.1367e-03,-5.5,-5.3,-0.14,-0.136
-6.1290e-03,-5.5,-5.9,-0.14,-0.144
-6.1214e-03,-5.5,-5.5,-0.144,-0.136
-6.1137e-03,-5.7,-5.9,-0.144,-0.148
-6.1060e-03,-5.7,-5.5,-0.14,-0.14
-6.0983e-03,-5.7,-5.9,-0.144,-0.148
-6.0906e-03,-5.7,-5.5,-0.144,-0.14
-6.0829e-03,-5.7,-5.9,-0.144,-0.148
-6.0753e-03,-5.7,-5.5,-0.144,-0.14
-6.0676e-03,-5.7,-6.1,-0.148,-0.148
-6.0599e-03,-5.7,-5.5,-0.144,-0.144
-6.0522e-03,-5.9,-6.1,-0.148,-0.152
-6.0445e-03,-5.9,-5.7,-0.148,-0.144
-6.0369e-03,-5.9,-6.1,-0.148,-0.152
-6.0292e-03,-5.9,-5.7,-0.148,-0.144
-6.0215e-03,-5.9,-6.1,-0.148,-0.156
-6.0138e-03,-5.9,-5.7,-0.152,-0.144
-6.0061e-03,-6.1,-6.3,-0.148,-0.152
-5.9985e-03,-6.1,-5.7,-0.148,-0.144
-5.9908e-03,-5.9,-6.3,-0.152,-0.156
-5.9831e-03,-6.1,-5.9,-0.152,-0.148
-5.9754e-03,-6.1,-6.3,-0.152,-0.156
-5.9677e-03,-6.1,-5.9,-0.152,-0.144
-5.9601e-03,-6.1,-6.3,-0.152,-0.156
-5.9524e-03,-6.1,-5.9,-0.152,-0.148
-5.9447e-03,-6.1,-6.5,-0.152,-0.156
-5.9370e-03,-6.1,-6.1,-0.152,-0.152
-5.9293e-03,-6.3,-6.5,-0.152,-0.16
-5.9217e-03,-6.3,-6.1,-0.156,-0.152
-5.9140e-03,-6.3,-6.5,-0.156,-0.16
-5.9063e-03,-6.3,-6.1,-0.156,-0.152
-5.8986e-03,-6.3,-6.7,-0.156,-0.16
-5.8909e-03,-6.3,-6.3,-0.156,-0.152
-5.8833e-03,-6.3,-6.7,-0.156,-0.16
-5.8756e-03,-6.5,-6.3,-0.156,-0.156
-5.8679e-03,-6.5,-6.7,-0.156,-0.164
-5.8602e-03,-6.5,-6.3,-0.156,-0.156
-5.8525e-03,-6.5,-6.7,-0.16,-0.164
-5.8449e-03,-6.5,-6.5,-0.16,-0.156
-5.8372e-03,-6.5,-6.9,-0.16,-0.164
-5.8295e-03,-6.7,-6.5,-0.16,-0.156
-5.8218e-03,-6.7,-6.9,-0.16,-0.164
-5.8141e-03,-6.7,-6.5,-0.164,-0.156
-5.8065e-03,-6.7,-6.9,-0.16,-0.168
-5.7988e-03,-6.9,-6.7,-0.16,-0.16
-5.7911e-03,-6.9,-7.1,-0.164,-0.168
-5.7834e-03,-6.7,-6.7,-0.16,-0.156
-5.7757e-03,-6.9,-7.1,-0.164,-0.168
-5.7680e-03,-6.9,-6.7,-0.164,-0.16
-5.7604e-03,-6.9,-7.1,-0.164,-0.168
-5.7527e-03,-6.9,-6.7,-0.164,-0.16
-5.7450e-03,-6.9,-7.3,-0.168,-0.172
-5.7373e-03,-7.1,-6.9,-0.168,-0.16
-5.7296e-03,-7.1,-7.3,-0.168,-0.172
-5.7220e-03,-7.1,-6.9,-0.168,-0.164
-5.7143e-03,-7.1,-7.3,-0.168,-0.172
-5.7066e-03,-7.1,-6.9,-0.168,-0.164
-5.6989e-03,-7.3,-7.5,-0.168,-0.172
-5.6912e-03,-7.3,-7.1,-0.168,-0.164
-5.6836e-03,-7.3,-7.5,-0.168,-0.172
-5.6759e-03,-7.3,-7.1,-0.168,-0.164
-5.6682e-03,-7.3,-7.7,-0.172,-0.176
-5.6605e-03,-7.3,-7.3,-0.168,-0.168
-5.6528e-03,-7.5,-7.7,-0.172,-0.176
-5.6452e-03,-7.3,-7.3,-0.172,-0.168
-5.6375e-03,-7.5,-7.7,-0.172,-0.176
-5.6298e-03,-7.5,-7.3,-0.172,-0.168
-5.6221e-03,-7.5,-7.9,-0.172,-0.176
-5.6144e-03,-7.7,-7.3,-0.172,-0.168
-5.6068e-03,-7.5,-7.9,-0.172,-0.176
-5.5991e-03,-7.7,-7.5,-0.172,-0.172
-5.5914e-03,-7.7,-7.9,-0.176,-0.18
-5.5837e-03,-7.7,-7.5,-0.176,-0.168
-5.5760e-03,-7.7,-8.1,-0.176,-0.18
-5.5684e-03,-7.9,-7.7,-0.176,-0.172
-5.5607e-03,-7.7,-8.1,-0.176,-0.18
-5.5530e-03,-7.9,-7.7,-0.176,-0.172
-5.5453e-03,-7.9,-8.3,-0.176,-0.184
-5.5376e-03,-7.9,-7.7,-0.18,-0.172
-5.5300e-03,-7.9,-8.3,-0.176,-0.184
-5.5223e-03,-7.9,-7.9,-0.176,-0.176
-5.5146e-03,-7.9,-8.3,-0.18,-0.184
-5.5069e-03,-8.1,-7.9,-0.18,-0.176
-5.4992e-03,-8.1,-8.5,-0.18,-0.184
-5.4916e-03,-8.1,-7.9,-0.18,-0.176
-5.4839e-03,-8.3,-8.5,-0.184,-0.184
-5.4762e-03,-8.3,-8.1,-0.184,-0.176
-5.4685e-03,-8.3,-8.5,-0.18,-0.184
-5.4608e-03,-8.5,-8.1,-0.184,-0.18
-5.4531e-03,-8.3,-8.7,-0.184,-0.188
-5.4455e-03,-8.3,-8.3,-0.18,-0.18
-5.4378e-03,-8.5,-8.7,-0.184,-0.188
-5.4301e-03,-8.5,-8.3,-0.18,-0.18
-5.4224e-03,-8.5,-8.9,-0.184,-0.188
-5.4147e-03,-8.5,-8.5,-0.184,-0.18
-5.4071e-03,-8.7,-8.9,-0.184,-0.188
-5.3994e-03,-8.7,-8.5,-0.184,-0.18
-5.3917e-03,-8.7,-8.9,-0.184,-0.188
-5.3840e-03,-8.7,-8.5,-0.188,-0.184
-5.3763e-03,-8.7,-9.1,-0.188,-0.192
-5.3687e-03,-8.9,-8.7,-0.188,-0.184
-5.3610e-03,-8.9,-9.1,-0.184,-0.192
-5.3533e-03,-8.9,-8.7,-0.188,-0.184
-5.3456e-03,-8.9,-9.3,-0.188,-0.192
-5.3379e-03,-8.9,-8.9,-0.188,-0.184
-5.3303e-03,-9.1,-9.3,-0.188,-0.192
-5.3226e-03,-9.1,-8.9,-0.188,-0.184
-5.3149e-03,-9.1,-9.3,-0.188,-0.192
-5.3072e-03,-9.1,-8.9,-0.192,-0.184
-5.2995e-03,-9.1,-9.5,-0.192,-0.196
-5.2919e-03,-9.1,-9.1,-0.192,-0.188
-5.2842e-03,-9.3,-9.5,-0.192,-0.196
-5.2765e-03,-9.3,-9.1,-0.192,-0.188
-5.2688e-03,-9.3,-9.7,-0.192,-0.196
-5.2611e-03,-9.5,-9.1,-0.192,-0.188
-5.2535e-03,-9.5,-9.7,-0.192,-0.196
-5.2458e-03,-9.5,-9.3,-0.192,-0.188
-5.2381e-03,-9.3,-9.7,-0.192,-0.196
-5.2304e-03,-9.5,-9.3,-0.192,-0.188
-5.2227e-03,-9.5,-9.9,-0.192,-0.196
-5.2151e-03,-9.5,-9.5,-0.196,-0.192
-5.2074e-03,-9.7,-9.9,-0.192,-0.196
-5.1997e-03,-9.7,-9.5,-0.192,-0.192
-5.1920e-03,-9.7,-10.1,-0.192,-0.2
-5.1843e-03,-9.7,-9.5,-0.196,-0.192
-5.1767e-03,-9.7,-10.1,-0.196,-0.2
-5.1690e-03,-9.9,-9.7,-0.196,-0.192
-5.1613e-03,-9.9,-10.1,-0.196,-0.2
-5.1536e-03,-9.9,-9.7,-0.196,-0.192
-5.1459e-03,-9.9,-10.3,-0.196,-0.204
-5.1382e-03,-10.1,-9.9,-0.196,-0.192
-5.1306e-03,-10.1,-10.3,-0.196,-0.2
-5.1229e-03,-10.1,-9.9,-0.196,-0.192
-5.1152e-03,-10.1,-10.3,-0.196,-0.2
-5.1075e-03,-10.1,-9.9,-0.2,-0.192
-5.0998e-03,-10.3,-10.5,-0.2,-0.2
-5.0922e-03,-10.3,-10.1,-0.196,-0.196
-5.0845e-03,-10.3,-10.5,-0.2,-0.204
-5.0768e-03,-10.3,-10.1,-0.196,-0.196
-5.0691e-03,-10.3,-10.7,-0.196,-0.204
-5.0614e-03,-10.3,-10.3,-0.2,-0.196
-5.0538e-03,-10.5,-10.7,-0.2,-0.204
-5.0461e-03,-10.5,-10.3,-0.2,-0.196
-5.0384e-03,-10.5,-10.7,-0.2,-0.204
-5.0307e-03,-10.7,-10.3,-0.2,-0.196
-5.0230e-03,-10.5,-10.9,-0.2,-0.204
-5.0154e-03,-10.7,-10.5,-0.2,-0.196
-5.0077e-03,-10.7,-10.9,-0.2,-0.204
-5.0000e-03,-10.7,-10.5,-0.204,-0.2
-4.9923e-03,-10.7,-11.1,-0.204,-0.204
-4.9846e-03,-10.7,-10.7,-0.2,-0.2
-4.9770e-03,-10.9,-11.1,-0.204,-0.208
-4.9693e-03,-10.7,-10.7,-0.204,-0.2
-4.9616e-03,-10.9,-11.1,-0.204,-0.208
-4.9539e-03,-10.9,-10.7,-0.204,-0.2
-4.9462e-03,-10.9,-11.3,-0.204,-0.208
-4.9386e-03,-10.9,-10.7,-0.204,-0.2
-4.9309e-03,-11.1,-11.3,-0.204,-0.208
-4.9232e-03,-11.1,-10.9,-0.204,-0.2
-4.9155e-03,-11.1,-11.3,-0.204,-0.208
-4.9078e-03,-11.1,-10.9,-0.204,-0.2
-4.9002e-03,-11.1,-11.5,-0.208,-0.208
-4.8925e-03,-11.1,-10.9,-0.204,-0.2
-4.8848e-03,-11.3,-11.5,-0.204,-0.208
-4.8771e-03,-11.1,-10.9,-0.208,-0.204
-4.8694e-03,-11.1,-11.5,-0.204,-0.208
-4.8618e-03,-11.3,-11.1,-0.204,-0.204
-4.8541e-03,-11.3,-11.5,-0.204,-0.208
-4.8464e-03,-11.3,-11.1,-0.204,-0.204
-4.8387e-03,-11.3,-11.5,-0.208,-0.212
-4.8310e-03,-11.3,-11.1,-0.208,-0.204
-4.8233e-03,-11.3,-11.7,-0.204,-0.212
-4.8157e-03,-11.3,-11.1,-0.208,-0.204
-4.8080e-03,-11.3,-11.7,-0.208,-0.212
-4.8003e-03,-11.5,-11.3,-0.204,-0.204
-4.7926e-03,-11.5,-11.7,-0.208,-0.212
-4.7849e-03,-11.5,-11.3,-0.208,-0.204
-4.7773e-03,-11.5,-11.7,-0.208,-0.212
-4.7696e-03,-11.5,-11.3,-0.208,-0.204
-4.7619e-03,-11.5,-11.7,-0.208,-0.212
-4.7542e-03,-11.5,-11.3,-0.208,-0.204
-4.7465e-03,-11.5,-11.9,-0.204,-0.212
-4.7389e-03,-11.5,-11.5,-0.208,-0.204
-4.7312e-03,-11.7,-11.9,-0.208,-0.212
-4.7235e-03,-11.5,-11.5,-0.208,-0.204
-4.7158e-03,-11.7,-11.9,-0.208,-0.212
-4.7081e-03,-11.7,-11.5,-0.208,-0.204
-4.7005e-03,-11.7,-11.9,-0.208,-0.212
-4.6928e-03,-11.7,-11.5,-0.208,-0.204
-4.6851e-03,-11.7,-11.9,-0.208,-0.212
-4.6774e-03,-11.7,-11.5,-0.208,-0.204
-4.6697e-03,-11.7,-12.1,-0.208,-0.212
-4.6621e-03,-11.7,-11.5,-0.208,-0.204
-4.6544e-03,-11.7,-12.1,-0.208,-0.212
-4.6467e-03,-11.9,-11.7,-0.208,-0.208
-4.6390e-03,-11.7,-12.1,-0.208,-0.212
-4.6313e-03,-11.7,-11.7,-0.208,-0.208
-4.6237e-03,-11.9,-12.1,-0.208,-0.212
-4.6160e-03,-11.9,-11.7,-0.208,-0.208
-4.6083e-03,-11.9,-12.1,-0.208,-0.212
-4.6006e-03,-11.9,-11.7,-0.208,-0.208
-4.5929e-03,-11.9,-12.1,-0.212,-0.212
-4.5853e-03,-11.9,-11.7,-0.208,-0.208
-4.5776e-03,-11.9,-12.3,-0.208,-0.212
-4.5699e-03,-11.9,-11.9,-0.208,-0.208
-4.5622e-03,-11.9,-12.3,-0.208,-0.22
-4.5545e-03,-11.9,-11.9,-0.208,-0.204
-4.5469e-03,-11.9,-12.3,-0.212,-0.212
-4.5392e-03,-12.1,-11.9,-0.212,-0.208
-4.5315e-03,-11.9,-12.3,-0.212,-0.216
-4.5238e-03,-12.1,-11.9,-0.208,-0.208
-4.5161e-03,-12.1,-12.3,-0.212,-0.216
-4.5084e-03,-12.1,-11.9,-0.212,-0.208
-4.5008e-03,-12.1,-12.3,-0.212,-0.216
-4.4931e-03,-12.1,-11.9,-0.208,-0.208
-4.4854e-03,-12.1,-12.3,-0.212,-0.216
-4.4777e-03,-12.1,-11.9,-0.212,-0.208
-4.4700e-03,-12.1,-12.3,-0.212,-0.216
-4.4624e-03,-12.3,-11.9,-0.212,-0.208
-4.4547e-03,-12.1,-12.3,-0.212,-0.216
-4.4470e-03,-12.1,-12.1,-0.212,-0.208
-4.4393e-03,-12.1,-12.5,-0.212,-0.216
-4.4316e-03,-12.1,-12.1,-0.212,-0.208
-4.4240e-03,-12.1,-12.5,-0.212,-0.216
-4.4163e-03,-12.1,-12.1,-0.212,-0.208
-4.4086e-03,-12.1,-12.5,-0.212,-0.216
-4.4009e-03,-12.3,-12.1,-0.212,-0.208
-4.3932e-03,-12.1,-12.5,-0.212,-0.216
-4.3856e-03,-12.1,-12.1,-0.212,-0.208
-4.3779e-03,-12.3,-12.5,-0.212,-0.216
-4.3702e-03,-12.3,-12.1,-0.212,-0.208
-4.3625e-03,-12.3,-12.5,-0.212,-0.22
-4.3548e-03,-12.3,-12.1,-0.212,-0.208
-4.3472e-03,-12.3,-12.5,-0.212,-0.216
-4.3395e-03,-12.3,-12.1,-0.212,-0.208
-4.3318e-03,-12.3,-12.5,-0.212,-0.216
-4.3241e-03,-12.3,-12.1,-0.212,-0.208
-4.3164e-03,-12.3,-12.5,-0.212,-0.216
-4.3088e-03,-12.3,-12.1,-0.212,-0.208
-4.3011e-03,-12.3,-12.5,-0.212,-0.216
-4.2934e-03,-12.3,-12.1,-0.212,-0.208
-4.2857e-03,-12.3,-12.5,-0.212,-0.216
-4.2780e-03,-12.3,-12.1,-0.212,-0.208
-4.2704e-03,-12.5,-12.5,-0.212,-0.216
-4.2627e-03,-12.3,-12.1,-0.212,-0.208
-4.2550e-03,-12.3,-12.5,-0.212,-0.216
-4.2473e-03,-12.3,-12.1,-0.212,-0.208
-4.2396e-03,-12.3,-12.5,-0.212,-0.216
-4.2320e-03,-12.3,-12.1,-0.212,-0.208
-4.2243e-03,-12.3,-12.7,-0.212,-0.216
-4.2166e-03,-12.5,-12.1,-0.212,-0.208
-4.2089e-03,-12.3,-12.5,-0.212,-0.216
-4.2012e-03,-12.5,-12.3,-0.212,-0.208
-4.1935e-03,-12.3,-12.7,-0.212,-0.216
-4.1859e-03,-12.3,-12.3,-0.212,-0.208
-4.1782e-03,-12.3,-12.7,-0.212,-0.216
-4.1705e-03,-12.5,-12.3,-0.212,-0.208
-4.1628e-03,-12.5,-12.7,-0.216,-0.22
-4.1551e-03,-12.3,-12.3,-0.212,-0.204
-4.1475e-03,-12.3,-12.7,-0.212,-0.216
-4.1398e-03,-12.3,-12.3,-0.212,-0.208
-4.1321e-03,-12.3,-12.7,-0.212,-0.216
-4.1244e-03,-12.3,-12.3,-0.212,-0.208
-4.1167e-03,-12.3,-12.7,-0.212,-0.216
-4.1091e-03,-12.5,-12.1,-0.212,-0.208
-4.1014e-03,-12.3,-12.7,-0.212,-0.216
-4.0937e-03,-12.5,-12.3,-0.216,-0.208
-4.0860e-03,-12.3,-12.7,-0.212,-0.216
-4.0783e-03,-12.3,-12.1,-0.212,-0.208
-4.0707e-03,-12.5,-12.7,-0.212,-0.216
-4.0630e-03,-12.5,-12.3,-0.212,-0.208
-4.0553e-03,-12.3,-12.7,-0.212,-0.216
-4.0476e-03,-12.5,-12.3,-0.212,-0.208
-4.0399e-03,-12.3,-12.5,-0.212,-0.216
-4.0323e-03,-12.3,-12.1,-0.212,-0.208
-4.0246e-03,-12.3,-12.7,-0.212,-0.216
-4.0169e-03,-12.3,-12.3,-0.212,-0.208
-4.0092e-03,-12.3,-12.5,-0.212,-0.216
-4.0015e-03,-12.3,-12.1,-0.212,-0.208
-3.9939e-03,-12.3,-12.5,-0.212,-0.216
-3.9862e-03,-12.3,-12.1,-0.212,-0.208
-3.9785e-03,-12.3,-12.5,-0.212,-0.216
-3.9708e-03,-12.5,-12.3,-0.212,-0.208
-3.9631e-03,-12.3,-12.5,-0.212,-0.22
-3.9555e-03,-12.3,-12.1,-0.216,-0.208
-3.9478e-03,-12.3,-12.5,-0.212,-0.216
-3.9401e-03,-12.3,-12.1,-0.212,-0.208
-3.9324e-03,-12.3,-12.5,-0.212,-0.216
-3.9247e-03,-12.3,-12.1,-0.212,-0.208
-3.9171e-03,-12.3,-12.5,-0.212,-0.216
-3.9094e-03,-12.3,-12.1,-0.212,-0.208
-3.9017e-03,-12.3,-12.5,-0.212,-0.216
-3.8940e-03,-12.3,-12.1,-0.212,-0.208
-3.8863e-03,-12.3,-12.5,-0.212,-0.216
-3.8786e-03,-12.3,-12.1,-0.212,-0.208
-3.8710e-03,-12.3,-12.5,-0.212,-0.216
-3.8633e-03,-12.3,-12.1,-0.212,-0.208
-3.8556e-03,-12.3,-12.5,-0.212,-0.216
-3.8479e-03,-12.3,-12.1,-0.212,-0.208
-3.8402e-03,-12.3,-12.3,-0.212,-0.216
-3.8326e-03,-12.1,-11.9,-0.212,-0.208
-3.8249e-03,-12.3,-12.3,-0.212,-0.216
-3.8172e-03,-12.1,-11.9,-0.212,-0.208
-3.8095e-03,-12.1,-12.3,-0.212,-0.216
-3.8018e-03,-12.1,-11.9,-0.212,-0.208
-3.7942e-03,-12.1,-12.3,-0.212,-0.216
-3.7865e-03,-12.1,-11.9,-0.212,-0.208
-3.7788e-03,-12.1,-12.3,-0.212,-0.216
-3.7711e-03,-12.1,-11.9,-0.212,-0.208
-3.7634e-03,-12.1,-12.3,-0.208,-0.216
-3.7558e-03,-12.1,-11.9,-0.212,-0.208
-3.7481e-03,-11.9,-12.1,-0.212,-0.216
-3.7404e-03,-11.9,-11.7,-0.212,-0.208
-3.7327e-03,-11.9,-12.1,-0.212,-0.216
-3.7250e-03,-11.9,-11.7,-0.212,-0.208
-3.7174e-03,-11.9,-12.1,-0.212,-0.216
-3.7097e-03,-11.9,-11.7,-0.212,-0.208
-3.7020e-03,-11.9,-12.1,-0.212,-0.216
-3.6943e-03,-11.9,-11.7,-0.212,-0.208
-3.6866e-03,-11.9,-12.1,-0.212,-0.22
-3.6790e-03,-11.9,-11.7,-0.212,-0.204
-3.6713e-03,-11.7,-12.1,-0.212,-0.216
-3.6636e-03,-11.7,-11.5,-0.208,-0.208
-3.6559e-03,-11.7,-11.9,-0.212,-0.216
-3.6482e-03,-11.7,-11.5,-0.212,-0.208
-3.6406e-03,-11.7,-11.9,-0.212,-0.216
-3.6329e-03,-11.7,-11.5,-0.212,-0.208
-3.6252e-03,-11.7,-11.9,-0.212,-0.216
-3.6175e-03,-11.7,-11.5,-0.212,-0.208
-3.6098e-03,-11.5,-11.9,-0.212,-0.216
-3.6022e-03,-11.5,-11.5,-0.212,-0.208
-3.5945e-03,-11.5,-11.9,-0.208,-0.216
-3.5868e-03,-11.5,-11.3,-0.212,-0.208
-3.5791e-03,-11.5,-11.7,-0.212,-0.22
-3.5714e-03,-11.5,-11.3,-0.212,-0.204
-3.5637e-03,-11.5,-11.7,-0.212,-0.216
-3.5561e-03,-11.5,-11.3,-0.212,-0.208
-3.5484e-03,-11.5,-11.7,-0.212,-0.216
-3.5407e-03,-11.5,-11.3,-0.212,-0.208
-3.5330e-03,-11.5,-11.7,-0.212,-0.216
-3.5253e-03,-11.3,-11.3,-0.212,-0.208
-3.5177e-03,-11.5,-11.5,-0.208,-0.216
-3.5100e-03,-11.3,-11.1,-0.212,-0.208
-3.5023e-03,-11.3,-11.5,-0.212,-0.216
-3.4946e-03,-11.3,-11.1,-0.208,-0.208
-3.4869e-03,-11.3,-11.5,-0.212,-0.212
-3.4793e-03,-11.3,-11.1,-0.212,-0.208
-3.4716e-03,-11.3,-11.5,-0.212,-0.212
-3.4639e-03,-11.3,-11.1,-0.208,-0.208
-3.4562e-03,-11.3,-11.5,-0.208,-0.212
-3.4485e-03,-11.1,-11.1,-0.208,-0.208
-3.4409e-03,-11.1,-11.3,-0.208,-0.212
-3.4332e-03,-11.1,-10.9,-0.208,-0.208
-3.4255e-03,-11.1,-11.3,-0.208,-0.212
-3.4178e-03,-11.1,-10.9,-0.212,-0.204
-3.4101e-03,-11.1,-11.3,-0.208,-0.212
-3.4025e-03,-11.1,-10.9,-0.208,-0.208
-3.3948e-03,-11.1,-11.3,-0.212,-0.212
-3.3871e-03,-11.1,-10.9,-0.208,-0.208
-3.3794e-03,-10.9,-11.3,-0.208,-0.212
-3.3717e-03,-10.9,-10.9,-0.212,-0.204
-3.3641e-03,-10.9,-11.1,-0.208,-0.212
-3.3564e-03,-10.9,-10.7,-0.208,-0.208
-3.3487e-03,-10.9,-11.1,-0.208,-0.212
-3.3410e-03,-10.9,-10.7,-0.208,-0.204
-3.3333e-03,-10.9,-11.1,-0.208,-0.212
-3.3257e-03,-10.9,-10.7,-0.208,-0.204
-3.3180e-03,-10.7,-11.1,-0.208,-0.212
-3.3103e-03,-10.7,-10.7,-0.208,-0.204
-3.3026e-03,-10.9,-10.9,-0.208,-0.212
-3.2949e-03,-10.7,-10.5,-0.208,-0.204
-3.2873e-03,-10.7,-10.9,-0.208,-0.216
-3.2796e-03,-10.7,-10.7,-0.208,-0.204
-3.2719e-03,-10.7,-10.9,-0.208,-0.212
-3.2642e-03,-10.7,-10.5,-0.208,-0.204
-3.2565e-03,-10.5,-10.9,-0.208,-0.212
-3.2488e-03,-10.5,-10.5,-0.208,-0.204
-3.2412e-03,-10.7,-10.9,-0.208,-0.212
-3.2335e-03,-10.5,-10.5,-0.208,-0.204
-3.2258e-03,-10.5,-10.7,-0.208,-0.212
-3.2181e-03,-10.5,-10.5,-0.208,-0.204
-3.2104e-03,-10.5,-10.7,-0.208,-0.212
-3.2028e-03,-10.5,-10.3,-0.208,-0.204
-3.1951e-03,-10.5,-10.7,-0.208,-0.212
-3.1874e-03,-10.5,-10.3,-0.208,-0.204
-3.1797e-03,-10.5,-10.7,-0.208,-0.216
-3.1720e-03,-10.5,-10.3,-0.208,-0.204
-3.1644e-03,-10.3,-10.7,-0.204,-0.212
-3.1567e-03,-10.5,-10.3,-0.204,-0.204
-3.1490e-03,-10.3,-10.5,-0.208,-0.212
-3.1413e-03,-10.3,-10.1,-0.208,-0.204
-3.1336e-03,-10.3,-10.5,-0.208,-0.212
-3.1260e-03,-10.3,-10.1,-0.208,-0.204
-3.1183e-03,-10.3,-10.5,-0.208,-0.212
-3.1106e-03,-10.3,-10.1,-0.208,-0.204
-3.1029e-03,-10.1,-10.5,-0.208,-0.212
-3.0952e-03,-10.3,-10.1,-0.208,-0.204
-3.0876e-03,-10.1,-10.3,-0.204,-0.212
-3.0799e-03,-10.1,-9.9,-0.208,-0.204
-3.0722e-03,-10.1,-10.3,-0.204,-0.212
-3.0645e-03,-10.1,-9.9,-0.204,-0.204
-3.0568e-03,-10.1,-10.3,-0.208,-0.212
-3.0492e-03,-10.1,-9.9,-0.208,-0.204
-3.0415e-03,-10.1,-10.3,-0.208,-0.212
-3.0338e-03,-10.1,-9.9,-0.208,-0.204
-3.0261e-03,-9.9,-10.1,-0.208,-0.212
-3.0184e-03,-10.1,-9.9,-0.208,-0.204
-3.0108e-03,-9.9,-10.1,-0.208,-0.212
-3.0031e-03,-9.9,-9.7,-0.208,-0.204
-2.9954e-03,-9.9,-10.1,-0.208,-0.212
-2.9877e-03,-9.9,-9.7,-0.204,-0.204
-2.9800e-03,-9.9,-10.1,-0.204,-0.212
-2.9724e-03,-9.9,-9.7,-0.204,-0.2
-2.9647e-03,-9.7,-10.1,-0.208,-0.208
-2.9570e-03,-9.7,-9.5,-0.204,-0.204
-2.9493e-03,-9.7,-9.9,-0.208,-0.208
-2.9416e-03,-9.7,-9.5,-0.204,-0.204
-2.9339e-03,-9.7,-9.9,-0.204,-0.208
-2.9263e-03,-9.7,-9.5,-0.204,-0.2
-2.9186e-03,-9.7,-9.9,-0.204,-0.208
-2.9109e-03,-9.5,-9.5,-0.204,-0.204
-2.9032e-03,-9.7,-9.9,-0.204,-0.208
-2.8955e-03,-9.5,-9.5,-0.204,-0.2
-2.8879e-03,-9.5,-9.7,-0.204,-0.208
-2.8802e-03,-9.5,-9.3,-0.204,-0.2
-2.8725e-03,-9.5,-9.7,-0.204,-0.208
-2.8648e-03,-9.5,-9.3,-0.204,-0.2
-2.8571e-03,-9.5,-9.7,-0.204,-0.208
-2.8495e-03,-9.3,-9.3,-0.204,-0.2
-2.8418e-03,-9.5,-9.7,-0.204,-0.208
-2.8341e-03,-9.3,-9.1,-0.204,-0.2
-2.8264e-03,-9.5,-9.5,-0.204,-0.208
-2.8187e-03,-9.3,-9.1,-0.208,-0.2
-2.8111e-03,-9.5,-9.5,-0.204,-0.208
-2.8034e-03,-9.3,-9.1,-0.204,-0.2
-2.7957e-03,-9.3,-9.5,-0.204,-0.208
-2.7880e-03,-9.1,-9.1,-0.2,-0.2
-2.7803e-03,-9.3,-9.5,-0.204,-0.208
-2.7727e-03,-9.1,-9.1,-0.204,-0.196
-2.7650e-03,-9.1,-9.5,-0.204,-0.208
-2.7573e-03,-9.1,-8.9,-0.204,-0.2
-2.7496e-03,-9.1,-9.3,-0.204,-0.208
-2.7419e-03,-9.1,-8.9,-0.204,-0.2
-2.7343e-03,-9.1,-9.3,-0.204,-0.208
-2.7266e-03,-9.1,-8.9,-0.204,-0.2
-2.7189e-03,-9.1,-9.3,-0.204,-0.208
-2.7112e-03,-9.1,-8.9,-0.204,-0.2
-2.7035e-03,-8.9,-9.3,-0.2,-0.208
-2.6959e-03,-8.9,-8.9,-0.204,-0.2
-2.6882e-03,-8.9,-9.3,-0.204,-0.208
-2.6805e-03,-8.9,-8.7,-0.204,-0.2
-2.6728e-03,-8.9,-9.1,-0.204,-0.208
-2.6651e-03,-8.9,-8.7,-0.204,-0.2
-2.6575e-03,-8.9,-9.1,-0.204,-0.204
-2.6498e-03,-8.7,-8.7,-0.204,-0.2
-2.6421e-03,-8.9,-9.1,-0.204,-0.208
-2.6344e-03,-8.7,-8.7,-0.2,-0.196
-2.6267e-03,-8.7,-9.1,-0.204,-0.204
-2.6190e-03,-8.7,-8.5,-0.204,-0.2
-2.6114e-03,-8.7,-8.9,-0.204,-0.204
-2.6037e-03,-8.7,-8.5,-0.2,-0.2
-2.5960e-03,-8.7,-8.9,-0.2,-0.204
-2.5883e-03,-8.7,-8.5,-0.2,-0.196
-2.5806e-03,-8.5,-8.9,-0.2,-0.208
-2.5730e-03,-8.7,-8.5,-0.2,-0.196
-2.5653e-03,-8.5,-8.7,-0.2,-0.204
-2.5576e-03,-8.7,-8.3,-0.204,-0.2
-2.5499e-03,-8.5,-8.7,-0.2,-0.204
-2.5422e-03,-8.5,-8.3,-0.2,-0.196
-2.5346e-03,-8.5,-8.7,-0.2,-0.204
-2.5269e-03,-8.5,-8.3,-0.2,-0.196
-2.5192e-03,-8.5,-8.7,-0.2,-0.204
-2.5115e-03,-8.3,-8.1,-0.2,-0.196
-2.5038e-03,-8.3,-8.7,-0.2,-0.204
-2.4962e-03,-8.3,-8.1,-0.2,-0.196
-2.4885e-03,-8.3,-8.5,-0.2,-0.204
-2.4808e-03,-8.3,-8.1,-0.2,-0.196
-2.4731e-03,-8.1,-8.5,-0.2,-0.204
-2.4654e-03,-8.1,-8.1,-0.2,-0.196
-2.4578e-03,-8.1,-8.3,-0.2,-0.204
-2.4501e-03,-8.1,-7.9,-0.2,-0.196
-2.4424e-03,-8.1,-8.3,-0.2,-0.204
-2.4347e-03,-8.1,-7.9,-0.2,-0.192
-2.4270e-03,-8.1,-8.3,-0.2,-0.204
-2.4194e-03,-8.1,-7.9,-0.2,-0.196
-2.4117e-03,-7.9,-8.3,-0.2,-0.204
-2.4040e-03,-7.9,-7.7,-0.2,-0.196
-2.3963e-03,-7.9,-8.1,-0.2,-0.204
-2.3886e-03,-7.9,-7.7,-0.196,-0.196
-2.3810e-03,-7.9,-8.1,-0.196,-0.204
-2.3733e-03,-7.7,-7.7,-0.2,-0.192
-2.3656e-03,-7.7,-8.1,-0.196,-0.204
-2.3579e-03,-7.7,-7.5,-0.196,-0.192
-2.3502e-03,-7.7,-7.9,-0.196,-0.2
-2.3425e-03,-7.7,-7.5,-0.196,-0.196
-2.3349e-03,-7.7,-7.9,-0.2,-0.2
-2.3272e-03,-7.7,-7.5,-0.196,-0.196
-2.3195e-03,-7.5,-7.9,-0.196,-0.2
-2.3118e-03,-7.5,-7.5,-0.196,-0.192
-2.3041e-03,-7.5,-7.7,-0.196,-0.2
-2.2965e-03,-7.5,-7.3,-0.196,-0.192
-2.2888e-03,-7.5,-7.7,-0.196,-0.2
-2.2811e-03,-7.5,-7.3,-0.196,-0.192
-2.2734e-03,-7.3,-7.7,-0.196,-0.2
-2.2657e-03,-7.3,-7.3,-0.196,-0.192
-2.2581e-03,-7.3,-7.5,-0.196,-0.2
-2.2504e-03,-7.3,-7.1,-0.196,-0.192
-2.2427e-03,-7.3,-7.5,-0.196,-0.2
-2.2350e-03,-7.3,-7.1,-0.196,-0.192
-2.2273e-03,-7.1,-7.5,-0.196,-0.2
-2.2197e-03,-7.3,-7.1,-0.196,-0.188
-2.2120e-03,-7.1,-7.3,-0.196,-0.2
-2.2043e-03,-7.1,-6.9,-0.196,-0.192
-2.1966e-03,-7.1,-7.3,-0.196,-0.2
-2.1889e-03,-7.1,-6.9,-0.196,-0.192
-2.1813e-03,-7.1,-7.3,-0.196,-0.2
-2.1736e-03,-7.1,-6.9,-0.196,-0.192
-2.1659e-03,-6.9,-7.1,-0.196,-0.2
-2.1582e-03,-6.9,-6.7,-0.192,-0.192
-2.1505e-03,-7.1,-7.1,-0.196,-0.196
-2.1429e-03,-6.9,-6.7,-0.196,-0.192
-2.1352e-03,-6.7,-7.1,-0.192,-0.196
-2.1275e-03,-6.9,-6.7,-0.192,-0.192
-2.1198e-03,-6.9,-6.9,-0.192,-0.196
-2.1121e-03,-6.7,-6.5,-0.192,-0.192
-2.1045e-03,-6.7,-6.9,-0.192,-0.196
-2.0968e-03,-6.7,-6.5,-0.192,-0.188
-2.0891e-03,-6.7,-6.9,-0.192,-0.196
-2.0814e-03,-6.7,-6.5,-0.192,-0.188
-2.0737e-03,-6.5,-6.7,-0.192,-0.196
-2.0661e-03,-6.5,-6.3,-0.192,-0.188
-2.0584e-03,-6.5,-6.7,-0.192,-0.196
-2.0507e-03,-6.5,-6.3,-0.192,-0.188
-2.0430e-03,-6.5,-6.7,-0.192,-0.196
-2.0353e-03,-6.5,-6.3,-0.192,-0.188
-2.0276e-03,-6.3,-6.7,-0.192,-0.196
-2.0200e-03,-6.3,-6.1,-0.196,-0.184
-2.0123e-03,-6.3,-6.5,-0.192,-0.196
-2.0046e-03,-6.3,-6.1,-0.192,-0.188
-1.9969e-03,-6.3,-6.5,-0.192,-0.196
-1.9892e-03,-6.1,-6.1,-0.188,-0.188
-1.9816e-03,-6.3,-6.5,-0.188,-0.196
-1.9739e-03,-6.1,-6.1,-0.188,-0.188
-1.9662e-03,-6.1,-6.3,-0.188,-0.196
-1.9585e-03,-6.1,-5.9,-0.192,-0.184
-1.9508e-03,-6.1,-6.3,-0.192,-0.192
-1.9432e-03,-6.1,-5.9,-0.188,-0.188
-1.9355e-03,-6.1,-6.3,-0.192,-0.192
-1.9278e-03,-5.9,-5.7,-0.188,-0.184
-1.9201e-03,-5.9,-6.1,-0.188,-0.192
-1.9124e-03,-5.9,-5.7,-0.188,-0.184
-1.9048e-03,-5.9,-6.1,-0.192,-0.192
-1.8971e-03,-5.9,-5.7,-0.188,-0.184
-1.8894e-03,-5.7,-6.1,-0.188,-0.192
-1.8817e-03,-5.7,-5.7,-0.188,-0.184
-1.8740e-03,-5.7,-5.9,-0.188,-0.192
-1.8664e-03,-5.7,-5.5,-0.188,-0.184
-1.8587e-03,-5.7,-5.9,-0.188,-0.192
-1.8510e-03,-5.5,-5.5,-0.188,-0.184
-1.8433e-03,-5.5,-5.9,-0.188,-0.192
-1.8356e-03,-5.5,-5.5,-0.188,-0.184
-1.8280e-03,-5.5,-5.9,-0.188,-0.192
-1.8203e-03,-5.5,-5.5,-0.188,-0.184
-1.8126e-03,-5.5,-5.7,-0.188,-0.192
-1.8049e-03,-5.5,-5.3,-0.188,-0.184
-1.7972e-03,-5.5,-5.7,-0.184,-0.188
-1.7896e-03,-5.5,-5.3,-0.184,-0.184
-1.7819e-03,-5.5,-5.7,-0.184,-0.188
-1.7742e-03,-5.3,-5.3,-0.184,-0.18
-1.7665e-03,-5.3,-5.5,-0.184,-0.188
-1.7588e-03,-5.3,-5.1,-0.184,-0.18
-1.7512e-03,-5.3,-5.5,-0.184,-0.188
-1.7435e-03,-5.3,-5.1,-0.184,-0.18
-1.7358e-03,-5.3,-5.5,-0.184,-0.188
-1.7281e-03,-5.3,-5.1,-0.184,-0.18
-1.7204e-03,-5.3,-5.5,-0.184,-0.188
-1.7127e-03,-5.1,-5.1,-0.184,-0.18
-1.7051e-03,-5.1,-5.5,-0.184,-0.188
-1.6974e-03,-5.1,-4.9,-0.18,-0.18
-1.6897e-03,-5.1,-5.3,-0.18,-0.188
-1.6820e-03,-5.1,-4.9,-0.184,-0.18
-1.6743e-03,-5.1,-5.3,-0.184,-0.188
-1.6667e-03,-4.9,-4.9,-0.184,-0.18
-1.6590e-03,-4.9,-5.3,-0.184,-0.184
-1.6513e-03,-4.9,-4.7,-0.18,-0.18
-1.6436e-03,-4.9,-5.1,-0.184,-0.184
-1.6359e-03,-4.9,-4.7,-0.18,-0.18
-1.6283e-03,-4.9,-5.1,-0.18,-0.184
-1.6206e-03,-4.7,-4.7,-0.184,-0.176
-1.6129e-03,-4.9,-5.1,-0.18,-0.184
-1.6052e-03,-4.9,-4.7,-0.18,-0.18
-1.5975e-03,-4.9,-5.1,-0.18,-0.184
-1.5899e-03,-4.7,-4.5,-0.18,-0.176
-1.5822e-03,-4.7,-4.9,-0.18,-0.184
-1.5745e-03,-4.7,-4.5,-0.18,-0.176
-1.5668e-03,-4.7,-4.9,-0.18,-0.184
-1.5591e-03,-4.7,-4.5,-0.18,-0.176
-1.5515e-03,-4.5,-4.9,-0.184,-0.184
-1.5438e-03,-4.5,-4.5,-0.18,-0.172
-1.5361e-03,-4.5,-4.9,-0.18,-0.184
-1.5284e-03,-4.5,-4.3,-0.18,-0.176
-1.5207e-03,-4.5,-4.7,-0.18,-0.184
-1.5131e-03,-4.5,-4.3,-0.18,-0.176
-1.5054e-03,-4.5,-4.7,-0.18,-0.184
-1.4977e-03,-4.3,-4.3,-0.18,-0.176
-1.4900e-03,-4.5,-4.7,-0.18,-0.184
-1.4823e-03,-4.3,-4.1,-0.18,-0.176
-1.4747e-03,-4.3,-4.7,-0.18,-0.184
-1.4670e-03,-4.3,-4.1,-0.176,-0.176
-1.4593e-03,-4.3,-4.5,-0.176,-0.184
-1.4516e-03,-4.3,-4.1,-0.176,-0.172
-1.4439e-03,-4.3,-4.5,-0.176,-0.18
-1.4363e-03,-4.3,-4.1,-0.176,-0.172
-1.4286e-03,-4.1,-4.5,-0.176,-0.18
-1.4209e-03,-4.1,-3.9,-0.176,-0.172
-1.4132e-03,-4.1,-4.3,-0.176,-0.18
-1.4055e-03,-4.1,-3.9,-0.176,-0.172
-1.3978e-03,-4.1,-4.3,-0.18,-0.18
-1.3902e-03,-4.1,-3.9,-0.176,-0.172
-1.3825e-03,-4.1,-4.3,-0.176,-0.18
-1.3748e-03,-4.1,-3.9,-0.176,-0.172
-1.3671e-03,-4.1,-4.3,-0.176,-0.18
-1.3594e-03,-3.9,-3.7,-0.176,-0.172
-1.3518e-03,-3.9,-4.1,-0.176,-0.18
-1.3441e-03,-3.9,-3.7,-0.172,-0.172
-1.3364e-03,-3.9,-4.1,-0.176,-0.176
-1.3287e-03,-3.9,-3.7,-0.176,-0.172
-1.3210e-03,-3.7,-4.1,-0.172,-0.176
-1.3134e-03,-3.9,-3.7,-0.172,-0.172
-1.3057e-03,-3.7,-4.1,-0.172,-0.176
-1.2980e-03,-3.7,-3.5,-0.172,-0.168
-1.2903e-03,-3.7,-3.9,-0.172,-0.176
-1.2826e-03,-3.7,-3.5,-0.172,-0.168
-1.2750e-03,-3.7,-3.9,-0.172,-0.176
-1.2673e-03,-3.5,-3.5,-0.172,-0.168
-1.2596e-03,-3.5,-3.9,-0.172,-0.176
-1.2519e-03,-3.7,-3.3,-0.172,-0.168
-1.2442e-03,-3.5,-3.9,-0.172,-0.176
-1.2366e-03,-3.5,-3.3,-0.172,-0.168
-1.2289e-03,-3.5,-3.9,-0.172,-0.176
-1.2212e-03,-3.5,-3.3,-0.172,-0.168
-1.2135e-03,-3.3,-3.7,-0.172,-0.176
-1.2058e-03,-3.3,-3.3,-0.168,-0.168
-1.1982e-03,-3.3,-3.7,-0.172,-0.176
-1.1905e-03,-3.3,-3.1,-0.172,-0.168
-1.1828e-03,-3.3,-3.7,-0.168,-0.176
-1.1751e-03,-3.3,-3.1,-0.168,-0.164
-1.1674e-03,-3.3,-3.5,-0.168,-0.172
-1.1598e-03,-3.3,-3.1,-0.172,-0.164
-1.1521e-03,-3.3,-3.5,-0.168,-0.172
-1.1444e-03,-3.1,-3.1,-0.168,-0.164
-1.1367e-03,-3.1,-3.5,-0.168,-0.172
-1.1290e-03,-3.1,-2.9,-0.168,-0.164
-1.1214e-03,-3.1,-3.3,-0.168,-0.172
-1.1137e-03,-3.1,-2.9,-0.168,-0.164
-1.1060e-03,-3.1,-3.3,-0.168,-0.172
-1.0983e-03,-3.1,-2.9,-0.168,-0.164
-1.0906e-03,-2.9,-3.3,-0.164,-0.172
-1.0829e-03,-2.9,-2.9,-0.168,-0.164
-1.0753e-03,-3.1,-3.3,-0.168,-0.172
-1.0676e-03,-2.9,-2.7,-0.164,-0.164
-1.0599e-03,-2.9,-3.1,-0.164,-0.168
-1.0522e-03,-2.9,-2.7,-0.168,-0.164
-1.0445e-03,-2.9,-3.1,-0.164,-0.168
-1.0369e-03,-2.9,-2.7,-0.164,-0.164
-1.0292e-03,-2.9,-3.1,-0.168,-0.168
-1.0215e-03,-2.7,-2.7,-0.164,-0.16
-1.0138e-03,-2.7,-3.1,-0.164,-0.168
-1.0061e-03,-2.7,-2.5,-0.164,-0.16
-9.9846e-04,-2.7,-2.9,-0.164,-0.168
-9.9078e-04,-2.7,-2.5,-0.164,-0.16
-9.8310e-04,-2.7,-2.9,-0.164,-0.172
-9.7542e-04,-2.7,-2.5,-0.164,-0.156
-9.6774e-04,-2.7,-2.9,-0.164,-0.168
-9.6006e-04,-2.5,-2.5,-0.16,-0.16
-9.5238e-04,-2.5,-2.9,-0.164,-0.168
-9.4470e-04,-2.7,-2.5,-0.164,-0.16
-9.3702e-04,-2.5,-2.7,-0.16,-0.168
-9.2934e-04,-2.5,-2.3,-0.164,-0.16
-9.2166e-04,-2.5,-2.7,-0.16,-0.164
-9.1398e-04,-2.5,-2.3,-0.16,-0.156
-9.0630e-04,-2.5,-2.7,-0.16,-0.164
-8.9862e-04,-2.5,-2.3,-0.16,-0.156
-8.9094e-04,-2.3,-2.7,-0.16,-0.164
-8.8326e-04,-2.3,-2.3,-0.16,-0.156
-8.7558e-04,-2.3,-2.7,-0.16,-0.164
-8.6790e-04,-2.5,-2.1,-0.16,-0.156
-8.6022e-04,-2.3,-2.5,-0.16,-0.164
-8.5253e-04,-2.3,-2.1,-0.16,-0.156
-8.4485e-04,-2.3,-2.5,-0.156,-0.164
-8.3717e-04,-2.3,-2.1,-0.16,-0.156
-8.2949e-04,-2.3,-2.5,-0.16,-0.164
-8.2181e-04,-2.1,-2.1,-0.16,-0.156
-8.1413e-04,-2.3,-2.5,-0.16,-0.164
-8.0645e-04,-2.3,-1.9,-0.16,-0.156
-7.9877e-04,-2.1,-2.3,-0.156,-0.16
-7.9109e-04,-2.1,-1.9,-0.16,-0.156
-7.8341e-04,-2.1,-2.3,-0.156,-0.16
-7.7573e-04,-1.9,-1.9,-0.156,-0.156
-7.6805e-04,-2.1,-2.3,-0.156,-0.164
-7.6037e-04,-2.1,-1.9,-0.156,-0.148
-7.5269e-04,-2.1,-2.3,-0.156,-0.16
-7.4501e-04,-1.9,-1.9,-0.156,-0.152
-7.3733e-04,-1.9,-2.3,-0.156,-0.16
-7.2965e-04,-1.9,-1.7,-0.156,-0.152
-7.2197e-04,-1.9,-2.1,-0.156,-0.16
-7.1429e-04,-1.9,-1.7,-0.156,-0.152
-7.0661e-04,-1.9,-2.1,-0.156,-0.16
-6.9892e-04,-1.9,-1.7,-0.152,-0.152
-6.9124e-04,-1.9,-2.1,-0.156,-0.16
-6.8356e-04,-1.9,-1.7,-0.156,-0.152
-6.7588e-04,-1.9,-2.1,-0.156,-0.156
-6.6820e-04,-1.9,-1.7,-0.156,-0.152
-6.6052e-04,-1.7,-2.1,-0.152,-0.156
-6.5284e-04,-1.7,-1.7,-0.152,-0.152
-6.4516e-04,-1.7,-1.9,-0.152,-0.156
-6.3748e-04,-1.7,-1.5,-0.152,-0.148
-6.2980e-04,-1.7,-1.9,-0.152,-0.156
-6.2212e-04,-1.7,-1.5,-0.152,-0.148
-6.1444e-04,-1.7,-1.9,-0.152,-0.156
-6.0676e-04,-1.7,-1.5,-0.152,-0.148
-5.9908e-04,-1.5,-1.9,-0.152,-0.156
-5.9140e-04,-1.7,-1.5,-0.148,-0.148
-5.8372e-04,-1.7,-1.9,-0.148,-0.156
-5.7604e-04,-1.5,-1.5,-0.152,-0.148
-5.6836e-04,-1.7,-1.9,-0.152,-0.156
-5.6068e-04,-1.5,-1.3,-0.152,-0.144
-5.5300e-04,-1.3,-1.7,-0.148,-0.152
-5.4531e-04,-1.5,-1.3,-0.152,-0.148
-5.3763e-04,-1.5,-1.7,-0.152,-0.152
-5.2995e-04,-1.3,-1.3,-0.148,-0.144
-5.2227e-04,-1.3,-1.7,-0.148,-0.152
-5.1459e-04,-1.5,-1.3,-0.148,-0.144
-5.0691e-04,-1.3,-1.7,-0.148,-0.152
-4.9923e-04,-1.3,-1.1,-0.148,-0.144
-4.9155e-04,-1.3,-1.5,-0.148,-0.152
-4.8387e-04,-1.3,-1.1,-0.148,-0.144
-4.7619e-04,-1.3,-1.5,-0.148,-0.152
-4.6851e-04,-1.3,-1.1,-0.148,-0.144
-4.6083e-04,-1.3,-1.5,-0.148,-0.152
-4.5315e-04,-1.3,-1.1,-0.148,-0.144
-4.4547e-04,-1.3,-1.5,-0.144,-0.152
-4.3779e-04,-1.3,-1.1,-0.148,-0.144
-4.3011e-04,-1.1,-1.3,-0.148,-0.148
-4.2243e-04,-1.1,-0.9,-0.144,-0.14
-4.1475e-04,-1.1,-1.3,-0.148,-0.148
-4.0707e-04,-1.1,-0.9,-0.144,-0.14
-3.9939e-04,-1.1,-1.3,-0.144,-0.148
-3.9171e-04,-1.1,-0.9,-0.144,-0.14
-3.8402e-04,-1.1,-1.3,-0.144,-0.148
-3.7634e-04,-0.9,-0.9,-0.144,-0.14
-3.6866e-04,-0.9,-1.3,-0.144,-0.148
-3.6098e-04,-0.9,-0.9,-0.144,-0.14
-3.5330e-04,-0.9,-1.3,-0.14,-0.148
-3.4562e-04,-0.9,-0.9,-0.144,-0.136
-3.3794e-04,-0.9,-1.1,-0.14,-0.144
-3.3026e-04,-0.9,-0.7,-0.14,-0.14
-3.2258e-04,-0.9,-1.1,-0.14,-0.144
-3.1490e-04,-0.9,-0.7,-0.14,-0.136
-3.0722e-04,-0.9,-1.1,-0.14,-0.144
-2.9954e-04,-0.9,-0.7,-0.14,-0.136
-2.9186e-04,-0.7,-1.1,-0.14,-0.144
-2.8418e-04,-0.9,-0.7,-0.14,-0.136
-2.7650e-04,-0.7,-1.1,-0.14,-0.144
-2.6882e-04,-0.7,-0.7,-0.14,-0.136
-2.6114e-04,-0.7,-1.1,-0.14,-0.144
-2.5346e-04,-0.7,-0.5,-0.14,-0.136
-2.4578e-04,-0.7,-0.9,-0.136,-0.14
-2.3810e-04,-0.7,-0.5,-0.14,-0.136
-2.3041e-04,-0.7,-0.9,-0.136,-0.14
-2.2273e-04,-0.7,-0.5,-0.14,-0.132
-2.1505e-04,-0.5,-0.9,-0.136,-0.14
-2.0737e-04,-0.7,-0.5,-0.136,-0.132
-1.9969e-04,-0.7,-0.9,-0.136,-0.14
-1.9201e-04,-0.5,-0.3,-0.136,-0.132
-1.8433e-04,-0.5,-0.7,-0.132,-0.14
-1.7665e-04,-0.5,-0.3,-0.136,-0.132
-1.6897e-04,-0.5,-0.7,-0.136,-0.14
-1.6129e-04,-0.5,-0.3,-0.136,-0.132
-1.5361e-04,-0.5,-0.7,-0.132,-0.14
-1.4593e-04,-0.5,-0.3,-0.136,-0.128
-1.3825e-04,-0.5,-0.7,-0.136,-0.136
-1.3057e-04,-0.3,-0.3,-0.132,-0.128
-1.2289e-04,-0.5,-0.7,-0.132,-0.136
-1.1521e-04,-0.3,-0.3,-0.132,-0.128
-1.0753e-04,-0.5,-0.7,-0.132,-0.136
-9.9846e-05,-0.5,-0.3,-0.132,-0.128
-9.2166e-05,-0.3,-0.5,-0.132,-0.136
-8.4485e-05,-0.3,-0.1,-0.132,-0.128
-7.6805e-05,-0.3,-0.5,-0.132,-0.136
-6.9124e-05,-0.3,-0.1,-0.132,-0.128
-6.1444e-05,-0.3,-0.5,-0.132,-0.136
-5.3763e-05,-0.1,-0.1,-0.128,-0.124
-4.6083e-05,-0.3,-0.5,-0.132,-0.132
-3.8402e-05,-0.1,-0.1,-0.128,-0.124
-3.0722e-05,-0.1,-0.5,-0.128,-0.132
-2.3041e-05,-0.3,-0.1,-0.128,-0.124
-1.5361e-05,-0.1,-0.3,-0.128,-0.132
-7.6805e-06,-0.1,-0.1,-0.128,-0.124
-7.3596e-16,-0.1,-0.3,-0.128,-0.132
7.6805e-06,-0.1,0.1,-0.128,-0.124
1.5361e-05,-0.1,-0.3,-0.128,-0.132
2.3041e-05,-0.1,0.1,-0.128,-0.124
3.0722e-05,-0.1,-0.3,-0.128,-0.128
3.8402e-05,-0.1,0.1,-0.124,-0.12
4.6083e-05,-0.1,-0.3,-0.128,-0.132
5.3763e-05,-0.1,0.1,-0.124,-0.116
6.1444e-05,-0.1,-0.3,-0.124,-0.128
6.9124e-05,-0.1,0.1,-0.124,-0.12
7.6805e-05,0.1,-0.3,-0.124,-0.128
8.4485e-05,0.1,0.1,-0.124,-0.12
9.2166e-05,0.1,-0.1,-0.124,-0.128
9.9846e-05,0.1,0.3,-0.124,-0.12
1.0753e-04,0.1,-0.1,-0.124,-0.124
1.1521e-04,0.1,0.3,-0.124,-0.116
1.2289e-04,0.1,-0.1,-0.124,-0.124
1.3057e-04,0.1,0.3,-0.124,-0.116
1.3825e-04,0.1,-0.1,-0.12,-0.124
1.4593e-04,0.1,0.3,-0.12,-0.116
1.5361e-04,0.3,-0.1,-0.12,-0.124
1.6129e-04,0.3,0.3,-0.12,-0.116
1.6897e-04,0.3,-0.1,-0.124,-0.124
1.7665e-04,0.3,0.3,-0.12,-0.116
1.8433e-04,0.3,0.1,-0.12,-0.12
1.9201e-04,0.3,0.5,-0.12,-0.116
1.9969e-04,0.3,0.1,-0.12,-0.12
2.0737e-04,0.3,0.5,-0.12,-0.116
2.1505e-04,0.3,0.1,-0.116,-0.12
2.2273e-04,0.3,0.5,-0.116,-0.112
2.3041e-04,0.3,0.1,-0.116,-0.12
2.3810e-04,0.3,0.5,-0.116,-0.112
2.4578e-04,0.3,0.1,-0.116,-0.124
2.5346e-04,0.3,0.5,-0.116,-0.108
2.6114e-04,0.5,0.1,-0.116,-0.12
2.6882e-04,0.5,0.5,-0.116,-0.112
2.7650e-04,0.5,0.3,-0.116,-0.116
2.8418e-04,0.5,0.5,-0.112,-0.112
2.9186e-04,0.5,0.3,-0.112,-0.116
2.9954e-04,0.5,0.7,-0.116,-0.108
3.0722e-04,0.5,0.3,-0.112,-0.116
3.1490e-04,0.5,0.7,-0.112,-0.108
3.2258e-04,0.5,0.3,-0.112,-0.116
3.3026e-04,0.5,0.7,-0.112,-0.108
3.3794e-04,0.5,0.3,-0.112,-0.116
3.4562e-04,0.5,0.7,-0.112,-0.108
3.5330e-04,0.5,0.3,-0.108,-0.116
3.6098e-04,0.5,0.7,-0.108,-0.108
3.6866e-04,0.5,0.3,-0.112,-0.116
3.7634e-04,0.5,0.7,-0.112,-0.104
3.8402e-04,0.5,0.3,-0.108,-0.112
3.9171e-04,0.7,0.9,-0.108,-0.104
3.9939e-04,0.7,0.3,-0.108,-0.112
4.0707e-04,0.7,0.9,-0.108,-0.104
4.1475e-04,0.7,0.5,-0.108,-0.112
4.2243e-04,0.7,0.9,-0.108,-0.104
4.3011e-04,0.7,0.5,-0.108,-0.112
4.3779e-04,0.7,0.9,-0.108,-0.1
4.4547e-04,0.7,0.5,-0.108,-0.108
4.5315e-04,0.7,0.9,-0.108,-0.1
4.6083e-04,0.7,0.5,-0.108,-0.108
4.6851e-04,0.9,0.9,-0.104,-0.1
4.7619e-04,0.7,0.5,-0.104,-0.108
4.8387e-04,0.7,0.9,-0.104,-0.1
4.9155e-04,0.9,0.5,-0.104,-0.108
4.9923e-04,0.9,0.9,-0.104,-0.1
5.0691e-04,0.9,0.7,-0.104,-0.104
5.1459e-04,0.7,0.9,-0.1,-0.1
5.2227e-04,0.7,0.7,-0.1,-0.104
5.2995e-04,0.9,0.9,-0.1,-0.096
5.3763e-04,0.9,0.7,-0.1,-0.104
5.4531e-04,0.9,1.1,-0.1,-0.096
5.5300e-04,0.9,0.7,-0.1,-0.104
5.6068e-04,0.9,1.1,-0.1,-0.096
5.6836e-04,0.9,0.7,-0.1,-0.104
5.7604e-04,0.9,1.1,-0.1,-0.096
5.8372e-04,0.9,0.7,-0.096,-0.104
5.9140e-04,0.9,1.1,-0.1,-0.096
5.9908e-04,0.9,0.7,-0.1,-0.1
6.0676e-04,0.9,1.1,-0.096,-0.092
6.1444e-04,0.9,0.7,-0.096,-0.1
6.2212e-04,0.9,1.1,-0.096,-0.092
6.2980e-04,1.1,0.7,-0.092,-0.1
6.3748e-04,1.1,1.1,-0.096,-0.092
6.4516e-04,1.1,0.7,-0.096,-0.1
6.5284e-04,1.1,1.1,-0.096,-0.092
6.6052e-04,0.9,0.7,-0.092,-0.1
6.6820e-04,1.1,1.3,-0.092,-0.092
6.7588e-04,1.1,0.9,-0.092,-0.096
6.8356e-04,1.1,1.3,-0.092,-0.088
6.9124e-04,1.1,0.9,-0.092,-0.096
6.9892e-04,1.1,1.3,-0.092,-0.088
7.0661e-04,1.1,0.9,-0.092,-0.096
7.1429e-04,1.1,1.3,-0.092,-0.088
7.2197e-04,1.1,0.9,-0.088,-0.096
7.2965e-04,1.3,1.3,-0.092,-0.084
7.3733e-04,1.3,0.9,-0.088,-0.092
7.4501e-04,1.1,1.3,-0.088,-0.084
7.5269e-04,1.1,0.9,-0.088,-0.092
7.6037e-04,1.1,1.3,-0.088,-0.084
7.6805e-04,1.1,0.9,-0.088,-0.092
7.7573e-04,1.3,1.3,-0.088,-0.084
7.8341e-04,1.3,0.9,-0.088,-0.092
7.9109e-04,1.3,1.3,-0.088,-0.084
7.9877e-04,1.3,1.1,-0.084,-0.092
8.0645e-04,1.3,1.3,-0.088,-0.084
8.1413e-04,1.3,1.1,-0.084,-0.092
8.2181e-04,1.3,1.5,-0.088,-0.08
8.2949e-04,1.3,1.1,-0.084,-0.088
8.3717e-04,1.3,1.5,-0.084,-0.08
8.4485e-04,1.3,1.1,-0.084,-0.088
8.5253e-04,1.3,1.5,-0.084,-0.08
8.6022e-04,1.3,1.1,-0.084,-0.088
8.6790e-04,1.3,1.5,-0.084,-0.076
8.7558e-04,1.3,1.1,-0.084,-0.088
8.8326e-04,1.3,1.5,-0.08,-0.08
8.9094e-04,1.5,1.1,-0.084,-0.084
8.9862e-04,1.3,1.5,-0.08,-0.076
9.0630e-04,1.3,1.1,-0.08,-0.084
9.1398e-04,1.3,1.5,-0.08,-0.076
9.2166e-04,1.3,1.1,-0.08,-0.084
9.2934e-04,1.5,1.5,-0.08,-0.076
9.3702e-04,1.3,1.1,-0.08,-0.084
9.4470e-04,1.5,1.5,-0.08,-0.076
9.5238e-04,1.5,1.1,-0.076,-0.08
9.6006e-04,1.5,1.7,-0.076,-0.076
9.6774e-04,1.5,1.3,-0.076,-0.08
9.7542e-04,1.5,1.7,-0.076,-0.072
9.8310e-04,1.5,1.3,-0.076,-0.08
9.9078e-04,1.5,1.7,-0.076,-0.072
9.9846e-04,1.5,1.3,-0.076,-0.08
1.0061e-03,1.5,1.7,-0.076,-0.072
1.0138e-03,1.5,1.3,-0.076,-0.08
1.0215e-03,1.5,1.7,-0.076,-0.068
1.0292e-03,1.5,1.3,-0.072,-0.076
1.0369e-03,1.5,1.7,-0.072,-0.068
1.0445e-03,1.5,1.3,-0.072,-0.076
1.0522e-03,1.5,1.7,-0.072,-0.068
1.0599e-03,1.5,1.3,-0.072,-0.076
1.0676e-03,1.7,1.7,-0.068,-0.068
1.0753e-03,1.5,1.3,-0.068,-0.076
1.0829e-03,1.7,1.7,-0.068,-0.064
1.0906e-03,1.5,1.3,-0.072,-0.072
1.0983e-03,1.7,1.9,-0.068,-0.064
1.1060e-03,1.5,1.5,-0.068,-0.072
1.1137e-03,1.7,1.9,-0.068,-0.064
1.1214e-03,1.7,1.3,-0.068,-0.072
1.1290e-03,1.7,1.9,-0.064,-0.064
1.1367e-03,1.5,1.5,-0.064,-0.068
1.1444e-03,1.7,1.9,-0.064,-0.06
1.1521e-03,1.7,1.5,-0.068,-0.072
1.1598e-03,1.7,1.9,-0.064,-0.06
1.1674e-03,1.7,1.5,-0.064,-0.068
1.1751e-03,1.7,1.9,-0.06,-0.06
1.1828e-03,1.7,1.5,-0.06,-0.068
1.1905e-03,1.7,1.9,-0.06,-0.06
1.1982e-03,1.7,1.5,-0.06,-0.064
1.2058e-03,1.9,1.9,-0.06,-0.056
1.2135e-03,1.9,1.5,-0.06,-0.064
1.2212e-03,1.9,1.9,-0.06,-0.056
1.2289e-03,1.9,1.5,-0.056,-0.064
1.2366e-03,1.7,1.9,-0.06,-0.056
1.2442e-03,1.9,1.5,-0.056,-0.064
1.2519e-03,1.9,1.9,-0.056,-0.052
1.2596e-03,1.9,1.5,-0.056,-0.06
1.2673e-03,1.9,2.1,-0.056,-0.052
1.2750e-03,1.9,1.5,-0.056,-0.06
1.2826e-03,1.9,2.1,-0.056,-0.052
1.2903e-03,1.9,1.5,-0.056,-0.06
1.2980e-03,1.9,2.1,-0.056,-0.048
1.3057e-03,1.9,1.7,-0.052,-0.06
1.3134e-03,1.9,2.1,-0.056,-0.052
1.3210e-03,1.9,1.7,-0.052,-0.056
1.3287e-03,1.9,2.1,-0.052,-0.048
1.3364e-03,1.9,1.7,-0.052,-0.056
1.3441e-03,1.9,2.1,-0.052,-0.048
1.3518e-03,1.9,1.7,-0.048,-0.056
1.3594e-03,1.9,2.1,-0.048,-0.044
1.3671e-03,1.9,1.7,-0.048,-0.052
1.3748e-03,1.9,2.1,-0.048,-0.044
1.3825e-03,1.9,1.7,-0.048,-0.052
1.3902e-03,1.9,2.1,-0.048,-0.044
1.3978e-03,1.9,1.7,-0.044,-0.052
1.4055e-03,2.1,2.1,-0.048,-0.044
1.4132e-03,2.1,1.7,-0.048,-0.048
1.4209e-03,1.9,2.1,-0.048,-0.04
1.4286e-03,2.1,1.7,-0.044,-0.048
1.4363e-03,1.9,2.1,-0.044,-0.04
1.4439e-03,1.9,1.7,-0.044,-0.048
1.4516e-03,1.9,2.1,-0.044,-0.04
1.4593e-03,2.1,1.7,-0.044,-0.048
1.4670e-03,2.1,2.1,-0.044,-0.04
1.4747e-03,2.1,1.7,-0.04,-0.044
1.4823e-03,2.1,2.1,-0.04,-0.036
1.4900e-03,2.1,1.7,-0.04,-0.044
1.4977e-03,2.1,2.1,-0.04,-0.036
1.5054e-03,2.1,1.7,-0.04,-0.044
1.5131e-03,2.1,2.3,-0.04,-0.036
1.5207e-03,2.1,1.7,-0.036,-0.04
1.5284e-03,2.1,2.3,-0.036,-0.036
1.5361e-03,2.1,1.7,-0.036,-0.04
1.5438e-03,2.1,2.3,-0.036,-0.032
1.5515e-03,2.1,1.7,-0.036,-0.04
1.5591e-03,2.1,2.3,-0.036,-0.032
1.5668e-03,2.1,1.9,-0.036,-0.04
1.5745e-03,2.1,2.3,-0.036,-0.032
1.5822e-03,2.1,1.9,-0.032,-0.04
1.5899e-03,2.1,2.3,-0.032,-0.028
1.5975e-03,2.1,1.7,-0.032,-0.036
1.6052e-03,2.1,2.3,-0.032,-0.028
1.6129e-03,2.1,1.9,-0.032,-0.036
1.6206e-03,2.1,2.3,-0.032,-0.028
1.6283e-03,2.1,1.9,-0.032,-0.036
1.6359e-03,2.1,2.3,-0.032,-0.028
1.6436e-03,2.1,1.9,-0.028,-0.032
1.6513e-03,2.1,2.3,-0.028,-0.024
1.6590e-03,2.1,1.9,-0.028,-0.032
1.6667e-03,2.1,2.3,-0.028,-0.024
1.6743e-03,2.1,1.9,-0.028,-0.032
1.6820e-03,2.1,2.3,-0.024,-0.024
1.6897e-03,2.3,1.9,-0.028,-0.028
1.6974e-03,2.1,2.3,-0.024,-0.024
1.7051e-03,2.3,1.9,-0.028,-0.028
1.7127e-03,2.3,2.3,-0.024,-0.02
1.7204e-03,2.3,1.9,-0.024,-0.028
1.7281e-03,2.3,2.3,-0.024,-0.02
1.7358e-03,2.3,1.9,-0.024,-0.028
1.7435e-03,2.3,2.3,-0.02,-0.02
1.7512e-03,2.1,1.9,-0.02,-0.024
1.7588e-03,2.1,2.5,-0.02,-0.016
1.7665e-03,2.3,1.9,-0.02,-0.024
1.7742e-03,2.1,2.5,-0.02,-0.016
1.7819e-03,2.3,1.9,-0.02,-0.024
1.7896e-03,2.3,2.5,-0.016,-0.016
1.7972e-03,2.3,1.9,-0.02,-0.024
1.8049e-03,2.3,2.5,-0.02,-0.016
1.8126e-03,2.3,2.1,-0.016,-0.02
1.8203e-03,2.3,2.5,-0.016,-0.012
1.8280e-03,2.3,2.1,-0.016,-0.02
1.8356e-03,2.3,2.5,-0.016,-0.012
1.8433e-03,2.3,2.1,-0.016,-0.02
1.8510e-03,2.3,2.5,-0.016,-0.012
1.8587e-03,2.5,2.1,-0.012,-0.016
1.8664e-03,2.3,2.5,-0.012,-0.008
1.8740e-03,2.3,2.1,-0.012,-0.016
1.8817e-03,2.3,2.5,-0.012,-0.008
1.8894e-03,2.3,2.1,-0.012,-0.016
1.8971e-03,2.3,2.5,-0.008,-0.008
1.9048e-03,2.3,2.1,-0.012,-0.016
1.9124e-03,2.3,2.5,-0.012,-0.004
1.9201e-03,2.3,2.1,-0.008,-0.012
1.9278e-03,2.3,2.5,-0.008,-0.004
1.9355e-03,2.5,2.1,-0.008,-0.012
1.9432e-03,2.3,2.5,-0.008,-0.004
1.9508e-03,2.3,2.1,-0.008,-0.012
1.9585e-03,2.3,2.5,-0.004,8.9407e-11
1.9662e-03,2.5,2.1,-0.004,-0.012
1.9739e-03,2.3,2.7,-0.004,8.9407e-11
1.9816e-03,2.5,2.1,-0.004,-0.008
1.9892e-03,2.5,2.7,-0.004,8.9407e-11
1.9969e-03,2.5,2.1,-0.004,-0.008
2.0046e-03,2.5,2.7,8.9407e-11,8.9407e-11
2.0123e-03,2.5,2.1,8.9407e-11,-0.008
2.0200e-03,2.5,2.7,8.9407e-11,0.004
2.0276e-03,2.5,2.3,8.9407e-11,-0.004
2.0353e-03,2.5,2.7,8.9407e-11,0.004
2.0430e-03,2.5,2.3,8.9407e-11,-0.008
2.0507e-03,2.7,2.7,0.004,0.008
2.0584e-03,2.5,2.3,0.004,-0.004
2.0661e-03,2.5,2.7,0.004,0.008
2.0737e-03,2.5,2.3,0.004,-0.004
2.0814e-03,2.7,2.7,0.004,0.008
2.0891e-03,2.7,2.3,0.004,8.9407e-11
2.0968e-03,2.7,2.7,0.008,0.008
2.1045e-03,2.5,2.3,0.008,8.9407e-11
2.1121e-03,2.5,2.7,0.008,0.012
2.1198e-03,2.7,2.3,0.008,0.004
2.1275e-03,2.7,2.7,0.008,0.012
2.1352e-03,2.7,2.3,0.008,0.004
2.1429e-03,2.7,2.7,0.008,0.012
2.1505e-03,2.5,2.3,0.012,0.004
2.1582e-03,2.7,2.9,0.008,0.016
2.1659e-03,2.7,2.3,0.012,0.004
2.1736e-03,2.7,2.7,0.012,0.016
2.1813e-03,2.7,2.3,0.012,0.008
2.1889e-03,2.7,2.9,0.016,0.016
2.1966e-03,2.7,2.3,0.012,0.008
2.2043e-03,2.7,2.9,0.016,0.02
2.2120e-03,2.7,2.5,0.016,0.008
2.2197e-03,2.7,2.9,0.016,0.02
2.2273e-03,2.7,2.5,0.016,0.008
2.2350e-03,2.7,2.9,0.016,0.02
2.2427e-03,2.7,2.5,0.016,0.012
2.2504e-03,2.7,2.9,0.02,0.02
2.2581e-03,2.7,2.5,0.02,0.012
2.2657e-03,2.7,2.9,0.02,0.024
2.2734e-03,2.7,2.5,0.02,0.012
2.2811e-03,2.7,2.9,0.02,0.024
2.2888e-03,2.9,2.5,0.02,0.016
2.2965e-03,2.9,2.9,0.024,0.024
2.3041e-03,2.9,2.5,0.024,0.016
2.3118e-03,2.9,2.9,0.024,0.028
2.3195e-03,2.7,2.5,0.024,0.016
2.3272e-03,2.9,2.9,0.024,0.028
2.3349e-03,2.9,2.5,0.024,0.02
2.3425e-03,2.9,2.9,0.024,0.028
2.3502e-03,2.9,2.5,0.024,0.02
2.3579e-03,2.9,3.1,0.028,0.032
2.3656e-03,2.9,2.7,0.028,0.02
2.3733e-03,2.9,3.1,0.028,0.032
2.3810e-03,2.9,2.7,0.028,0.024
2.3886e-03,2.9,3.1,0.032,0.032
2.3963e-03,2.9,2.7,0.028,0.024
2.4040e-03,2.9,3.1,0.032,0.032
2.4117e-03,2.9,2.7,0.032,0.024
2.4194e-03,2.9,3.1,0.032,0.036
2.4270e-03,2.9,2.7,0.032,0.024
2.4347e-03,2.9,3.1,0.036,0.036
2.4424e-03,2.9,2.7,0.032,0.028
2.4501e-03,2.9,3.1,0.036,0.036
2.4578e-03,3.1,2.7,0.036,0.028
2.4654e-03,2.9,3.1,0.036,0.04
2.4731e-03,3.1,2.7,0.036,0.028
2.4808e-03,3.1,3.1,0.036,0.04
2.4885e-03,3.1,2.7,0.036,0.032
2.4962e-03,3.1,3.1,0.036,0.04
2.5038e-03,2.9,2.7,0.036,0.032
2.5115e-03,2.9,3.1,0.04,0.04
2.5192e-03,2.9,2.7,0.04,0.032
2.5269e-03,3.1,3.3,0.04,0.044
2.5346e-03,3.1,2.9,0.04,0.036
2.5422e-03,3.1,3.3,0.04,0.044
2.5499e-03,3.1,2.9,0.04,0.036
2.5576e-03,3.1,3.3,0.04,0.044
2.5653e-03,3.1,2.9,0.04,0.036
2.5730e-03,3.1,3.3,0.044,0.048
2.5806e-03,3.1,2.9,0.044,0.04
2.5883e-03,3.1,3.3,0.044,0.048
2.5960e-03,3.1,2.9,0.044,0.04
2.6037e-03,3.1,3.3,0.048,0.048
2.6114e-03,3.1,2.9,0.048,0.04
2.6190e-03,3.1,3.3,0.044,0.048
2.6267e-03,3.1,2.9,0.048,0.04
2.6344e-03,3.1,3.3,0.048,0.056
2.6421e-03,3.1,2.9,0.048,0.044
2.6498e-03,3.1,3.3,0.048,0.052
2.6575e-03,3.3,2.9,0.048,0.044
2.6651e-03,3.1,3.3,0.048,0.056
2.6728e-03,3.1,2.9,0.048,0.048
2.6805e-03,3.3,3.5,0.052,0.056
2.6882e-03,3.3,3.1,0.052,0.048
2.6959e-03,3.3,3.5,0.052,0.056
2.7035e-03,3.3,3.1,0.052,0.048
2.7112e-03,3.3,3.5,0.056,0.056
2.7189e-03,3.3,3.1,0.056,0.052
2.7266e-03,3.3,3.5,0.056,0.06
2.7343e-03,3.3,3.1,0.056,0.052
2.7419e-03,3.3,3.5,0.056,0.06
2.7496e-03,3.3,3.1,0.06,0.052
2.7573e-03,3.3,3.5,0.06,0.06
2.7650e-03,3.5,3.1,0.056,0.056
2.7727e-03,3.3,3.5,0.06,0.064
2.7803e-03,3.5,3.1,0.06,0.056
2.7880e-03,3.3,3.5,0.06,0.064
2.7957e-03,3.5,3.3,0.06,0.056
2.8034e-03,3.5,3.5,0.06,0.064
2.8111e-03,3.3,3.3,0.06,0.06
2.8187e-03,3.5,3.7,0.064,0.068
2.8264e-03,3.5,3.3,0.064,0.056
2.8341e-03,3.5,3.7,0.064,0.072
2.8418e-03,3.5,3.3,0.068,0.06
2.8495e-03,3.5,3.7,0.068,0.068
2.8571e-03,3.5,3.3,0.068,0.064
2.8648e-03,3.5,3.7,0.068,0.072
2.8725e-03,3.5,3.3,0.068,0.064
2.8802e-03,3.5,3.7,0.068,0.072
2.8879e-03,3.5,3.3,0.072,0.064
2.8955e-03,3.5,3.7,0.068,0.072
2.9032e-03,3.5,3.3,0.072,0.064
2.9109e-03,3.5,3.7,0.072,0.072
2.9186e-03,3.7,3.3,0.072,0.068
2.9263e-03,3.7,3.7,0.072,0.076
2.9339e-03,3.7,3.5,0.072,0.068
2.9416e-03,3.7,3.7,0.072,0.076
2.9493e-03,3.7,3.5,0.072,0.068
2.9570e-03,3.7,3.7,0.076,0.076
2.9647e-03,3.7,3.5,0.076,0.072
2.9724e-03,3.7,3.9,0.076,0.08
2.9800e-03,3.7,3.5,0.076,0.072
2.9877e-03,3.7,3.9,0.076,0.08
2.9954e-03,3.7,3.5,0.076,0.072
3.0031e-03,3.7,3.9,0.076,0.08
3.0108e-03,3.7,3.5,0.08,0.076
3.0184e-03,3.7,3.9,0.08,0.084
3.0261e-03,3.7,3.5,0.08,0.072
3.0338e-03,3.7,3.9,0.08,0.084
3.0415e-03,3.9,3.7,0.08,0.076
3.0492e-03,3.9,3.9,0.08,0.084
3.0568e-03,3.9,3.7,0.084,0.076
3.0645e-03,3.9,3.9,0.084,0.084
3.0722e-03,3.7,3.7,0.084,0.08
3.0799e-03,3.7,3.9,0.084,0.088
3.0876e-03,3.7,3.7,0.084,0.08
3.0952e-03,3.7,4.1,0.084,0.088
3.1029e-03,3.9,3.7,0.084,0.08
3.1106e-03,3.7,4.1,0.084,0.088
3.1183e-03,3.9,3.7,0.088,0.084
3.1260e-03,3.9,4.1,0.088,0.092
3.1336e-03,3.9,3.7,0.088,0.084
3.1413e-03,3.9,4.1,0.088,0.092
3.1490e-03,3.9,3.7,0.092,0.084
3.1567e-03,3.9,4.1,0.088,0.092
3.1644e-03,3.9,3.7,0.088,0.088
3.1720e-03,3.9,4.1,0.092,0.096
3.1797e-03,4.1,3.7,0.092,0.088
3.1874e-03,4.1,4.3,0.092,0.096
3.1951e-03,4.1,3.9,0.092,0.088
3.2028e-03,4.1,4.3,0.092,0.096
3.2104e-03,4.1,3.9,0.092,0.092
3.2181e-03,4.1,4.3,0.092,0.096
3.2258e-03,4.1,3.9,0.092,0.088
3.2335e-03,4.1,4.3,0.096,0.104
3.2412e-03,4.1,3.9,0.096,0.092
3.2488e-03,4.1,4.3,0.096,0.1
3.2565e-03,4.1,3.9,0.096,0.092
3.2642e-03,4.1,4.3,0.096,0.1
3.2719e-03,4.1,3.9,0.1,0.096
3.2796e-03,4.3,4.3,0.1,0.104
3.2873e-03,4.3,3.9,0.1,0.096
3.2949e-03,4.1,4.5,0.1,0.104
3.3026e-03,4.1,4.1,0.1,0.096
3.3103e-03,4.3,4.5,0.1,0.104
3.3180e-03,4.3,4.1,0.104,0.1
3.3257e-03,4.3,4.5,0.104,0.108
3.3333e-03,4.3,4.1,0.104,0.1
3.3410e-03,4.3,4.5,0.104,0.108
3.3487e-03,4.3,4.1,0.108,0.1
3.3564e-03,4.3,4.5,0.104,0.108
3.3641e-03,4.5,4.1,0.104,0.104
3.3717e-03,4.5,4.5,0.108,0.112
3.3794e-03,4.5,4.1,0.108,0.104
3.3871e-03,4.3,4.5,0.108,0.112
3.3948e-03,4.5,4.3,0.108,0.104
3.4025e-03,4.5,4.5,0.108,0.112
3.4101e-03,4.5,4.3,0.108,0.108
3.4178e-03,4.5,4.5,0.108,0.112
3.4255e-03,4.5,4.3,0.108,0.108
3.4332e-03,4.5,4.7,0.112,0.116
3.4409e-03,4.5,4.3,0.112,0.108
3.4485e-03,4.5,4.7,0.112,0.116
3.4562e-03,4.5,4.3,0.112,0.108
3.4639e-03,4.5,4.7,0.112,0.116
3.4716e-03,4.5,4.3,0.116,0.112
3.4793e-03,4.5,4.7,0.116,0.12
3.4869e-03,4.7,4.3,0.116,0.108
3.4946e-03,4.7,4.7,0.116,0.124
3.5023e-03,4.5,4.5,0.116,0.112
3.5100e-03,4.7,4.9,0.116,0.12
3.5177e-03,4.7,4.5,0.116,0.116
3.5253e-03,4.7,4.9,0.12,0.124
3.5330e-03,4.7,4.5,0.12,0.116
3.5407e-03,4.7,4.9,0.12,0.124
3.5484e-03,4.7,4.5,0.12,0.116
3.5561e-03,4.7,4.9,0.12,0.124
3.5637e-03,4.7,4.5,0.124,0.12
3.5714e-03,4.9,4.9,0.124,0.124
3.5791e-03,4.7,4.5,0.124,0.12
3.5868e-03,4.9,4.9,0.124,0.128
3.5945e-03,4.9,4.7,0.124,0.12
3.6022e-03,4.9,4.9,0.124,0.128
3.6098e-03,4.9,4.7,0.124,0.12
3.6175e-03,4.9,5.1,0.128,0.128
3.6252e-03,4.9,4.7,0.128,0.124
3.6329e-03,4.9,5.1,0.128,0.132
3.6406e-03,4.9,4.7,0.128,0.124
3.6482e-03,4.9,5.1,0.128,0.132
3.6559e-03,4.9,4.7,0.128,0.12
3.6636e-03,5.1,5.1,0.128,0.136
3.6713e-03,4.9,4.7,0.132,0.124
3.6790e-03,5.1,5.1,0.128,0.132
3.6866e-03,5.1,4.7,0.128,0.128
3.6943e-03,5.1,5.3,0.132,0.136
3.7020e-03,5.1,4.9,0.132,0.128
3.7097e-03,5.1,5.3,0.132,0.136
3.7174e-03,5.1,4.9,0.132,0.128
3.7250e-03,5.1,5.3,0.132,0.136
3.7327e-03,5.1,4.9,0.132,0.128
3.7404e-03,5.1,5.3,0.132,0.14
3.7481e-03,5.3,4.9,0.136,0.132
3.7558e-03,5.3,5.5,0.136,0.14
3.7634e-03,5.3,4.9,0.136,0.132
3.7711e-03,5.3,5.3,0.136,0.14
3.7788e-03,5.3,5.1,0.136,0.132
3.7865e-03,5.3,5.5,0.136,0.14
3.7942e-03,5.3,5.1,0.136,0.132
3.8018e-03,5.3,5.5,0.14,0.14
3.8095e-03,5.3,5.1,0.14,0.136
3.8172e-03,5.3,5.5,0.14,0.144
3.8249e-03,5.5,5.1,0.14,0.136
3.8326e-03,5.5,5.5,0.14,0.144
3.8402e-03,5.3,5.1,0.14,0.136
3.8479e-03,5.5,5.7,0.14,0.148
3.8556e-03,5.5,5.3,0.144,0.136
3.8633e-03,5.5,5.7,0.144,0.148
3.8710e-03,5.5,5.3,0.144,0.14
3.8786e-03,5.5,5.7,0.144,0.148
3.8863e-03,5.7,5.3,0.144,0.14
3.8940e-03,5.5,5.7,0.144,0.148
3.9017e-03,5.7,5.3,0.144,0.14
3.9094e-03,5.7,5.7,0.144,0.148
3.9171e-03,5.7,5.5,0.144,0.14
3.9247e-03,5.7,5.9,0.148,0.152
3.9324e-03,5.7,5.5,0.148,0.144
3.9401e-03,5.7,5.9,0.148,0.152
3.9478e-03,5.7,5.5,0.148,0.144
3.9555e-03,5.9,5.9,0.148,0.152
3.9631e-03,5.9,5.5,0.148,0.144
3.9708e-03,5.9,5.9,0.148,0.152
3.9785e-03,5.9,5.7,0.152,0.144
3.9862e-03,5.9,6.1,0.148,0.156
3.9939e-03,5.9,5.7,0.152,0.148
4.0015e-03,5.9,6.1,0.156,0.156
4.0092e-03,5.9,5.7,0.152,0.148
4.0169e-03,5.9,6.1,0.156,0.156
4.0246e-03,5.9,5.7,0.156,0.148
4.0323e-03,5.9,6.1,0.152,0.156
4.0399e-03,6.1,5.7,0.156,0.152
4.0476e-03,6.1,6.3,0.156,0.16
4.0553e-03,6.1,5.9,0.156,0.148
4.0630e-03,6.1,6.3,0.156,0.164
4.0707e-03,6.1,5.9,0.156,0.152
4.0783e-03,6.1,6.3,0.16,0.16
4.0860e-03,6.3,6.1,0.156,0.152
4.0937e-03,6.3,6.5,0.16,0.164
4.1014e-03,6.3,6.1,0.16,0.156
4.1091e-03,6.3,6.5,0.16,0.164
4.1167e-03,6.3,6.1,0.16,0.156
4.1244e-03,6.3,6.5,0.16,0.164
4.1321e-03,6.5,6.3,0.16,0.156
4.1398e-03,6.3,6.7,0.16,0.164
4.1475e-03,6.5,6.3,0.164,0.156
4.1551e-03,6.5,6.7,0.164,0.168
4.1628e-03,6.5,6.3,0.164,0.16
4.1705e-03,6.5,6.7,0.164,0.168
4.1782e-03,6.5,6.5,0.164,0.16
4.1859e-03,6.7,6.9,0.164,0.168
4.1935e-03,6.7,6.5,0.164,0.16
4.2012e-03,6.7,6.9,0.164,0.168
4.2089e-03,6.7,6.5,0.164,0.16
4.2166e-03,6.7,6.9,0.168,0.172
4.2243e-03,6.7,6.5,0.168,0.16
4.2320e-03,6.7,7.1,0.168,0.172
4.2396e-03,6.9,6.5,0.164,0.164
4.2473e-03,6.9,7.1,0.168,0.172
4.2550e-03,6.9,6.7,0.168,0.164
4.2627e-03,6.9,7.1,0.168,0.172
4.2704e-03,7.1,6.7,0.168,0.164
4.2780e-03,7.1,7.3,0.168,0.172
4.2857e-03,7.1,6.9,0.168,0.164
4.2934e-03,7.1,7.3,0.172,0.176
4.3011e-03,7.1,6.9,0.172,0.168
4.3088e-03,7.1,7.3,0.172,0.176
4.3164e-03,7.3,7.1,0.172,0.168
4.3241e-03,7.3,7.5,0.176,0.176
4.3318e-03,7.3,7.1,0.172,0.168
4.3395e-03,7.3,7.5,0.172,0.176
4.3472e-03,7.3,7.1,0.172,0.168
4.3548e-03,7.3,7.5,0.176,0.18
4.3625e-03,7.5,7.3,0.176,0.172
4.3702e-03,7.5,7.7,0.176,0.18
4.3779e-03,7.5,7.3,0.176,0.172
4.3856e-03,7.5,7.7,0.176,0.18
4.3932e-03,7.7,7.3,0.176,0.172
4.4009e-03,7.5,7.9,0.18,0.18
4.4086e-03,7.7,7.5,0.18,0.172
4.4163e-03,7.7,7.9,0.18,0.184
4.4240e-03,7.7,7.5,0.18,0.172
4.4316e-03,7.9,7.9,0.18,0.184
4.4393e-03,7.9,7.7,0.18,0.172
4.4470e-03,7.9,8.1,0.18,0.184
4.4547e-03,7.9,7.7,0.18,0.176
4.4624e-03,7.9,8.1,0.18,0.184
4.4700e-03,7.9,7.7,0.18,0.176
4.4777e-03,8.1,8.1,0.18,0.184
4.4854e-03,8.1,7.9,0.184,0.176
4.4931e-03,8.1,8.3,0.18,0.184
4.5008e-03,8.1,7.9,0.18,0.176
4.5084e-03,8.1,8.3,0.184,0.188
4.5161e-03,8.3,7.9,0.184,0.176
4.5238e-03,8.3,8.5,0.184,0.188
4.5315e-03,8.3,8.1,0.184,0.18
4.5392e-03,8.3,8.5,0.184,0.188
4.5469e-03,8.5,8.1,0.184,0.18
4.5545e-03,8.5,8.7,0.184,0.188
4.5622e-03,8.5,8.3,0.188,0.18
4.5699e-03,8.5,8.7,0.184,0.188
4.5776e-03,8.5,8.3,0.188,0.18
4.5853e-03,8.5,8.7,0.188,0.192
4.5929e-03,8.7,8.3,0.188,0.18
4.6006e-03,8.7,8.9,0.188,0.192
4.6083e-03,8.7,8.5,0.188,0.184
4.6160e-03,8.7,8.9,0.188,0.192
4.6237e-03,8.7,8.5,0.192,0.184
4.6313e-03,8.7,8.9,0.192,0.192
4.6390e-03,8.9,8.7,0.188,0.184
4.6467e-03,8.9,9.1,0.192,0.196
4.6544e-03,8.9,8.7,0.188,0.184
4.6621e-03,8.9,9.1,0.192,0.196
4.6697e-03,8.9,8.7,0.192,0.184
4.6774e-03,9.1,9.1,0.192,0.196
4.6851e-03,9.1,8.9,0.192,0.188
4.6928e-03,9.1,9.3,0.192,0.196
4.7005e-03,9.1,8.9,0.192,0.188
4.7081e-03,9.3,9.3,0.192,0.196
4.7158e-03,9.1,9.1,0.192,0.188
4.7235e-03,9.3,9.5,0.196,0.196
4.7312e-03,9.3,9.1,0.192,0.188
4.7389e-03,9.3,9.5,0.196,0.196
4.7465e-03,9.3,9.1,0.196,0.188
4.7542e-03,9.3,9.5,0.196,0.2
4.7619e-03,9.5,9.3,0.196,0.192
4.7696e-03,9.5,9.7,0.196,0.2
4.7773e-03,9.5,9.3,0.196,0.192
4.7849e-03,9.5,9.7,0.196,0.2
4.7926e-03,9.5,9.5,0.196,0.192
4.8003e-03,9.5,9.7,0.2,0.2
4.8080e-03,9.7,9.5,0.196,0.192
4.8157e-03,9.7,9.9,0.2,0.2
4.8233e-03,9.7,9.7,0.2,0.188
4.8310e-03,9.7,9.9,0.2,0.204
4.8387e-03,9.9,9.7,0.2,0.192
4.8464e-03,9.9,10.1,0.196,0.204
4.8541e-03,9.9,9.7,0.196,0.192
4.8618e-03,9.9,10.1,0.2,0.204
4.8694e-03,9.9,9.9,0.2,0.192
4.8771e-03,9.9,10.3,0.2,0.204
4.8848e-03,10.1,9.9,0.2,0.196
4.8925e-03,10.1,10.3,0.2,0.204
4.9002e-03,10.1,9.9,0.2,0.196
4.9078e-03,10.1,10.3,0.204,0.204
4.9155e-03,10.3,10.1,0.2,0.196
4.9232e-03,10.3,10.5,0.2,0.204
4.9309e-03,10.3,10.1,0.2,0.196
4.9386e-03,10.3,10.5,0.204,0.208
4.9462e-03,10.3,10.3,0.204,0.196
4.9539e-03,10.5,10.5,0.204,0.208
4.9616e-03,10.5,10.3,0.204,0.196
4.9693e-03,10.5,10.7,0.204,0.208
4.9770e-03,10.5,10.3,0.204,0.196
4.9846e-03,10.5,10.7,0.204,0.208
4.9923e-03,10.5,10.5,0.204,0.2
5.0000e-03,10.5,10.9,0.204,0.208
5.0077e-03,10.7,10.5,0.204,0.2
5.0154e-03,10.7,10.9,0.204,0.208
5.0230e-03,10.7,10.5,0.204,0.2
5.0307e-03,10.9,10.9,0.204,0.212
5.0384e-03,10.7,10.7,0.204,0.2
5.0461e-03,10.9,11.1,0.208,0.208
5.0538e-03,10.9,10.7,0.208,0.2
5.0614e-03,10.9,11.1,0.208,0.212
5.0691e-03,10.9,10.9,0.208,0.2
5.0768e-03,11.1,11.1,0.208,0.212
5.0845e-03,11.1,10.9,0.208,0.2
5.0922e-03,11.1,11.3,0.208,0.212
5.0998e-03,11.1,10.9,0.208,0.204
5.1075e-03,11.1,11.3,0.208,0.212
5.1152e-03,11.3,11.1,0.212,0.2
5.1229e-03,11.1,11.3,0.208,0.212
5.1306e-03,11.1,10.9,0.208,0.204
5.1382e-03,11.3,11.3,0.208,0.212
5.1459e-03,11.3,11.1,0.208,0.204
5.1536e-03,11.3,11.5,0.208,0.212
5.1613e-03,11.3,11.1,0.208,0.204
5.1690e-03,11.3,11.5,0.212,0.212
5.1767e-03,11.3,11.1,0.212,0.204
5.1843e-03,11.5,11.5,0.212,0.212
5.1920e-03,11.3,11.3,0.212,0.204
5.1997e-03,11.5,11.5,0.208,0.212
5.2074e-03,11.5,11.3,0.212,0.204
5.2151e-03,11.3,11.7,0.212,0.212
5.2227e-03,11.5,11.3,0.212,0.204
5.2304e-03,11.5,11.7,0.212,0.216
5.2381e-03,11.5,11.3,0.212,0.204
5.2458e-03,11.5,11.7,0.212,0.216
5.2535e-03,11.5,11.3,0.212,0.204
5.2611e-03,11.5,11.7,0.212,0.216
5.2688e-03,11.5,11.3,0.212,0.204
5.2765e-03,11.7,11.7,0.212,0.216
5.2842e-03,11.7,11.5,0.212,0.208
5.2919e-03,11.5,11.9,0.212,0.216
5.2995e-03,11.7,11.5,0.212,0.204
5.3072e-03,11.7,11.9,0.212,0.216
5.3149e-03,11.7,11.5,0.212,0.208
5.3226e-03,11.7,11.9,0.212,0.216
5.3303e-03,11.7,11.5,0.212,0.208
5.3379e-03,11.7,11.9,0.212,0.216
5.3456e-03,11.7,11.7,0.212,0.208
5.3533e-03,11.7,11.9,0.212,0.216
5.3610e-03,11.7,11.7,0.212,0.208
5.3687e-03,11.7,12.1,0.212,0.216
5.3763e-03,11.9,11.7,0.212,0.208
5.3840e-03,11.9,12.1,0.216,0.216
5.3917e-03,11.9,11.7,0.212,0.208
5.3994e-03,11.9,12.1,0.212,0.216
5.4071e-03,11.9,11.7,0.216,0.208
5.4147e-03,11.9,12.1,0.212,0.216
5.4224e-03,11.9,11.7,0.212,0.208
5.4301e-03,11.9,12.1,0.212,0.216
5.4378e-03,11.9,11.9,0.212,0.208
5.4455e-03,11.9,12.1,0.212,0.216
5.4531e-03,11.9,11.9,0.216,0.208
5.4608e-03,12.1,12.1,0.212,0.22
5.4685e-03,12.1,11.9,0.212,0.208
5.4762e-03,11.9,12.3,0.216,0.22
5.4839e-03,11.9,11.9,0.216,0.208
5.4916e-03,12.1,12.3,0.216,0.22
5.4992e-03,12.1,11.9,0.216,0.208
5.5069e-03,12.1,12.3,0.216,0.22
5.5146e-03,12.1,11.9,0.216,0.208
5.5223e-03,12.1,12.3,0.212,0.22
5.5300e-03,12.3,11.9,0.212,0.208
5.5376e-03,12.1,12.3,0.216,0.22
5.5453e-03,12.1,11.9,0.216,0.208
5.5530e-03,12.3,12.3,0.212,0.22
5.5607e-03,12.1,11.9,0.216,0.208
5.5684e-03,12.1,12.3,0.216,0.22
5.5760e-03,12.1,11.9,0.216,0.208
5.5837e-03,12.3,12.3,0.216,0.22
5.5914e-03,12.1,12.1,0.216,0.208
5.5991e-03,12.1,12.3,0.216,0.22
5.6068e-03,12.1,12.1,0.216,0.208
5.6144e-03,12.1,12.3,0.216,0.22
5.6221e-03,12.3,12.1,0.216,0.208
5.6298e-03,12.1,12.3,0.216,0.22
5.6375e-03,12.3,12.1,0.216,0.208
5.6452e-03,12.3,12.5,0.216,0.22
5.6528e-03,12.3,12.1,0.216,0.208
5.6605e-03,12.3,12.5,0.216,0.22
5.6682e-03,12.3,12.1,0.216,0.208
5.6759e-03,12.3,12.5,0.216,0.22
5.6836e-03,12.3,12.1,0.216,0.208
5.6912e-03,12.3,12.5,0.216,0.22
5.6989e-03,12.3,12.1,0.216,0.212
5.7066e-03,12.3,12.5,0.216,0.22
5.7143e-03,12.3,12.1,0.216,0.208
5.7220e-03,12.3,12.5,0.216,0.22
5.7296e-03,12.3,12.1,0.22,0.208
5.7373e-03,12.3,12.5,0.216,0.22
5.7450e-03,12.3,12.1,0.216,0.212
5.7527e-03,12.3,12.5,0.216,0.22
5.7604e-03,12.3,12.1,0.216,0.212
5.7680e-03,12.3,12.5,0.216,0.22
5.7757e-03,12.3,12.1,0.216,0.208
5.7834e-03,12.3,12.5,0.216,0.22
5.7911e-03,12.3,12.1,0.216,0.212
5.7988e-03,12.3,12.5,0.216,0.22
5.8065e-03,12.3,12.1,0.216,0.212
5.8141e-03,12.3,12.5,0.216,0.22
5.8218e-03,12.3,12.1,0.216,0.208
5.8295e-03,12.3,12.5,0.216,0.22
5.8372e-03,12.3,12.1,0.216,0.212
5.8449e-03,12.3,12.5,0.22,0.22
5.8525e-03,12.3,12.1,0.216,0.208
5.8602e-03,12.3,12.5,0.22,0.22
5.8679e-03,12.3,12.1,0.216,0.208
5.8756e-03,12.5,12.5,0.22,0.22
5.8833e-03,12.3,12.1,0.216,0.212
5.8909e-03,12.3,12.5,0.216,0.22
5.8986e-03,12.3,12.1,0.216,0.212
5.9063e-03,12.3,12.5,0.216,0.22
5.9140e-03,12.3,12.1,0.216,0.212
5.9217e-03,12.5,12.5,0.216,0.22
5.9293e-03,12.5,12.1,0.216,0.212
5.9370e-03,12.3,12.5,0.216,0.22
5.9447e-03,12.3,12.1,0.216,0.212
5.9524e-03,12.3,12.5,0.216,0.22
5.9601e-03,12.3,12.1,0.216,0.212
5.9677e-03,12.3,12.5,0.212,0.22
5.9754e-03,12.3,12.1,0.216,0.212
5.9831e-03,12.3,12.5,0.216,0.22
5.9908e-03,12.3,12.1,0.216,0.212
5.9985e-03,12.3,12.5,0.216,0.22
6.0061e-03,12.3,12.1,0.216,0.212
6.0138e-03,12.3,12.5,0.216,0.22
6.0215e-03,12.3,12.1,0.216,0.208
6.0292e-03,12.3,12.5,0.216,0.22
6.0369e-03,12.3,12.1,0.216,0.212
6.0445e-03,12.3,12.5,0.216,0.22
6.0522e-03,12.3,12.1,0.216,0.212
6.0599e-03,12.3,12.5,0.216,0.22
6.0676e-03,12.3,12.1,0.22,0.212
6.0753e-03,12.3,12.5,0.216,0.22
6.0829e-03,12.3,12.1,0.22,0.212
6.0906e-03,12.3,12.5,0.22,0.22
6.0983e-03,12.1,12.1,0.216,0.212
6.1060e-03,12.1,12.3,0.216,0.22
6.1137e-03,12.3,12.1,0.216,0.212
6.1214e-03,12.1,12.3,0.216,0.22
6.1290e-03,12.3,11.9,0.22,0.212
6.1367e-03,12.1,12.3,0.216,0.22
6.1444e-03,12.1,11.9,0.216,0.212
6.1521e-03,12.3,12.3,0.22,0.22
6.1598e-03,12.1,11.9,0.216,0.212
6.1674e-03,12.1,12.3,0.216,0.22
6.1751e-03,12.1,11.9,0.216,0.208
6.1828e-03,12.1,12.3,0.216,0.22
6.1905e-03,12.1,11.9,0.216,0.212
6.1982e-03,12.1,12.3,0.216,0.22
6.2058e-03,11.9,11.9,0.216,0.208
6.2135e-03,12.1,12.1,0.216,0.22
6.2212e-03,11.9,11.7,0.216,0.208
6.2289e-03,11.9,12.1,0.22,0.22
6.2366e-03,11.9,11.7,0.216,0.208
6.2442e-03,11.9,12.1,0.216,0.22
6.2519e-03,11.9,11.7,0.216,0.208
6.2596e-03,11.9,12.1,0.216,0.22
6.2673e-03,11.9,11.7,0.216,0.208
6.2750e-03,11.9,12.1,0.216,0.22
6.2826e-03,11.9,11.7,0.212,0.208
6.2903e-03,11.9,12.1,0.216,0.22
6.2980e-03,11.9,11.7,0.216,0.208
6.3057e-03,11.7,12.1,0.216,0.22
6.3134e-03,11.9,11.5,0.216,0.208
6.3210e-03,11.7,11.9,0.216,0.22
6.3287e-03,11.7,11.5,0.216,0.208
6.3364e-03,11.7,11.9,0.216,0.22
6.3441e-03,11.7,11.5,0.216,0.208
6.3518e-03,11.5,11.9,0.216,0.22
6.3594e-03,11.7,11.5,0.216,0.208
6.3671e-03,11.7,11.9,0.216,0.22
6.3748e-03,11.7,11.5,0.212,0.208
6.3825e-03,11.7,11.7,0.212,0.22
6.3902e-03,11.7,11.3,0.212,0.208
6.3978e-03,11.7,11.7,0.212,0.22
6.4055e-03,11.5,11.3,0.212,0.208
6.4132e-03,11.5,11.7,0.216,0.22
6.4209e-03,11.5,11.3,0.216,0.204
6.4286e-03,11.5,11.7,0.216,0.224
6.4363e-03,11.5,11.3,0.216,0.208
6.4439e-03,11.3,11.7,0.216,0.22
6.4516e-03,11.5,11.3,0.216,0.208
6.4593e-03,11.5,11.5,0.212,0.22
6.4670e-03,11.3,11.3,0.216,0.208
6.4747e-03,11.3,11.5,0.212,0.22
6.4823e-03,11.3,11.1,0.216,0.208
6.4900e-03,11.3,11.5,0.216,0.22
6.4977e-03,11.3,11.1,0.216,0.208
6.5054e-03,11.3,11.5,0.216,0.216
6.5131e-03,11.3,11.1,0.212,0.208
6.5207e-03,11.3,11.5,0.216,0.216
6.5284e-03,11.3,11.1,0.212,0.208
6.5361e-03,11.1,11.3,0.216,0.216
6.5438e-03,11.1,11.1,0.216,0.208
6.5515e-03,11.3,11.3,0.212,0.216
6.5591e-03,11.1,10.9,0.212,0.208
6.5668e-03,11.1,11.3,0.212,0.216
6.5745e-03,11.1,10.9,0.212,0.208
6.5822e-03,11.1,11.3,0.216,0.216
6.5899e-03,11.1,10.9,0.212,0.208
6.5975e-03,10.9,11.1,0.212,0.216
6.6052e-03,11.1,10.7,0.212,0.208
6.6129e-03,10.9,11.1,0.216,0.216
6.6206e-03,11.1,10.7,0.212,0.204
6.6283e-03,10.9,11.1,0.212,0.22
6.6359e-03,10.9,10.7,0.212,0.208
6.6436e-03,10.9,11.1,0.212,0.216
6.6513e-03,10.9,10.7,0.212,0.208
6.6590e-03,10.9,11.1,0.212,0.216
6.6667e-03,10.7,10.7,0.212,0.208
6.6743e-03,10.7,11.1,0.212,0.216
6.6820e-03,10.7,10.5,0.212,0.204
6.6897e-03,10.7,10.9,0.212,0.216
6.6974e-03,10.7,10.5,0.212,0.208
6.7051e-03,10.7,10.9,0.216,0.216
6.7127e-03,10.5,10.5,0.212,0.204
6.7204e-03,10.7,10.9,0.212,0.216
6.7281e-03,10.5,10.5,0.212,0.208
6.7358e-03,10.5,10.7,0.212,0.216
6.7435e-03,10.5,10.5,0.212,0.204
6.7512e-03,10.5,10.7,0.212,0.216
6.7588e-03,10.5,10.3,0.212,0.204
6.7665e-03,10.5,10.7,0.212,0.216
6.7742e-03,10.5,10.3,0.212,0.204
6.7819e-03,10.5,10.7,0.208,0.216
6.7896e-03,10.5,10.3,0.212,0.204
6.7972e-03,10.3,10.7,0.212,0.216
6.8049e-03,10.3,10.3,0.212,0.204
6.8126e-03,10.3,10.5,0.212,0.216
6.8203e-03,10.3,10.1,0.212,0.204
6.8280e-03,10.3,10.5,0.212,0.22
6.8356e-03,10.3,10.1,0.212,0.204
6.8433e-03,10.3,10.5,0.212,0.216
6.8510e-03,10.3,10.1,0.212,0.204
6.8587e-03,10.3,10.5,0.212,0.216
6.8664e-03,10.3,10.1,0.212,0.204
6.8740e-03,10.3,10.3,0.208,0.212
6.8817e-03,10.1,9.9,0.212,0.204
6.8894e-03,10.1,10.3,0.212,0.212
6.8971e-03,10.1,9.9,0.212,0.204
6.9048e-03,10.1,10.3,0.212,0.212
6.9124e-03,10.1,9.9,0.212,0.204
6.9201e-03,10.1,10.3,0.208,0.212
6.9278e-03,10.1,9.9,0.212,0.204
6.9355e-03,10.1,10.3,0.208,0.212
6.9432e-03,10.1,9.7,0.212,0.204
6.9508e-03,10.1,10.1,0.212,0.212
6.9585e-03,9.9,9.7,0.208,0.204
6.9662e-03,9.9,10.1,0.208,0.212
6.9739e-03,9.9,9.7,0.212,0.204
6.9816e-03,9.9,10.1,0.208,0.212
6.9892e-03,9.9,9.7,0.208,0.204
6.9969e-03,9.9,9.9,0.208,0.216
7.0046e-03,9.9,9.7,0.212,0.204
7.0123e-03,9.7,9.9,0.212,0.212
7.0200e-03,9.7,9.5,0.212,0.204
7.0276e-03,9.7,9.9,0.208,0.212
7.0353e-03,9.7,9.5,0.208,0.196
7.0430e-03,9.7,9.9,0.208,0.216
7.0507e-03,9.5,9.5,0.208,0.204
7.0584e-03,9.7,9.7,0.208,0.212
7.0661e-03,9.5,9.5,0.208,0.2
7.0737e-03,9.5,9.7,0.208,0.212
7.0814e-03,9.7,9.5,0.208,0.2
7.0891e-03,9.7,9.7,0.208,0.212
7.0968e-03,9.5,9.3,0.208,0.2
7.1045e-03,9.5,9.7,0.212,0.212
7.1121e-03,9.5,9.3,0.208,0.2
7.1198e-03,9.5,9.7,0.208,0.212
7.1275e-03,9.5,9.3,0.208,0.2
7.1352e-03,9.5,9.5,0.208,0.212
7.1429e-03,9.5,9.1,0.208,0.2
7.1505e-03,9.3,9.5,0.208,0.212
7.1582e-03,9.3,9.1,0.208,0.2
7.1659e-03,9.3,9.5,0.208,0.212
7.1736e-03,9.3,9.1,0.208,0.2
7.1813e-03,9.3,9.5,0.208,0.212
7.1889e-03,9.3,9.1,0.208,0.2
7.1966e-03,9.3,9.5,0.208,0.212
7.2043e-03,9.3,9.1,0.208,0.2
7.2120e-03,9.1,9.3,0.208,0.212
7.2197e-03,9.1,8.9,0.208,0.2
7.2273e-03,9.1,9.3,0.208,0.212
7.2350e-03,9.1,8.9,0.208,0.196
7.2427e-03,9.1,9.3,0.208,0.212
7.2504e-03,9.1,8.9,0.204,0.2
7.2581e-03,9.1,9.3,0.208,0.212
7.2657e-03,9.1,8.9,0.208,0.2
7.2734e-03,9.1,9.3,0.208,0.208
7.2811e-03,8.9,8.9,0.208,0.2
7.2888e-03,8.9,9.1,0.208,0.212
7.2965e-03,8.9,8.7,0.204,0.2
7.3041e-03,9.1,9.1,0.208,0.208
7.3118e-03,8.9,8.7,0.208,0.2
7.3195e-03,8.9,9.1,0.208,0.212
7.3272e-03,8.9,8.7,0.204,0.2
7.3349e-03,8.9,9.1,0.208,0.208
7.3425e-03,8.9,8.5,0.204,0.2
7.3502e-03,8.9,9.1,0.204,0.208
7.3579e-03,8.7,8.5,0.204,0.2
7.3656e-03,8.7,8.9,0.204,0.208
7.3733e-03,8.9,8.5,0.208,0.2
7.3810e-03,8.7,8.9,0.204,0.208
7.3886e-03,8.7,8.5,0.204,0.2
7.3963e-03,8.7,8.9,0.208,0.208
7.4040e-03,8.7,8.5,0.204,0.2
7.4117e-03,8.7,8.9,0.204,0.208
7.4194e-03,8.7,8.3,0.204,0.196
7.4270e-03,8.7,8.7,0.204,0.212
7.4347e-03,8.7,8.3,0.204,0.2
7.4424e-03,8.5,8.7,0.204,0.208
7.4501e-03,8.5,8.3,0.204,0.196
7.4578e-03,8.5,8.7,0.204,0.208
7.4654e-03,8.5,8.1,0.204,0.196
7.4731e-03,8.5,8.7,0.204,0.208
7.4808e-03,8.5,8.1,0.204,0.196
7.4885e-03,8.3,8.5,0.204,0.208
7.4962e-03,8.3,8.1,0.204,0.196
7.5038e-03,8.3,8.5,0.204,0.208
7.5115e-03,8.3,8.1,0.204,0.196
7.5192e-03,8.3,8.5,0.204,0.208
7.5269e-03,8.3,7.9,0.204,0.196
7.5346e-03,8.3,8.5,0.2,0.208
7.5422e-03,8.3,7.9,0.204,0.196
7.5499e-03,8.1,8.3,0.2,0.208
7.5576e-03,8.3,7.7,0.2,0.196
7.5653e-03,8.1,8.3,0.204,0.208
7.5730e-03,8.1,7.7,0.204,0.196
7.5806e-03,7.9,8.1,0.2,0.204
7.5883e-03,7.9,7.7,0.204,0.196
7.5960e-03,7.9,8.1,0.204,0.208
7.6037e-03,7.9,7.7,0.204,0.196
7.6114e-03,7.9,8.1,0.2,0.204
7.6190e-03,7.9,7.5,0.204,0.192
7.6267e-03,7.9,8.1,0.204,0.208
7.6344e-03,7.7,7.5,0.2,0.196
7.6421e-03,7.7,7.9,0.2,0.204
7.6498e-03,7.7,7.5,0.2,0.196
7.6575e-03,7.7,7.9,0.204,0.204
7.6651e-03,7.7,7.3,0.2,0.196
7.6728e-03,7.7,7.9,0.2,0.204
7.6805e-03,7.5,7.3,0.2,0.196
7.6882e-03,7.5,7.7,0.2,0.204
7.6959e-03,7.5,7.3,0.2,0.192
7.7035e-03,7.5,7.7,0.2,0.204
7.7112e-03,7.5,7.1,0.2,0.192
7.7189e-03,7.3,7.7,0.2,0.204
7.7266e-03,7.3,7.1,0.2,0.192
7.7343e-03,7.3,7.5,0.2,0.204
7.7419e-03,7.3,7.1,0.2,0.192
7.7496e-03,7.3,7.5,0.2,0.204
7.7573e-03,7.3,6.9,0.2,0.192
7.7650e-03,7.3,7.3,0.196,0.204
7.7727e-03,7.1,6.9,0.2,0.192
7.7803e-03,7.1,7.3,0.2,0.204
7.7880e-03,7.1,6.9,0.2,0.192
7.7957e-03,7.1,7.3,0.2,0.204
7.8034e-03,6.9,6.7,0.2,0.188
7.8111e-03,7.1,7.3,0.196,0.204
7.8187e-03,7.1,6.7,0.2,0.192
7.8264e-03,7.1,7.1,0.196,0.2
7.8341e-03,6.9,6.7,0.2,0.192
7.8418e-03,6.9,7.1,0.196,0.2
7.8495e-03,6.7,6.5,0.196,0.192
7.8571e-03,6.7,7.1,0.2,0.2
7.8648e-03,6.7,6.5,0.196,0.192
7.8725e-03,6.7,6.9,0.196,0.2
7.8802e-03,6.7,6.5,0.196,0.188
7.8879e-03,6.7,6.9,0.2,0.2
7.8955e-03,6.7,6.3,0.196,0.188
7.9032e-03,6.7,6.9,0.196,0.2
7.9109e-03,6.5,6.3,0.196,0.188
7.9186e-03,6.5,6.7,0.196,0.2
7.9263e-03,6.5,6.3,0.196,0.188
7.9339e-03,6.5,6.7,0.196,0.2
7.9416e-03,6.5,6.1,0.196,0.188
7.9493e-03,6.5,6.5,0.196,0.2
7.9570e-03,6.3,6.1,0.196,0.188
7.9647e-03,6.3,6.5,0.196,0.2
7.9724e-03,6.3,6.1,0.196,0.188
7.9800e-03,6.3,6.5,0.196,0.2
7.9877e-03,6.3,5.9,0.196,0.188
7.9954e-03,6.3,6.5,0.196,0.196
8.0031e-03,6.1,5.9,0.196,0.188
8.0108e-03,6.1,6.3,0.192,0.196
8.0184e-03,6.1,5.9,0.196,0.188
8.0261e-03,6.1,6.3,0.196,0.196
8.0338e-03,6.1,5.7,0.192,0.188
8.0415e-03,6.1,6.1,0.192,0.196
8.0492e-03,5.9,5.7,0.192,0.184
8.0568e-03,5.9,6.1,0.192,0.2
8.0645e-03,5.9,5.7,0.192,0.184
8.0722e-03,5.9,6.1,0.192,0.196
8.0799e-03,5.9,5.5,0.192,0.184
8.0876e-03,5.9,6.1,0.192,0.196
8.0952e-03,5.9,5.5,0.192,0.184
8.1029e-03,5.7,5.9,0.192,0.196
8.1106e-03,5.7,5.5,0.192,0.184
8.1183e-03,5.7,5.9,0.192,0.196
8.1260e-03,5.7,5.5,0.192,0.184
8.1336e-03,5.7,5.9,0.192,0.196
8.1413e-03,5.7,5.3,0.188,0.184
8.1490e-03,5.7,5.9,0.188,0.196
8.1567e-03,5.7,5.3,0.192,0.18
8.1644e-03,5.5,5.7,0.192,0.196
8.1720e-03,5.5,5.3,0.188,0.184
8.1797e-03,5.7,5.7,0.192,0.192
8.1874e-03,5.5,5.1,0.188,0.184
8.1951e-03,5.5,5.7,0.192,0.192
8.2028e-03,5.5,5.1,0.188,0.184
8.2104e-03,5.3,5.5,0.188,0.192
8.2181e-03,5.3,5.1,0.188,0.184
8.2258e-03,5.3,5.5,0.188,0.192
8.2335e-03,5.3,5.1,0.188,0.184
8.2412e-03,5.3,5.5,0.188,0.192
8.2488e-03,5.3,5.1,0.188,0.18
8.2565e-03,5.3,5.5,0.188,0.196
8.2642e-03,5.1,4.9,0.188,0.18
8.2719e-03,5.1,5.3,0.188,0.192
8.2796e-03,5.1,4.9,0.188,0.18
8.2873e-03,5.1,5.3,0.188,0.192
8.2949e-03,5.1,4.9,0.188,0.18
8.3026e-03,5.1,5.3,0.188,0.192
8.3103e-03,5.1,4.7,0.188,0.18
8.3180e-03,5.1,5.1,0.184,0.192
8.3257e-03,4.9,4.7,0.184,0.18
8.3333e-03,5.1,5.1,0.184,0.188
8.3410e-03,5.1,4.7,0.188,0.18
8.3487e-03,4.9,5.1,0.184,0.188
8.3564e-03,4.9,4.7,0.184,0.18
8.3641e-03,4.9,5.1,0.184,0.188
8.3717e-03,4.9,4.7,0.184,0.18
8.3794e-03,4.9,5.1,0.188,0.188
8.3871e-03,4.7,4.5,0.184,0.176
8.3948e-03,4.7,4.9,0.184,0.192
8.4025e-03,4.7,4.5,0.184,0.18
8.4101e-03,4.7,4.9,0.188,0.188
8.4178e-03,4.9,4.5,0.184,0.176
8.4255e-03,4.7,4.9,0.184,0.188
8.4332e-03,4.7,4.5,0.184,0.176
8.4409e-03,4.7,4.7,0.184,0.188
8.4485e-03,4.5,4.3,0.184,0.176
8.4562e-03,4.5,4.7,0.184,0.188
8.4639e-03,4.7,4.3,0.184,0.176
8.4716e-03,4.5,4.7,0.184,0.188
8.4793e-03,4.5,4.3,0.184,0.176
8.4869e-03,4.5,4.7,0.18,0.188
8.4946e-03,4.5,4.3,0.184,0.176
8.5023e-03,4.5,4.5,0.18,0.184
8.5100e-03,4.5,4.1,0.18,0.176
8.5177e-03,4.3,4.5,0.18,0.184
8.5253e-03,4.3,4.1,0.18,0.176
8.5330e-03,4.3,4.5,0.18,0.184
8.5407e-03,4.3,4.1,0.18,0.176
8.5484e-03,4.3,4.5,0.18,0.184
8.5561e-03,4.3,3.9,0.18,0.176
8.5637e-03,4.1,4.3,0.18,0.184
8.5714e-03,4.3,3.9,0.18,0.176
8.5791e-03,4.1,4.3,0.18,0.184
8.5868e-03,4.1,3.9,0.18,0.172
8.5945e-03,4.1,4.3,0.18,0.184
8.6022e-03,4.1,3.9,0.18,0.172
8.6098e-03,4.1,4.3,0.18,0.184
8.6175e-03,4.1,3.7,0.18,0.172
8.6252e-03,4.1,4.1,0.18,0.184
8.6329e-03,3.9,3.7,0.18,0.172
8.6406e-03,3.9,4.1,0.18,0.184
8.6482e-03,3.9,3.7,0.176,0.172
8.6559e-03,3.9,4.1,0.18,0.18
8.6636e-03,3.9,3.7,0.176,0.172
8.6713e-03,3.7,4.1,0.18,0.18
8.6790e-03,3.9,3.5,0.18,0.172
8.6866e-03,3.9,3.9,0.176,0.18
8.6943e-03,3.7,3.5,0.176,0.172
8.7020e-03,3.7,3.9,0.176,0.18
8.7097e-03,3.7,3.5,0.176,0.172
8.7174e-03,3.7,3.9,0.176,0.18
8.7250e-03,3.7,3.5,0.18,0.168
8.7327e-03,3.7,3.7,0.176,0.18
8.7404e-03,3.7,3.3,0.176,0.168
8.7481e-03,3.5,3.7,0.176,0.18
8.7558e-03,3.7,3.3,0.176,0.168
8.7634e-03,3.5,3.7,0.176,0.18
8.7711e-03,3.5,3.3,0.176,0.168
8.7788e-03,3.5,3.7,0.172,0.176
8.7865e-03,3.5,3.1,0.176,0.168
8.7942e-03,3.5,3.5,0.176,0.18
8.8018e-03,3.3,3.1,0.176,0.168
8.8095e-03,3.3,3.5,0.176,0.176
8.8172e-03,3.3,3.1,0.176,0.168
8.8249e-03,3.3,3.5,0.176,0.176
8.8326e-03,3.3,3.1,0.172,0.168
8.8402e-03,3.3,3.5,0.172,0.176
8.8479e-03,3.3,2.9,0.176,0.168
8.8556e-03,3.1,3.5,0.168,0.176
8.8633e-03,3.1,2.9,0.172,0.164
8.8710e-03,3.3,3.3,0.172,0.176
8.8786e-03,3.1,2.9,0.172,0.164
8.8863e-03,3.1,3.3,0.168,0.176
8.8940e-03,3.1,2.9,0.172,0.164
8.9017e-03,3.1,3.3,0.172,0.176
8.9094e-03,3.1,2.7,0.168,0.164
8.9171e-03,3.1,3.3,0.172,0.176
8.9247e-03,3.1,2.7,0.168,0.164
8.9324e-03,2.9,3.1,0.172,0.172
8.9401e-03,3.1,2.7,0.168,0.164
8.9478e-03,2.9,3.1,0.168,0.172
8.9555e-03,2.9,2.7,0.168,0.164
8.9631e-03,2.9,3.1,0.168,0.172
8.9708e-03,2.9,2.5,0.168,0.164
8.9785e-03,2.9,3.1,0.168,0.172
8.9862e-03,2.9,2.5,0.168,0.164
8.9939e-03,2.9,2.9,0.168,0.172
9.0015e-03,2.7,2.5,0.168,0.16
9.0092e-03,2.7,2.9,0.168,0.172
9.0169e-03,2.7,2.5,0.168,0.16
9.0246e-03,2.7,2.9,0.164,0.168
9.0323e-03,2.7,2.3,0.164,0.16
9.0399e-03,2.7,2.9,0.168,0.168
9.0476e-03,2.7,2.3,0.168,0.16
9.0553e-03,2.7,2.7,0.164,0.168
9.0630e-03,2.7,2.3,0.168,0.16
9.0707e-03,2.7,2.7,0.164,0.168
9.0783e-03,2.5,2.3,0.164,0.16
9.0860e-03,2.5,2.7,0.164,0.168
9.0937e-03,2.5,2.1,0.164,0.16
9.1014e-03,2.5,2.7,0.164,0.168
9.1091e-03,2.5,2.1,0.164,0.16
9.1167e-03,2.5,2.7,0.164,0.168
9.1244e-03,2.5,2.1,0.164,0.156
9.1321e-03,2.3,2.5,0.164,0.168
9.1398e-03,2.3,2.1,0.164,0.156
9.1475e-03,2.3,2.5,0.164,0.168
9.1551e-03,2.3,1.9,0.164,0.156
9.1628e-03,2.3,2.5,0.164,0.168
9.1705e-03,2.3,1.9,0.16,0.156
9.1782e-03,2.3,2.3,0.16,0.164
9.1859e-03,2.1,1.9,0.164,0.156
9.1935e-03,2.3,2.3,0.16,0.164
9.2012e-03,2.1,1.9,0.16,0.156
9.2089e-03,2.1,2.3,0.16,0.164
9.2166e-03,2.1,1.9,0.16,0.152
9.2243e-03,2.3,2.3,0.16,0.164
9.2320e-03,2.1,1.7,0.16,0.156
9.2396e-03,2.1,2.3,0.16,0.164
9.2473e-03,2.1,1.7,0.156,0.156
9.2550e-03,1.9,2.1,0.16,0.164
9.2627e-03,2.1,1.7,0.16,0.156
9.2704e-03,1.9,2.1,0.16,0.16
9.2780e-03,2.1,1.7,0.16,0.152
9.2857e-03,1.9,2.1,0.156,0.16
9.2934e-03,1.9,1.7,0.16,0.152
9.3011e-03,1.9,2.1,0.156,0.16
9.3088e-03,1.9,1.5,0.156,0.152
9.3164e-03,1.9,1.9,0.156,0.16
9.3241e-03,1.7,1.5,0.156,0.152
9.3318e-03,1.7,1.9,0.156,0.16
9.3395e-03,1.7,1.5,0.156,0.152
9.3472e-03,1.9,1.9,0.156,0.16
9.3548e-03,1.7,1.3,0.156,0.152
9.3625e-03,1.7,1.9,0.156,0.16
9.3702e-03,1.7,1.3,0.156,0.148
9.3779e-03,1.7,1.9,0.156,0.16
9.3856e-03,1.7,1.3,0.156,0.148
9.3932e-03,1.5,1.7,0.156,0.16
9.4009e-03,1.7,1.3,0.152,0.148
9.4086e-03,1.5,1.7,0.152,0.156
9.4163e-03,1.5,1.1,0.152,0.148
9.4240e-03,1.5,1.7,0.152,0.156
9.4316e-03,1.5,1.1,0.156,0.148
9.4393e-03,1.5,1.7,0.152,0.156
9.4470e-03,1.3,1.1,0.152,0.148
9.4547e-03,1.3,1.5,0.152,0.156
9.4624e-03,1.5,1.1,0.152,0.148
9.4700e-03,1.3,1.5,0.152,0.156
9.4777e-03,1.3,1.1,0.152,0.148
9.4854e-03,1.3,1.5,0.152,0.156
9.4931e-03,1.3,1.1,0.152,0.144
9.5008e-03,1.3,1.5,0.152,0.156
9.5084e-03,1.3,1.1,0.148,0.144
9.5161e-03,1.3,1.5,0.152,0.152
9.5238e-03,1.3,0.9,0.148,0.144
9.5315e-03,1.3,1.3,0.148,0.152
9.5392e-03,1.1,0.9,0.148,0.144
9.5469e-03,1.1,1.3,0.148,0.152
9.5545e-03,1.1,0.9,0.148,0.144
9.5622e-03,1.1,1.3,0.148,0.152
9.5699e-03,1.1,0.9,0.148,0.144
9.5776e-03,1.1,1.3,0.148,0.152
9.5853e-03,1.1,0.9,0.148,0.144
9.5929e-03,1.1,1.3,0.148,0.152
9.6006e-03,1.1,0.7,0.148,0.14
9.6083e-03,1.1,1.1,0.148,0.148
9.6160e-03,0.9,0.7,0.144,0.14
9.6237e-03,0.9,1.1,0.148,0.148
9.6313e-03,0.9,0.7,0.148,0.14
9.6390e-03,0.9,1.1,0.144,0.148
9.6467e-03,1.1,0.7,0.144,0.14
9.6544e-03,0.9,1.1,0.148,0.148
9.6621e-03,0.9,0.5,0.144,0.14
9.6697e-03,0.9,1.1,0.144,0.148
9.6774e-03,0.9,0.5,0.144,0.14
9.6851e-03,0.9,0.9,0.144,0.148
9.6928e-03,0.7,0.5,0.144,0.136
9.7005e-03,0.9,0.9,0.144,0.148
9.7081e-03,0.9,0.5,0.14,0.136
9.7158e-03,0.7,0.9,0.144,0.148
9.7235e-03,0.7,0.5,0.14,0.136
9.7312e-03,0.7,0.9,0.14,0.144
9.7389e-03,0.7,0.3,0.14,0.136
9.7465e-03,0.7,0.9,0.14,0.144
9.7542e-03,0.5,0.3,0.14,0.136
9.7619e-03,0.7,0.7,0.14,0.144
9.7696e-03,0.5,0.3,0.14,0.136
9.7773e-03,0.5,0.7,0.14,0.144
9.7849e-03,0.5,0.3,0.14,0.132
9.7926e-03,0.7,0.7,0.14,0.144
9.8003e-03,0.5,0.3,0.14,0.132
9.8080e-03,0.5,0.7,0.14,0.14
9.8157e-03,0.5,0.3,0.14,0.132
9.8233e-03,0.5,0.7,0.14,0.14
9.8310e-03,0.5,0.1,0.136,0.132
9.8387e-03,0.5,0.5,0.136,0.14
9.8464e-03,0.5,0.1,0.136,0.132
9.8541e-03,0.3,0.5,0.136,0.14
9.8618e-03,0.3,0.1,0.136,0.128
9.8694e-03,0.3,0.5,0.132,0.144
9.8771e-03,0.5,0.1,0.136,0.132
9.8848e-03,0.3,0.5,0.136,0.14
9.8925e-03,0.3,0.1,0.136,0.128
9.9002e-03,0.3,0.5,0.136,0.136
9.9078e-03,0.3,-0.1,0.136,0.128
9.9155e-03,0.3,0.5,0.136,0.136
9.9232e-03,0.3,-0.1,0.132,0.128
9.9309e-03,0.3,0.3,0.132,0.136
9.9386e-03,0.3,-0.1,0.132,0.128
9.9462e-03,0.1,0.3,0.132,0.136
9.9539e-03,0.1,-0.1,0.132,0.128
9.9616e-03,0.1,0.3,0.132,0.136
9.9693e-03,0.1,-0.1,0.132,0.128
9.9770e-03,0.1,0.3,0.132,0.136
9.9846e-03,0.1,-0.1,0.132,0.124
9.9923e-03,0.1,0.3,0.128,0.132
1.0000e-02,0.1,-0.3,0.132,0.124
1.0008e-02,0.1,0.3,0.132,0.132
1.0015e-02,0.1,-0.3,0.128,0.124
1.0023e-02,0.1,0.1,0.128,0.132
1.0031e-02,-0.1,-0.3,0.132,0.124
1.0038e-02,0.1,0.1,0.128,0.132
1.0046e-02,-0.1,-0.3,0.128,0.124
1.0054e-02,0.1,0.1,0.124,0.132
1.0061e-02,-0.1,-0.3,0.128,0.12
1.0069e-02,-0.1,0.1,0.128,0.136
1.0077e-02,-0.1,-0.3,0.128,0.12
1.0084e-02,-0.1,0.1,0.124,0.128
1.0092e-02,-0.1,-0.5,0.124,0.12
1.0100e-02,-0.1,0.1,0.124,0.128
1.0108e-02,-0.1,-0.5,0.124,0.12
1.0115e-02,-0.1,-0.1,0.124,0.128
1.0123e-02,-0.3,-0.5,0.124,0.12
1.0131e-02,-0.3,-0.1,0.124,0.128
1.0138e-02,-0.1,-0.5,0.124,0.12
1.0146e-02,-0.3,-0.1,0.124,0.128
1.0154e-02,-0.3,-0.5,0.12,0.116
1.0161e-02,-0.3,-0.1,0.124,0.128
1.0169e-02,-0.3,-0.7,0.12,0.116
1.0177e-02,-0.3,-0.1,0.12,0.124
1.0184e-02,-0.3,-0.7,0.12,0.116
1.0192e-02,-0.3,-0.1,0.12,0.124
1.0200e-02,-0.3,-0.7,0.12,0.116
1.0207e-02,-0.3,-0.1,0.12,0.124
1.0215e-02,-0.3,-0.7,0.12,0.116
1.0223e-02,-0.3,-0.3,0.12,0.124
1.0230e-02,-0.5,-0.7,0.12,0.116
1.0238e-02,-0.5,-0.3,0.12,0.124
1.0246e-02,-0.5,-0.7,0.12,0.112
1.0253e-02,-0.3,-0.3,0.116,0.12
1.0261e-02,-0.5,-0.7,0.116,0.108
1.0269e-02,-0.5,-0.3,0.112,0.124
1.0276e-02,-0.5,-0.7,0.116,0.112
1.0284e-02,-0.5,-0.3,0.116,0.12
1.0292e-02,-0.5,-0.7,0.116,0.112
1.0300e-02,-0.5,-0.3,0.116,0.12
1.0307e-02,-0.7,-0.9,0.116,0.112
1.0315e-02,-0.7,-0.5,0.116,0.12
1.0323e-02,-0.7,-0.9,0.112,0.108
1.0330e-02,-0.5,-0.5,0.112,0.116
1.0338e-02,-0.5,-0.9,0.112,0.108
1.0346e-02,-0.7,-0.5,0.112,0.116
1.0353e-02,-0.7,-0.9,0.112,0.108
1.0361e-02,-0.7,-0.5,0.112,0.116
1.0369e-02,-0.7,-0.9,0.112,0.108
1.0376e-02,-0.7,-0.5,0.112,0.116
1.0384e-02,-0.7,-1.1,0.112,0.108
1.0392e-02,-0.7,-0.5,0.108,0.112
1.0399e-02,-0.7,-1.1,0.108,0.104
1.0407e-02,-0.7,-0.5,0.108,0.112
1.0415e-02,-0.7,-0.9,0.108,0.104
1.0422e-02,-0.7,-0.7,0.108,0.112
1.0430e-02,-0.9,-1.1,0.108,0.104
1.0438e-02,-0.9,-0.7,0.108,0.112
1.0445e-02,-0.7,-1.1,0.108,0.1
1.0453e-02,-0.9,-0.7,0.108,0.112
1.0461e-02,-0.9,-1.1,0.104,0.104
1.0469e-02,-0.9,-0.7,0.104,0.108
1.0476e-02,-0.7,-1.1,0.104,0.1
1.0484e-02,-0.9,-0.7,0.104,0.108
1.0492e-02,-0.9,-1.1,0.104,0.1
1.0499e-02,-0.9,-0.7,0.104,0.108
1.0507e-02,-0.9,-1.1,0.104,0.1
1.0515e-02,-0.9,-0.7,0.104,0.108
1.0522e-02,-0.9,-1.1,0.104,0.1
1.0530e-02,-0.9,-0.7,0.1,0.108
1.0538e-02,-0.9,-1.3,0.1,0.096
1.0545e-02,-0.9,-0.9,0.1,0.104
1.0553e-02,-0.9,-1.3,0.1,0.096
1.0561e-02,-0.9,-0.9,0.1,0.104
1.0568e-02,-0.9,-1.3,0.1,0.096
1.0576e-02,-0.9,-0.9,0.1,0.104
1.0584e-02,-1.1,-1.3,0.1,0.096
1.0591e-02,-1.1,-0.9,0.096,0.104
1.0599e-02,-0.9,-1.3,0.1,0.092
1.0607e-02,-1.1,-0.9,0.1,0.104
1.0614e-02,-0.9,-1.3,0.096,0.092
1.0622e-02,-1.1,-0.9,0.096,0.1
1.0630e-02,-1.1,-1.3,0.096,0.092
1.0637e-02,-1.1,-0.9,0.096,0.1
1.0645e-02,-1.1,-1.3,0.096,0.092
1.0653e-02,-1.1,-0.9,0.1,0.1
1.0661e-02,-1.1,-1.3,0.096,0.092
1.0668e-02,-1.1,-0.9,0.096,0.1
1.0676e-02,-1.1,-1.3,0.092,0.092
1.0684e-02,-1.1,-0.9,0.092,0.096
1.0691e-02,-1.1,-1.3,0.092,0.088
1.0699e-02,-1.3,-0.9,0.096,0.096
1.0707e-02,-1.3,-1.5,0.092,0.088
1.0714e-02,-1.1,-1.1,0.092,0.096
1.0722e-02,-1.1,-1.5,0.092,0.084
1.0730e-02,-1.3,-1.1,0.092,0.1
1.0737e-02,-1.3,-1.5,0.092,0.088
1.0745e-02,-1.3,-1.1,0.092,0.096
1.0753e-02,-1.3,-1.5,0.092,0.084
1.0760e-02,-1.1,-1.1,0.092,0.096
1.0768e-02,-1.3,-1.5,0.092,0.084
1.0776e-02,-1.3,-1.1,0.088,0.092
1.0783e-02,-1.3,-1.5,0.088,0.084
1.0791e-02,-1.3,-1.1,0.088,0.092
1.0799e-02,-1.3,-1.5,0.088,0.084
1.0806e-02,-1.3,-1.1,0.088,0.092
1.0814e-02,-1.3,-1.5,0.088,0.08
1.0822e-02,-1.5,-1.1,0.084,0.092
1.0829e-02,-1.3,-1.5,0.088,0.08
1.0837e-02,-1.3,-1.3,0.088,0.092
1.0845e-02,-1.3,-1.7,0.084,0.08
1.0853e-02,-1.3,-1.3,0.084,0.088
1.0860e-02,-1.5,-1.7,0.084,0.08
1.0868e-02,-1.3,-1.3,0.084,0.088
1.0876e-02,-1.3,-1.7,0.084,0.08
1.0883e-02,-1.5,-1.3,0.084,0.088
1.0891e-02,-1.5,-1.7,0.084,0.076
1.0899e-02,-1.5,-1.3,0.084,0.084
1.0906e-02,-1.5,-1.7,0.084,0.076
1.0914e-02,-1.5,-1.3,0.08,0.084
1.0922e-02,-1.5,-1.7,0.08,0.076
1.0929e-02,-1.5,-1.3,0.08,0.084
1.0937e-02,-1.5,-1.7,0.08,0.076
1.0945e-02,-1.5,-1.3,0.08,0.084
1.0952e-02,-1.5,-1.7,0.08,0.076
1.0960e-02,-1.5,-1.3,0.076,0.084
1.0968e-02,-1.5,-1.7,0.076,0.072
1.0975e-02,-1.5,-1.3,0.08,0.08
1.0983e-02,-1.5,-1.7,0.08,0.072
1.0991e-02,-1.5,-1.5,0.076,0.08
1.0998e-02,-1.5,-1.7,0.076,0.072
1.1006e-02,-1.5,-1.5,0.076,0.08
1.1014e-02,-1.5,-1.9,0.076,0.072
1.1022e-02,-1.5,-1.5,0.076,0.08
1.1029e-02,-1.7,-1.9,0.076,0.064
1.1037e-02,-1.7,-1.5,0.072,0.08
1.1045e-02,-1.7,-1.9,0.072,0.068
1.1052e-02,-1.7,-1.5,0.072,0.076
1.1060e-02,-1.7,-1.9,0.072,0.068
1.1068e-02,-1.5,-1.5,0.072,0.076
1.1075e-02,-1.7,-1.9,0.072,0.068
1.1083e-02,-1.7,-1.5,0.072,0.076
1.1091e-02,-1.7,-1.9,0.068,0.064
1.1098e-02,-1.7,-1.5,0.068,0.072
1.1106e-02,-1.7,-1.9,0.072,0.064
1.1114e-02,-1.9,-1.5,0.068,0.072
1.1121e-02,-1.7,-1.9,0.068,0.064
1.1129e-02,-1.7,-1.5,0.068,0.072
1.1137e-02,-1.7,-2.1,0.068,0.064
1.1144e-02,-1.7,-1.7,0.068,0.072
1.1152e-02,-1.7,-1.9,0.068,0.06
1.1160e-02,-1.7,-1.5,0.068,0.068
1.1167e-02,-1.7,-2.1,0.064,0.056
1.1175e-02,-1.7,-1.7,0.064,0.072
1.1183e-02,-1.9,-2.1,0.064,0.06
1.1190e-02,-1.7,-1.7,0.064,0.068
1.1198e-02,-1.7,-2.1,0.06,0.06
1.1206e-02,-1.9,-1.7,0.064,0.064
1.1214e-02,-1.9,-2.1,0.06,0.056
1.1221e-02,-1.9,-1.7,0.064,0.064
1.1229e-02,-1.9,-2.1,0.06,0.056
1.1237e-02,-1.9,-1.7,0.06,0.064
1.1244e-02,-1.9,-2.1,0.06,0.052
1.1252e-02,-1.7,-1.7,0.06,0.064
1.1260e-02,-1.9,-2.1,0.06,0.052
1.1267e-02,-1.9,-1.7,0.06,0.064
1.1275e-02,-1.9,-2.1,0.056,0.052
1.1283e-02,-1.9,-1.7,0.056,0.06
1.1290e-02,-1.9,-2.1,0.056,0.052
1.1298e-02,-1.9,-1.7,0.056,0.06
1.1306e-02,-1.9,-2.1,0.056,0.048
1.1313e-02,-1.9,-1.7,0.056,0.06
1.1321e-02,-1.9,-2.1,0.056,0.048
1.1329e-02,-1.9,-1.7,0.052,0.056
1.1336e-02,-1.9,-2.1,0.056,0.048
1.1344e-02,-1.9,-1.7,0.056,0.056
1.1352e-02,-1.9,-2.3,0.052,0.048
1.1359e-02,-1.9,-1.7,0.052,0.056
1.1367e-02,-1.9,-2.1,0.052,0.048
1.1375e-02,-1.9,-1.7,0.052,0.056
1.1382e-02,-1.9,-2.1,0.052,0.044
1.1390e-02,-2.1,-1.7,0.048,0.056
1.1398e-02,-1.9,-2.3,0.048,0.044
1.1406e-02,-1.9,-1.9,0.048,0.052
1.1413e-02,-1.9,-2.3,0.048,0.044
1.1421e-02,-1.9,-1.9,0.048,0.052
1.1429e-02,-2.1,-2.3,0.048,0.04
1.1436e-02,-2.1,-1.9,0.048,0.052
1.1444e-02,-1.9,-2.3,0.044,0.04
1.1452e-02,-1.9,-1.9,0.048,0.052
1.1459e-02,-1.9,-2.3,0.044,0.04
1.1467e-02,-2.1,-1.9,0.044,0.048
1.1475e-02,-1.9,-2.3,0.044,0.036
1.1482e-02,-2.1,-1.9,0.044,0.048
1.1490e-02,-1.9,-2.3,0.044,0.036
1.1498e-02,-2.1,-1.9,0.044,0.048
1.1505e-02,-2.1,-2.3,0.044,0.036
1.1513e-02,-2.1,-1.9,0.04,0.044
1.1521e-02,-1.9,-2.3,0.04,0.032
1.1528e-02,-2.1,-1.9,0.04,0.044
1.1536e-02,-2.1,-2.3,0.04,0.032
1.1544e-02,-2.1,-1.9,0.04,0.044
1.1551e-02,-2.1,-2.3,0.04,0.032
1.1559e-02,-2.1,-1.9,0.04,0.044
1.1567e-02,-2.1,-2.3,0.04,0.032
1.1575e-02,-2.1,-1.9,0.036,0.04
1.1582e-02,-2.1,-2.3,0.036,0.028
1.1590e-02,-2.1,-1.9,0.036,0.04
1.1598e-02,-2.1,-2.3,0.036,0.028
1.1605e-02,-2.1,-1.9,0.036,0.04
1.1613e-02,-2.1,-2.3,0.036,0.028
1.1621e-02,-2.1,-1.9,0.036,0.036
1.1628e-02,-2.3,-2.3,0.032,0.024
1.1636e-02,-2.1,-1.9,0.032,0.036
1.1644e-02,-2.1,-2.3,0.032,0.024
1.1651e-02,-2.1,-1.9,0.032,0.04
1.1659e-02,-2.1,-2.3,0.032,0.024
1.1667e-02,-2.1,-2.1,0.032,0.036
1.1674e-02,-2.1,-2.5,0.032,0.024
1.1682e-02,-2.1,-1.9,0.028,0.032
1.1690e-02,-2.3,-2.5,0.032,0.02
1.1697e-02,-2.3,-2.1,0.028,0.032
1.1705e-02,-2.1,-2.5,0.028,0.02
1.1713e-02,-2.1,-2.1,0.028,0.032
1.1720e-02,-2.1,-2.5,0.028,0.02
1.1728e-02,-2.3,-2.1,0.028,0.032
1.1736e-02,-2.3,-2.5,0.028,0.016
1.1743e-02,-2.1,-2.1,0.028,0.028
1.1751e-02,-2.1,-2.5,0.024,0.016
1.1759e-02,-2.1,-2.1,0.024,0.028
1.1767e-02,-2.3,-2.5,0.024,0.016
1.1774e-02,-2.3,-2.1,0.024,0.028
1.1782e-02,-2.3,-2.5,0.024,0.012
1.1790e-02,-2.3,-2.1,0.02,0.028
1.1797e-02,-2.3,-2.5,0.02,0.012
1.1805e-02,-2.3,-2.1,0.02,0.024
1.1813e-02,-2.3,-2.5,0.02,0.012
1.1820e-02,-2.3,-2.1,0.02,0.024
1.1828e-02,-2.3,-2.5,0.02,0.012
1.1836e-02,-2.3,-2.1,0.02,0.02
1.1843e-02,-2.3,-2.5,0.016,0.008
1.1851e-02,-2.3,-2.1,0.016,0.024
1.1859e-02,-2.3,-2.5,0.016,0.008
1.1866e-02,-2.3,-2.1,0.016,0.02
1.1874e-02,-2.3,-2.5,0.016,0.008
1.1882e-02,-2.3,-2.1,0.012,0.02
1.1889e-02,-2.3,-2.5,0.012,0.008
1.1897e-02,-2.3,-2.1,0.016,0.02
1.1905e-02,-2.3,-2.7,0.016,0.008
1.1912e-02,-2.3,-2.1,0.012,0.016
1.1920e-02,-2.3,-2.7,0.012,0.004
1.1928e-02,-2.3,-2.3,0.012,0.016
1.1935e-02,-2.3,-2.7,0.012,0.004
1.1943e-02,-2.3,-2.3,0.012,0.012
1.1951e-02,-2.3,-2.7,0.008,0.004
1.1959e-02,-2.5,-2.3,0.012,0.012
1.1966e-02,-2.3,-2.7,0.008,8.9407e-11
1.1974e-02,-2.5,-2.3,0.008,0.012
1.1982e-02,-2.5,-2.7,0.008,8.9407e-11
1.1989e-02,-2.3,-2.3,0.008,0.012
1.1997e-02,-2.5,-2.7,0.008,8.9407e-11
1.2005e-02,-2.5,-2.3,0.004,0.008
1.2012e-02,-2.5,-2.7,0.004,8.9407e-11
1.2020e-02,-2.5,-2.3,0.004,0.008
1.2028e-02,-2.5,-2.7,0.004,-0.004
1.2035e-02,-2.5,-2.3,0.004,0.008
1.2043e-02,-2.3,-2.7,0.004,-0.004
1.2051e-02,-2.5,-2.3,8.9407e-11,0.004
1.2058e-02,-2.5,-2.7,8.9407e-11,-0.008
1.2066e-02,-2.5,-2.3,8.9407e-11,0.008
1.2074e-02,-2.5,-2.7,8.9407e-11,-0.008
1.2081e-02,-2.5,-2.3,8.9407e-11,0.004
1.2089e-02,-2.5,-2.9,8.9407e-11,-0.008
1.2097e-02,-2.5,-2.3,8.9407e-11,0.004
1.2104e-02,-2.5,-2.9,-0.004,-0.008
1.2112e-02,-2.5,-2.3,-0.004,8.9407e-11
1.2120e-02,-2.7,-2.9,-0.004,-0.012
1.2127e-02,-2.5,-2.5,-0.004,8.9407e-11
1.2135e-02,-2.7,-2.9,-0.004,-0.012
1.2143e-02,-2.7,-2.5,-0.004,8.9407e-11
1.2151e-02,-2.5,-2.9,-0.008,-0.012
1.2158e-02,-2.5,-2.5,-0.004,-0.004
1.2166e-02,-2.5,-2.9,-0.008,-0.016
1.2174e-02,-2.5,-2.5,-0.008,-0.004
1.2181e-02,-2.7,-2.9,-0.008,-0.016
1.2189e-02,-2.7,-2.5,-0.012,-0.004
1.2197e-02,-2.7,-2.9,-0.008,-0.016
1.2204e-02,-2.7,-2.5,-0.012,-0.004
1.2212e-02,-2.5,-2.9,-0.012,-0.016
1.2220e-02,-2.7,-2.5,-0.012,-0.008
1.2227e-02,-2.7,-2.9,-0.012,-0.02
1.2235e-02,-2.5,-2.5,-0.016,-0.008
1.2243e-02,-2.7,-2.9,-0.016,-0.02
1.2250e-02,-2.7,-2.5,-0.016,-0.012
1.2258e-02,-2.7,-3.1,-0.016,-0.02
1.2266e-02,-2.7,-2.5,-0.016,-0.012
1.2273e-02,-2.7,-3.1,-0.016,-0.02
1.2281e-02,-2.7,-2.5,-0.016,-0.012
1.2289e-02,-2.7,-3.1,-0.016,-0.024
1.2296e-02,-2.7,-2.5,-0.016,-0.016
1.2304e-02,-2.7,-3.1,-0.02,-0.024
1.2312e-02,-2.7,-2.5,-0.02,-0.016
1.2320e-02,-2.7,-3.1,-0.02,-0.024
1.2327e-02,-2.7,-2.7,-0.02,-0.016
1.2335e-02,-2.7,-3.1,-0.02,-0.028
1.2343e-02,-2.7,-2.7,-0.02,-0.02
1.2350e-02,-2.9,-3.1,-0.02,-0.028
1.2358e-02,-2.9,-2.7,-0.024,-0.016
1.2366e-02,-2.9,-3.1,-0.024,-0.028
1.2373e-02,-2.9,-2.7,-0.024,-0.02
1.2381e-02,-2.9,-3.1,-0.024,-0.032
1.2389e-02,-2.9,-2.7,-0.028,-0.024
1.2396e-02,-2.9,-3.1,-0.028,-0.032
1.2404e-02,-2.9,-2.7,-0.028,-0.024
1.2412e-02,-2.9,-3.1,-0.028,-0.036
1.2419e-02,-2.9,-2.7,-0.028,-0.024
1.2427e-02,-2.9,-3.1,-0.028,-0.036
1.2435e-02,-2.9,-2.7,-0.032,-0.028
1.2442e-02,-2.9,-3.1,-0.032,-0.036
1.2450e-02,-2.9,-2.7,-0.032,-0.028
1.2458e-02,-2.9,-3.3,-0.032,-0.036
1.2465e-02,-2.9,-2.7,-0.032,-0.028
1.2473e-02,-2.9,-3.3,-0.036,-0.04
1.2481e-02,-3.1,-2.7,-0.036,-0.032
1.2488e-02,-2.9,-3.3,-0.036,-0.04
1.2496e-02,-2.9,-2.9,-0.036,-0.032
1.2504e-02,-2.9,-3.3,-0.036,-0.04
1.2512e-02,-2.9,-2.9,-0.036,-0.032
1.2519e-02,-2.9,-3.3,-0.036,-0.044
1.2527e-02,-3.1,-2.9,-0.036,-0.032
1.2535e-02,-3.1,-3.3,-0.04,-0.044
1.2542e-02,-3.1,-2.9,-0.04,-0.036
1.2550e-02,-3.1,-3.3,-0.04,-0.044
1.2558e-02,-2.9,-2.9,-0.036,-0.036
1.2565e-02,-3.1,-3.3,-0.04,-0.048
1.2573e-02,-3.1,-2.9,-0.04,-0.036
1.2581e-02,-3.1,-3.3,-0.044,-0.048
1.2588e-02,-3.1,-2.9,-0.04,-0.04
1.2596e-02,-2.9,-3.3,-0.044,-0.048
1.2604e-02,-3.1,-2.9,-0.044,-0.04
1.2611e-02,-3.1,-3.3,-0.044,-0.048
1.2619e-02,-3.1,-2.9,-0.044,-0.04
1.2627e-02,-3.1,-3.5,-0.044,-0.052
1.2634e-02,-3.1,-2.9,-0.044,-0.044
1.2642e-02,-3.1,-3.5,-0.048,-0.052
1.2650e-02,-3.1,-3.1,-0.048,-0.044
1.2657e-02,-3.1,-3.5,-0.048,-0.056
1.2665e-02,-3.1,-2.9,-0.048,-0.044
1.2673e-02,-3.3,-3.5,-0.048,-0.056
1.2680e-02,-3.3,-3.1,-0.048,-0.048
1.2688e-02,-3.3,-3.5,-0.052,-0.056
1.2696e-02,-3.1,-3.1,-0.052,-0.048
1.2704e-02,-3.3,-3.5,-0.052,-0.056
1.2711e-02,-3.1,-3.1,-0.052,-0.048
1.2719e-02,-3.3,-3.5,-0.052,-0.06
1.2727e-02,-3.3,-3.1,-0.052,-0.048
1.2734e-02,-3.3,-3.5,-0.056,-0.06
1.2742e-02,-3.3,-3.1,-0.056,-0.052
1.2750e-02,-3.3,-3.7,-0.056,-0.06
1.2757e-02,-3.3,-3.1,-0.056,-0.052
1.2765e-02,-3.3,-3.7,-0.056,-0.06
1.2773e-02,-3.3,-3.1,-0.056,-0.056
1.2780e-02,-3.3,-3.7,-0.056,-0.064
1.2788e-02,-3.3,-3.1,-0.056,-0.056
1.2796e-02,-3.3,-3.7,-0.06,-0.064
1.2803e-02,-3.5,-3.3,-0.06,-0.056
1.2811e-02,-3.3,-3.7,-0.06,-0.064
1.2819e-02,-3.5,-3.3,-0.06,-0.056
1.2826e-02,-3.5,-3.7,-0.064,-0.068
1.2834e-02,-3.5,-3.3,-0.064,-0.056
1.2842e-02,-3.5,-3.7,-0.064,-0.068
1.2849e-02,-3.5,-3.3,-0.064,-0.06
1.2857e-02,-3.5,-3.7,-0.064,-0.068
1.2865e-02,-3.5,-3.3,-0.064,-0.06
1.2873e-02,-3.5,-3.9,-0.064,-0.072
1.2880e-02,-3.5,-3.3,-0.068,-0.064
1.2888e-02,-3.5,-3.9,-0.068,-0.072
1.2896e-02,-3.5,-3.3,-0.068,-0.064
1.2903e-02,-3.5,-3.9,-0.068,-0.072
1.2911e-02,-3.5,-3.3,-0.068,-0.064
1.2919e-02,-3.5,-3.9,-0.072,-0.076
1.2926e-02,-3.5,-3.3,-0.072,-0.068
1.2934e-02,-3.7,-3.9,-0.072,-0.076
1.2942e-02,-3.7,-3.5,-0.072,-0.068
1.2949e-02,-3.5,-3.9,-0.072,-0.076
1.2957e-02,-3.7,-3.5,-0.072,-0.068
1.2965e-02,-3.5,-3.9,-0.072,-0.08
1.2972e-02,-3.7,-3.5,-0.072,-0.072
1.2980e-02,-3.7,-3.9,-0.076,-0.08
1.2988e-02,-3.7,-3.5,-0.076,-0.072
1.2995e-02,-3.7,-3.9,-0.076,-0.08
1.3003e-02,-3.7,-3.5,-0.076,-0.072
1.3011e-02,-3.7,-4.1,-0.08,-0.084
1.3018e-02,-3.7,-3.5,-0.08,-0.076
1.3026e-02,-3.7,-4.1,-0.08,-0.084
1.3034e-02,-3.7,-3.5,-0.08,-0.076
1.3041e-02,-3.9,-4.1,-0.08,-0.084
1.3049e-02,-3.7,-3.7,-0.08,-0.076
1.3057e-02,-3.7,-4.1,-0.08,-0.084
1.3065e-02,-3.7,-3.7,-0.08,-0.076
1.3072e-02,-3.9,-4.1,-0.084,-0.088
1.3080e-02,-3.9,-3.7,-0.084,-0.08
1.3088e-02,-3.9,-4.1,-0.084,-0.088
1.3095e-02,-3.9,-3.7,-0.084,-0.08
1.3103e-02,-3.9,-4.1,-0.084,-0.088
1.3111e-02,-3.9,-3.7,-0.084,-0.08
1.3118e-02,-3.9,-4.1,-0.084,-0.092
1.3126e-02,-3.9,-3.7,-0.084,-0.084
1.3134e-02,-3.9,-4.1,-0.084,-0.092
1.3141e-02,-3.9,-3.7,-0.088,-0.084
1.3149e-02,-3.9,-4.3,-0.088,-0.092
1.3157e-02,-3.9,-3.7,-0.088,-0.084
1.3164e-02,-3.9,-4.3,-0.092,-0.092
1.3172e-02,-3.9,-3.9,-0.088,-0.084
1.3180e-02,-4.1,-4.3,-0.092,-0.096
1.3187e-02,-4.1,-3.9,-0.092,-0.088
1.3195e-02,-4.1,-4.3,-0.092,-0.096
1.3203e-02,-4.1,-3.9,-0.092,-0.088
1.3210e-02,-4.1,-4.3,-0.092,-0.096
1.3218e-02,-4.1,-3.9,-0.096,-0.088
1.3226e-02,-4.1,-4.3,-0.096,-0.1
1.3233e-02,-4.1,-3.9,-0.096,-0.092
1.3241e-02,-4.1,-4.5,-0.096,-0.1
1.3249e-02,-4.1,-3.9,-0.096,-0.092
1.3257e-02,-4.1,-4.5,-0.096,-0.1
1.3264e-02,-4.1,-3.9,-0.096,-0.092
1.3272e-02,-4.1,-4.5,-0.096,-0.1
1.3280e-02,-4.3,-3.9,-0.1,-0.092
1.3287e-02,-4.1,-4.5,-0.1,-0.104
1.3295e-02,-4.1,-4.1,-0.1,-0.096
1.3303e-02,-4.3,-4.5,-0.1,-0.104
1.3310e-02,-4.3,-4.1,-0.1,-0.096
1.3318e-02,-4.3,-4.5,-0.1,-0.104
1.3326e-02,-4.3,-4.1,-0.1,-0.096
1.3333e-02,-4.3,-4.5,-0.104,-0.108
1.3341e-02,-4.3,-4.1,-0.104,-0.1
1.3349e-02,-4.3,-4.7,-0.104,-0.108
1.3356e-02,-4.3,-4.1,-0.104,-0.1
1.3364e-02,-4.3,-4.7,-0.104,-0.108
1.3372e-02,-4.5,-4.1,-0.104,-0.1
1.3379e-02,-4.3,-4.7,-0.104,-0.112
1.3387e-02,-4.5,-4.1,-0.108,-0.104
1.3395e-02,-4.3,-4.7,-0.108,-0.112
1.3402e-02,-4.5,-4.3,-0.108,-0.104
1.3410e-02,-4.5,-4.7,-0.108,-0.112
1.3418e-02,-4.5,-4.3,-0.108,-0.104
1.3425e-02,-4.5,-4.7,-0.108,-0.112
1.3433e-02,-4.5,-4.3,-0.108,-0.108
1.3441e-02,-4.5,-4.7,-0.112,-0.12
1.3449e-02,-4.5,-4.3,-0.112,-0.104
1.3456e-02,-4.5,-4.9,-0.112,-0.116
1.3464e-02,-4.5,-4.3,-0.112,-0.108
1.3472e-02,-4.5,-4.9,-0.112,-0.116
1.3479e-02,-4.5,-4.5,-0.112,-0.108
1.3487e-02,-4.5,-4.9,-0.112,-0.12
1.3495e-02,-4.7,-4.5,-0.112,-0.112
1.3502e-02,-4.7,-4.9,-0.116,-0.12
1.3510e-02,-4.7,-4.5,-0.116,-0.112
1.3518e-02,-4.7,-4.9,-0.116,-0.12
1.3525e-02,-4.7,-4.5,-0.116,-0.112
1.3533e-02,-4.7,-4.9,-0.116,-0.12
1.3541e-02,-4.7,-4.5,-0.12,-0.112
1.3548e-02,-4.9,-5.1,-0.12,-0.12
1.3556e-02,-4.7,-4.5,-0.12,-0.116
1.3564e-02,-4.7,-5.1,-0.12,-0.124
1.3571e-02,-4.7,-4.7,-0.12,-0.116
1.3579e-02,-4.9,-5.1,-0.12,-0.124
1.3587e-02,-4.7,-4.7,-0.12,-0.116
1.3594e-02,-4.9,-5.1,-0.12,-0.128
1.3602e-02,-4.9,-4.7,-0.12,-0.12
1.3610e-02,-4.7,-5.1,-0.124,-0.128
1.3618e-02,-4.9,-4.7,-0.124,-0.12
1.3625e-02,-4.9,-5.3,-0.124,-0.128
1.3633e-02,-4.9,-4.7,-0.124,-0.12
1.3641e-02,-4.9,-5.3,-0.128,-0.128
1.3648e-02,-4.9,-4.7,-0.128,-0.12
1.3656e-02,-4.9,-5.3,-0.124,-0.132
1.3664e-02,-5.1,-4.9,-0.128,-0.12
1.3671e-02,-5.1,-5.3,-0.128,-0.132
1.3679e-02,-5.1,-4.9,-0.128,-0.124
1.3687e-02,-5.1,-5.3,-0.128,-0.132
1.3694e-02,-5.1,-4.9,-0.128,-0.124
1.3702e-02,-5.1,-5.3,-0.132,-0.132
1.3710e-02,-5.1,-4.9,-0.128,-0.124
1.3717e-02,-5.1,-5.5,-0.128,-0.136
1.3725e-02,-5.1,-4.9,-0.132,-0.128
1.3733e-02,-5.3,-5.5,-0.132,-0.136
1.3740e-02,-5.3,-5.1,-0.132,-0.128
1.3748e-02,-5.3,-5.5,-0.132,-0.14
1.3756e-02,-5.3,-5.1,-0.132,-0.128
1.3763e-02,-5.3,-5.5,-0.132,-0.14
1.3771e-02,-5.3,-5.1,-0.136,-0.132
1.3779e-02,-5.3,-5.5,-0.136,-0.14
1.3786e-02,-5.3,-5.1,-0.132,-0.132
1.3794e-02,-5.5,-5.7,-0.136,-0.14
1.3802e-02,-5.3,-5.3,-0.136,-0.132
1.3810e-02,-5.3,-5.7,-0.136,-0.14
1.3817e-02,-5.5,-5.3,-0.14,-0.132
1.3825e-02,-5.5,-5.7,-0.14,-0.144
1.3833e-02,-5.5,-5.3,-0.136,-0.136
1.3840e-02,-5.5,-5.7,-0.14,-0.144
1.3848e-02,-5.5,-5.3,-0.14,-0.136
1.3856e-02,-5.5,-5.9,-0.14,-0.148
1.3863e-02,-5.7,-5.3,-0.14,-0.132
1.3871e-02,-5.5,-5.9,-0.14,-0.144
1.3879e-02,-5.5,-5.5,-0.144,-0.136
1.3886e-02,-5.5,-5.9,-0.144,-0.148
1.3894e-02,-5.7,-5.5,-0.144,-0.14
1.3902e-02,-5.7,-5.9,-0.144,-0.148
1.3909e-02,-5.7,-5.5,-0.144,-0.14
1.3917e-02,-5.7,-5.9,-0.144,-0.148
1.3925e-02,-5.7,-5.5,-0.144,-0.14
1.3932e-02,-5.9,-6.1,-0.144,-0.148
1.3940e-02,-5.9,-5.7,-0.148,-0.14
1.3948e-02,-5.9,-6.1,-0.148,-0.152
1.3955e-02,-5.9,-5.7,-0.148,-0.144
1.3963e-02,-5.9,-6.1,-0.148,-0.152
1.3971e-02,-5.9,-5.7,-0.148,-0.144
1.3978e-02,-5.9,-6.3,-0.148,-0.152
1.3986e-02,-5.9,-5.7,-0.148,-0.144
1.3994e-02,-5.9,-6.3,-0.148,-0.152
1.4002e-02,-6.1,-5.9,-0.148,-0.148
1.4009e-02,-6.1,-6.3,-0.152,-0.16
1.4017e-02,-6.1,-5.9,-0.152,-0.144
1.4025e-02,-6.1,-6.3,-0.152,-0.156
1.4032e-02,-6.1,-5.9,-0.152,-0.148
1.4040e-02,-6.3,-6.3,-0.152,-0.156
1.4048e-02,-6.1,-6.1,-0.156,-0.148
1.4055e-02,-6.3,-6.5,-0.152,-0.156
1.4063e-02,-6.3,-6.1,-0.156,-0.152
1.4071e-02,-6.3,-6.5,-0.152,-0.16
1.4078e-02,-6.3,-6.1,-0.156,-0.152
1.4086e-02,-6.3,-6.5,-0.156,-0.16
1.4094e-02,-6.3,-6.1,-0.156,-0.152
1.4101e-02,-6.5,-6.7,-0.156,-0.16
1.4109e-02,-6.5,-6.3,-0.156,-0.152
1.4117e-02,-6.5,-6.7,-0.156,-0.16
1.4124e-02,-6.5,-6.3,-0.16,-0.156
1.4132e-02,-6.5,-6.7,-0.156,-0.164
1.4140e-02,-6.5,-6.3,-0.16,-0.156
1.4147e-02,-6.5,-6.7,-0.16,-0.164
1.4155e-02,-6.7,-6.5,-0.16,-0.156
1.4163e-02,-6.7,-6.9,-0.16,-0.164
1.4171e-02,-6.5,-6.5,-0.16,-0.156
1.4178e-02,-6.7,-6.9,-0.16,-0.164
1.4186e-02,-6.7,-6.5,-0.16,-0.156
1.4194e-02,-6.7,-6.9,-0.16,-0.168
1.4201e-02,-6.9,-6.5,-0.164,-0.16
1.4209e-02,-6.9,-7.1,-0.164,-0.168
1.4217e-02,-6.9,-6.7,-0.164,-0.16
1.4224e-02,-6.9,-7.1,-0.164,-0.172
1.4232e-02,-6.9,-6.7,-0.164,-0.156
1.4240e-02,-6.9,-7.3,-0.164,-0.168
1.4247e-02,-6.9,-6.7,-0.164,-0.16
1.4255e-02,-6.9,-7.3,-0.164,-0.168
1.4263e-02,-7.1,-6.9,-0.164,-0.164
1.4270e-02,-7.1,-7.3,-0.164,-0.172
1.4278e-02,-7.1,-6.9,-0.168,-0.164
1.4286e-02,-7.1,-7.3,-0.164,-0.172
1.4293e-02,-7.3,-6.9,-0.168,-0.164
1.4301e-02,-7.3,-7.5,-0.168,-0.172
1.4309e-02,-7.1,-7.1,-0.168,-0.164
1.4316e-02,-7.3,-7.5,-0.168,-0.172
1.4324e-02,-7.3,-7.1,-0.168,-0.168
1.4332e-02,-7.3,-7.7,-0.168,-0.176
1.4339e-02,-7.3,-7.1,-0.172,-0.168
1.4347e-02,-7.3,-7.7,-0.172,-0.176
1.4355e-02,-7.5,-7.3,-0.172,-0.168
1.4363e-02,-7.5,-7.7,-0.172,-0.176
1.4370e-02,-7.5,-7.3,-0.172,-0.168
1.4378e-02,-7.5,-7.9,-0.172,-0.176
1.4386e-02,-7.7,-7.3,-0.172,-0.168
1.4393e-02,-7.7,-7.9,-0.176,-0.18
1.4401e-02,-7.7,-7.5,-0.172,-0.172
1.4409e-02,-7.7,-7.9,-0.176,-0.184
1.4416e-02,-7.7,-7.5,-0.176,-0.168
1.4424e-02,-7.7,-8.1,-0.176,-0.18
1.4432e-02,-7.7,-7.7,-0.176,-0.172
1.4439e-02,-7.9,-8.1,-0.176,-0.18
1.4447e-02,-7.9,-7.7,-0.176,-0.172
1.4455e-02,-7.9,-8.1,-0.176,-0.18
1.4462e-02,-7.9,-7.7,-0.176,-0.172
1.4470e-02,-7.9,-8.3,-0.18,-0.184
1.4478e-02,-7.9,-7.9,-0.18,-0.176
1.4485e-02,-8.1,-8.3,-0.18,-0.184
1.4493e-02,-8.1,-7.9,-0.18,-0.176
1.4501e-02,-8.1,-8.5,-0.18,-0.184
1.4508e-02,-8.1,-7.9,-0.18,-0.176
1.4516e-02,-8.3,-8.5,-0.18,-0.184
1.4524e-02,-8.3,-8.1,-0.18,-0.176
1.4531e-02,-8.3,-8.7,-0.184,-0.188
1.4539e-02,-8.3,-8.1,-0.184,-0.18
1.4547e-02,-8.3,-8.7,-0.18,-0.188
1.4555e-02,-8.3,-8.3,-0.18,-0.18
1.4562e-02,-8.5,-8.7,-0.184,-0.188
1.4570e-02,-8.5,-8.3,-0.184,-0.18
1.4578e-02,-8.5,-8.9,-0.184,-0.188
1.4585e-02,-8.5,-8.3,-0.184,-0.18
1.4593e-02,-8.5,-8.9,-0.184,-0.188
1.4601e-02,-8.5,-8.5,-0.184,-0.18
1.4608e-02,-8.7,-8.9,-0.184,-0.188
1.4616e-02,-8.7,-8.5,-0.184,-0.18
1.4624e-02,-8.7,-9.1,-0.184,-0.192
1.4631e-02,-8.7,-8.7,-0.188,-0.184
1.4639e-02,-8.9,-9.1,-0.188,-0.192
1.4647e-02,-8.9,-8.7,-0.188,-0.184
1.4654e-02,-8.7,-9.3,-0.188,-0.196
1.4662e-02,-8.9,-8.7,-0.188,-0.18
1.4670e-02,-8.9,-9.3,-0.188,-0.192
1.4677e-02,-8.9,-8.9,-0.188,-0.184
1.4685e-02,-9.1,-9.3,-0.188,-0.192
1.4693e-02,-9.1,-8.9,-0.188,-0.184
1.4700e-02,-9.3,-9.5,-0.188,-0.192
1.4708e-02,-9.1,-9.1,-0.192,-0.188
1.4716e-02,-9.3,-9.5,-0.192,-0.196
1.4724e-02,-9.3,-9.1,-0.192,-0.188
1.4731e-02,-9.3,-9.7,-0.188,-0.196
1.4739e-02,-9.3,-9.1,-0.192,-0.188
1.4747e-02,-9.3,-9.7,-0.192,-0.196
1.4754e-02,-9.5,-9.3,-0.192,-0.188
1.4762e-02,-9.5,-9.7,-0.192,-0.196
1.4770e-02,-9.5,-9.3,-0.192,-0.188
1.4777e-02,-9.5,-9.9,-0.192,-0.196
1.4785e-02,-9.7,-9.5,-0.192,-0.192
1.4793e-02,-9.7,-9.9,-0.192,-0.2
1.4800e-02,-9.7,-9.5,-0.192,-0.188
1.4808e-02,-9.7,-10.1,-0.192,-0.2
1.4816e-02,-9.7,-9.5,-0.196,-0.192
1.4823e-02,-9.7,-10.1,-0.196,-0.2
1.4831e-02,-9.9,-9.7,-0.196,-0.192
1.4839e-02,-9.9,-10.1,-0.196,-0.2
1.4846e-02,-9.9,-9.7,-0.196,-0.192
1.4854e-02,-9.9,-10.3,-0.196,-0.204
1.4862e-02,-10.1,-9.9,-0.196,-0.188
1.4869e-02,-10.1,-10.3,-0.196,-0.2
1.4877e-02,-10.1,-9.9,-0.196,-0.192
1.4885e-02,-10.1,-10.5,-0.196,-0.204
1.4892e-02,-10.1,-9.9,-0.196,-0.192
1.4900e-02,-10.3,-10.5,-0.196,-0.204
1.4908e-02,-10.3,-10.1,-0.196,-0.196
1.4916e-02,-10.3,-10.5,-0.2,-0.204
1.4923e-02,-10.3,-10.1,-0.2,-0.196
1.4931e-02,-10.3,-10.7,-0.2,-0.204
1.4939e-02,-10.3,-10.3,-0.2,-0.196
1.4946e-02,-10.5,-10.7,-0.2,-0.204
1.4954e-02,-10.5,-10.3,-0.2,-0.196
1.4962e-02,-10.5,-10.7,-0.196,-0.204
1.4969e-02,-10.7,-10.3,-0.2,-0.196
1.4977e-02,-10.7,-10.9,-0.2,-0.204
1.4985e-02,-10.7,-10.5,-0.2,-0.196
1.4992e-02,-10.7,-10.9,-0.2,-0.204
1.5000e-02,-10.7,-10.5,-0.2,-0.196
1.5008e-02,-10.7,-11.1,-0.2,-0.208
1.5015e-02,-10.9,-10.7,-0.2,-0.2
1.5023e-02,-10.7,-11.1,-0.2,-0.208
1.5031e-02,-10.9,-10.7,-0.204,-0.2
1.5038e-02,-10.9,-11.1,-0.204,-0.212
1.5046e-02,-10.9,-10.7,-0.204,-0.196
1.5054e-02,-10.9,-11.3,-0.204,-0.208
1.5061e-02,-11.1,-10.9,-0.204,-0.2
1.5069e-02,-11.1,-11.3,-0.204,-0.208
1.5077e-02,-11.1,-10.9,-0.204,-0.2
1.5084e-02,-11.1,-11.5,-0.204,-0.208
1.5092e-02,-11.1,-10.9,-0.204,-0.2
1.5100e-02,-11.1,-11.3,-0.204,-0.208
1.5108e-02,-11.1,-10.9,-0.204,-0.2
1.5115e-02,-11.1,-11.5,-0.204,-0.208
1.5123e-02,-11.1,-10.9,-0.204,-0.204
1.5131e-02,-11.3,-11.5,-0.204,-0.208
1.5138e-02,-11.3,-11.1,-0.208,-0.204
1.5146e-02,-11.3,-11.5,-0.204,-0.212
1.5154e-02,-11.3,-11.1,-0.204,-0.204
1.5161e-02,-11.3,-11.5,-0.208,-0.212
1.5169e-02,-11.3,-11.1,-0.208,-0.204
1.5177e-02,-11.3,-11.7,-0.204,-0.212
1.5184e-02,-11.3,-11.3,-0.208,-0.204
1.5192e-02,-11.3,-11.7,-0.208,-0.212
1.5200e-02,-11.3,-11.3,-0.208,-0.204
1.5207e-02,-11.5,-11.7,-0.208,-0.212
1.5215e-02,-11.5,-11.3,-0.208,-0.204
1.5223e-02,-11.5,-11.7,-0.208,-0.212
1.5230e-02,-11.5,-11.3,-0.208,-0.204
1.5238e-02,-11.5,-11.7,-0.208,-0.212
1.5246e-02,-11.5,-11.3,-0.208,-0.2
1.5253e-02,-11.5,-11.9,-0.208,-0.212
1.5261e-02,-11.7,-11.5,-0.208,-0.204
1.5269e-02,-11.7,-11.9,-0.208,-0.212
1.5276e-02,-11.7,-11.5,-0.208,-0.204
1.5284e-02,-11.7,-11.9,-0.208,-0.212
1.5292e-02,-11.7,-11.5,-0.208,-0.204
1.5300e-02,-11.7,-11.9,-0.208,-0.212
1.5307e-02,-11.7,-11.5,-0.212,-0.204
1.5315e-02,-11.7,-12.1,-0.212,-0.212
1.5323e-02,-11.7,-11.7,-0.208,-0.204
1.5330e-02,-11.7,-12.1,-0.208,-0.212
1.5338e-02,-11.7,-11.7,-0.208,-0.204
1.5346e-02,-11.7,-12.1,-0.212,-0.212
1.5353e-02,-11.7,-11.7,-0.208,-0.204
1.5361e-02,-11.9,-12.1,-0.208,-0.212
1.5369e-02,-11.9,-11.7,-0.208,-0.208
1.5376e-02,-11.9,-12.1,-0.208,-0.216
1.5384e-02,-11.9,-11.7,-0.208,-0.204
1.5392e-02,-11.9,-12.1,-0.208,-0.216
1.5399e-02,-11.9,-11.7,-0.208,-0.204
1.5407e-02,-11.9,-12.1,-0.208,-0.212
1.5415e-02,-11.9,-11.7,-0.212,-0.208
1.5422e-02,-11.9,-12.3,-0.212,-0.216
1.5430e-02,-11.9,-11.7,-0.208,-0.208
1.5438e-02,-11.9,-12.3,-0.208,-0.216
1.5445e-02,-11.9,-11.9,-0.212,-0.204
1.5453e-02,-11.9,-12.3,-0.208,-0.216
1.5461e-02,-12.1,-11.9,-0.212,-0.208
1.5469e-02,-12.1,-12.3,-0.212,-0.216
1.5476e-02,-12.1,-11.9,-0.212,-0.208
1.5484e-02,-12.1,-12.3,-0.212,-0.216
1.5492e-02,-12.1,-11.9,-0.212,-0.208
1.5499e-02,-12.1,-12.3,-0.212,-0.216
1.5507e-02,-12.1,-11.9,-0.212,-0.208
1.5515e-02,-12.1,-12.3,-0.208,-0.216
1.5522e-02,-12.1,-11.9,-0.208,-0.208
1.5530e-02,-12.3,-12.3,-0.212,-0.216
1.5538e-02,-12.1,-11.9,-0.212,-0.208
1.5545e-02,-12.1,-12.3,-0.212,-0.216
1.5553e-02,-12.3,-11.9,-0.212,-0.208
1.5561e-02,-12.3,-12.5,-0.212,-0.216
1.5568e-02,-12.1,-12.1,-0.212,-0.208
1.5576e-02,-12.3,-12.5,-0.212,-0.216
1.5584e-02,-12.1,-12.1,-0.212,-0.208
1.5591e-02,-12.3,-12.5,-0.212,-0.216
1.5599e-02,-12.1,-12.1,-0.212,-0.208
1.5607e-02,-12.1,-12.5,-0.212,-0.216
1.5614e-02,-12.3,-12.1,-0.212,-0.208
1.5622e-02,-12.3,-12.5,-0.212,-0.22
1.5630e-02,-12.3,-12.1,-0.212,-0.204
1.5637e-02,-12.3,-12.5,-0.212,-0.216
1.5645e-02,-12.3,-12.1,-0.212,-0.208
1.5653e-02,-12.3,-12.5,-0.212,-0.216
1.5661e-02,-12.3,-12.1,-0.212,-0.208
1.5668e-02,-12.3,-12.5,-0.212,-0.216
1.5676e-02,-12.3,-12.1,-0.212,-0.208
1.5684e-02,-12.3,-12.5,-0.212,-0.216
1.5691e-02,-12.3,-12.1,-0.212,-0.208
1.5699e-02,-12.3,-12.5,-0.212,-0.216
1.5707e-02,-12.3,-12.1,-0.212,-0.208
1.5714e-02,-12.3,-12.5,-0.212,-0.216
1.5722e-02,-12.3,-12.1,-0.212,-0.208
1.5730e-02,-12.3,-12.5,-0.212,-0.216
1.5737e-02,-12.3,-12.1,-0.212,-0.208
1.5745e-02,-12.3,-12.5,-0.212,-0.216
1.5753e-02,-12.3,-12.1,-0.212,-0.208
1.5760e-02,-12.3,-12.5,-0.212,-0.216
1.5768e-02,-12.3,-12.1,-0.212,-0.208
1.5776e-02,-12.3,-12.5,-0.212,-0.22
1.5783e-02,-12.5,-12.3,-0.212,-0.208
1.5791e-02,-12.3,-12.5,-0.212,-0.216
1.5799e-02,-12.3,-12.3,-0.212,-0.208
1.5806e-02,-12.3,-12.7,-0.212,-0.216
1.5814e-02,-12.5,-12.1,-0.212,-0.208
1.5822e-02,-12.3,-12.7,-0.212,-0.216
1.5829e-02,-12.5,-12.1,-0.208,-0.208
1.5837e-02,-12.3,-12.7,-0.212,-0.216
1.5845e-02,-12.3,-12.3,-0.212,-0.208
1.5853e-02,-12.5,-12.7,-0.212,-0.216
1.5860e-02,-12.3,-12.1,-0.212,-0.208
1.5868e-02,-12.5,-12.7,-0.212,-0.216
1.5876e-02,-12.3,-12.3,-0.212,-0.208
1.5883e-02,-12.3,-12.7,-0.212,-0.216
1.5891e-02,-12.5,-12.3,-0.216,-0.208
1.5899e-02,-12.5,-12.7,-0.212,-0.216
1.5906e-02,-12.3,-12.3,-0.212,-0.208
1.5914e-02,-12.3,-12.7,-0.212,-0.216
1.5922e-02,-12.3,-12.3,-0.212,-0.208
1.5929e-02,-12.3,-12.7,-0.212,-0.216
1.5937e-02,-12.3,-12.3,-0.212,-0.208
1.5945e-02,-12.3,-12.5,-0.212,-0.216
1.5952e-02,-12.3,-12.3,-0.212,-0.208
1.5960e-02,-12.3,-12.7,-0.212,-0.216
1.5968e-02,-12.5,-12.3,-0.212,-0.208
1.5975e-02,-12.3,-12.5,-0.212,-0.216
1.5983e-02,-12.3,-12.3,-0.212,-0.208
1.5991e-02,-12.3,-12.5,-0.212,-0.216
1.5998e-02,-12.3,-12.1,-0.212,-0.208
1.6006e-02,-12.3,-12.5,-0.212,-0.216
1.6014e-02,-12.5,-12.1,-0.212,-0.208
1.6022e-02,-12.3,-12.5,-0.212,-0.216
1.6029e-02,-12.3,-12.1,-0.212,-0.208
1.6037e-02,-12.3,-12.5,-0.212,-0.216
1.6045e-02,-12.3,-12.1,-0.212,-0.208
1.6052e-02,-12.3,-12.5,-0.212,-0.216
1.6060e-02,-12.3,-12.1,-0.212,-0.208
1.6068e-02,-12.3,-12.5,-0.212,-0.216
1.6075e-02,-12.3,-12.1,-0.212,-0.208
1.6083e-02,-12.3,-12.5,-0.212,-0.216
1.6091e-02,-12.3,-12.1,-0.212,-0.208
1.6098e-02,-12.3,-12.5,-0.212,-0.216
1.6106e-02,-12.3,-12.1,-0.212,-0.208
1.6114e-02,-12.3,-12.5,-0.212,-0.216
1.6121e-02,-12.3,-12.1,-0.212,-0.208
1.6129e-02,-12.3,-12.5,-0.212,-0.216
1.6137e-02,-12.3,-12.1,-0.212,-0.208
1.6144e-02,-12.3,-12.5,-0.212,-0.216
1.6152e-02,-12.1,-12.1,-0.212,-0.208
1.6160e-02,-12.1,-12.3,-0.212,-0.216
1.6167e-02,-11.9,-11.9,-0.212,-0.208
1.6175e-02,-12.1,-12.3,-0.212,-0.216
1.6183e-02,-12.1,-11.9,-0.212,-0.208
1.6190e-02,-12.1,-12.3,-0.212,-0.216
1.6198e-02,-12.1,-11.9,-0.212,-0.208
1.6206e-02,-12.1,-12.3,-0.212,-0.216
1.6214e-02,-12.1,-11.9,-0.208,-0.208
1.6221e-02,-12.1,-12.3,-0.212,-0.216
1.6229e-02,-12.1,-11.9,-0.212,-0.208
1.6237e-02,-12.1,-12.3,-0.212,-0.216
1.6244e-02,-11.9,-11.9,-0.212,-0.208
1.6252e-02,-11.9,-12.1,-0.212,-0.216
1.6260e-02,-11.9,-11.7,-0.212,-0.208
1.6267e-02,-11.9,-12.1,-0.212,-0.216
1.6275e-02,-11.9,-11.7,-0.208,-0.208
1.6283e-02,-11.9,-12.1,-0.212,-0.216
1.6290e-02,-11.9,-11.7,-0.212,-0.208
1.6298e-02,-11.9,-12.1,-0.212,-0.216
1.6306e-02,-11.9,-11.7,-0.212,-0.208
1.6313e-02,-11.9,-12.1,-0.212,-0.216
1.6321e-02,-11.9,-11.7,-0.212,-0.208
1.6329e-02,-11.9,-12.1,-0.212,-0.216
1.6336e-02,-11.7,-11.5,-0.212,-0.208
1.6344e-02,-11.7,-11.9,-0.212,-0.216
1.6352e-02,-11.7,-11.5,-0.212,-0.208
1.6359e-02,-11.7,-11.9,-0.212,-0.216
1.6367e-02,-11.7,-11.5,-0.212,-0.208
1.6375e-02,-11.7,-11.9,-0.212,-0.216
1.6382e-02,-11.5,-11.5,-0.212,-0.208
1.6390e-02,-11.7,-11.9,-0.212,-0.216
1.6398e-02,-11.7,-11.5,-0.212,-0.208
1.6406e-02,-11.5,-11.9,-0.212,-0.216
1.6413e-02,-11.7,-11.5,-0.212,-0.208
1.6421e-02,-11.5,-11.7,-0.212,-0.216
1.6429e-02,-11.5,-11.3,-0.208,-0.208
1.6436e-02,-11.5,-11.7,-0.212,-0.216
1.6444e-02,-11.5,-11.3,-0.212,-0.208
1.6452e-02,-11.5,-11.7,-0.212,-0.216
1.6459e-02,-11.3,-11.3,-0.208,-0.208
1.6467e-02,-11.5,-11.7,-0.208,-0.216
1.6475e-02,-11.5,-11.3,-0.212,-0.204
1.6482e-02,-11.3,-11.5,-0.212,-0.216
1.6490e-02,-11.3,-11.1,-0.208,-0.208
1.6498e-02,-11.3,-11.5,-0.212,-0.216
1.6505e-02,-11.3,-11.1,-0.212,-0.208
1.6513e-02,-11.3,-11.5,-0.212,-0.212
1.6521e-02,-11.3,-11.1,-0.208,-0.208
1.6528e-02,-11.3,-11.5,-0.212,-0.216
1.6536e-02,-11.1,-11.1,-0.208,-0.208
1.6544e-02,-11.3,-11.5,-0.208,-0.212
1.6551e-02,-11.1,-11.1,-0.212,-0.208
1.6559e-02,-11.3,-11.5,-0.208,-0.212
1.6567e-02,-11.1,-10.9,-0.212,-0.208
1.6575e-02,-11.1,-11.3,-0.208,-0.212
1.6582e-02,-11.1,-10.9,-0.208,-0.208
1.6590e-02,-11.1,-11.3,-0.208,-0.212
1.6598e-02,-11.1,-10.9,-0.212,-0.204
1.6605e-02,-11.1,-11.3,-0.212,-0.212
1.6613e-02,-11.1,-10.9,-0.208,-0.208
1.6621e-02,-10.9,-11.3,-0.208,-0.212
1.6628e-02,-11.1,-10.9,-0.208,-0.208
1.6636e-02,-10.9,-11.1,-0.208,-0.212
1.6644e-02,-11.1,-10.7,-0.208,-0.204
1.6651e-02,-10.9,-11.1,-0.208,-0.212
1.6659e-02,-10.9,-10.7,-0.208,-0.204
1.6667e-02,-10.9,-11.1,-0.208,-0.212
1.6674e-02,-10.9,-10.7,-0.208,-0.204
1.6682e-02,-10.9,-11.1,-0.208,-0.212
1.6690e-02,-10.9,-10.7,-0.208,-0.204
1.6697e-02,-10.7,-10.9,-0.208,-0.212
1.6705e-02,-10.7,-10.7,-0.208,-0.204
1.6713e-02,-10.9,-10.9,-0.208,-0.212
1.6720e-02,-10.7,-10.5,-0.208,-0.204
1.6728e-02,-10.7,-10.9,-0.208,-0.212
1.6736e-02,-10.7,-10.5,-0.208,-0.204
1.6743e-02,-10.7,-10.9,-0.208,-0.212
1.6751e-02,-10.7,-10.5,-0.208,-0.204
1.6759e-02,-10.5,-10.9,-0.208,-0.212
1.6767e-02,-10.7,-10.5,-0.208,-0.204
1.6774e-02,-10.5,-10.7,-0.208,-0.212
1.6782e-02,-10.7,-10.5,-0.208,-0.204
1.6790e-02,-10.7,-10.7,-0.208,-0.212
1.6797e-02,-10.5,-10.3,-0.208,-0.204
1.6805e-02,-10.5,-10.7,-0.208,-0.212
1.6813e-02,-10.5,-10.3,-0.208,-0.204
1.6820e-02,-10.5,-10.7,-0.208,-0.212
1.6828e-02,-10.3,-10.3,-0.208,-0.204
1.6836e-02,-10.3,-10.7,-0.208,-0.212
1.6843e-02,-10.3,-10.3,-0.208,-0.204
1.6851e-02,-10.3,-10.5,-0.208,-0.212
1.6859e-02,-10.3,-10.1,-0.208,-0.204
1.6866e-02,-10.3,-10.5,-0.208,-0.212
1.6874e-02,-10.3,-10.1,-0.208,-0.204
1.6882e-02,-10.3,-10.5,-0.208,-0.212
1.6889e-02,-10.3,-10.1,-0.208,-0.204
1.6897e-02,-10.1,-10.5,-0.208,-0.212
1.6905e-02,-10.3,-10.1,-0.208,-0.204
1.6912e-02,-10.3,-10.3,-0.208,-0.212
1.6920e-02,-10.1,-9.9,-0.208,-0.204
1.6928e-02,-10.1,-10.3,-0.208,-0.212
1.6935e-02,-10.1,-9.9,-0.208,-0.204
1.6943e-02,-10.1,-10.3,-0.208,-0.212
1.6951e-02,-10.1,-9.9,-0.208,-0.204
1.6959e-02,-9.9,-10.3,-0.204,-0.212
1.6966e-02,-9.9,-9.9,-0.204,-0.204
1.6974e-02,-10.1,-10.1,-0.208,-0.212
1.6982e-02,-9.9,-9.9,-0.208,-0.204
1.6989e-02,-9.9,-10.1,-0.204,-0.208
1.6997e-02,-9.9,-9.7,-0.204,-0.204
1.7005e-02,-9.9,-10.1,-0.208,-0.208
1.7012e-02,-9.9,-9.7,-0.204,-0.204
1.7020e-02,-9.7,-10.1,-0.204,-0.208
1.7028e-02,-9.7,-9.7,-0.204,-0.204
1.7035e-02,-9.7,-10.1,-0.208,-0.208
1.7043e-02,-9.7,-9.5,-0.204,-0.204
1.7051e-02,-9.7,-9.9,-0.204,-0.212
1.7058e-02,-9.7,-9.5,-0.204,-0.2
1.7066e-02,-9.7,-9.9,-0.204,-0.208
1.7074e-02,-9.7,-9.5,-0.204,-0.204
1.7081e-02,-9.7,-9.9,-0.204,-0.208
1.7089e-02,-9.7,-9.5,-0.204,-0.2
1.7097e-02,-9.5,-9.7,-0.204,-0.208
1.7104e-02,-9.5,-9.3,-0.204,-0.2
1.7112e-02,-9.5,-9.7,-0.204,-0.208
1.7120e-02,-9.5,-9.3,-0.204,-0.2
1.7127e-02,-9.5,-9.7,-0.204,-0.208
1.7135e-02,-9.5,-9.3,-0.204,-0.2
1.7143e-02,-9.5,-9.7,-0.204,-0.208
1.7151e-02,-9.3,-9.3,-0.204,-0.2
1.7158e-02,-9.3,-9.7,-0.204,-0.208
1.7166e-02,-9.3,-9.3,-0.204,-0.2
1.7174e-02,-9.3,-9.5,-0.204,-0.208
1.7181e-02,-9.3,-9.1,-0.2,-0.2
1.7189e-02,-9.3,-9.5,-0.204,-0.208
1.7197e-02,-9.3,-9.1,-0.204,-0.2
1.7204e-02,-9.3,-9.5,-0.204,-0.208
1.7212e-02,-9.3,-9.1,-0.204,-0.2
1.7220e-02,-9.3,-9.5,-0.204,-0.208
1.7227e-02,-9.3,-8.9,-0.204,-0.2
1.7235e-02,-9.1,-9.3,-0.204,-0.208
1.7243e-02,-9.3,-8.9,-0.204,-0.2
1.7250e-02,-9.1,-9.3,-0.204,-0.212
1.7258e-02,-9.1,-8.9,-0.204,-0.196
1.7266e-02,-9.1,-9.3,-0.204,-0.208
1.7273e-02,-9.1,-8.9,-0.204,-0.2
1.7281e-02,-9.1,-9.3,-0.204,-0.208
1.7289e-02,-8.9,-8.9,-0.2,-0.2
1.7296e-02,-8.9,-9.3,-0.204,-0.208
1.7304e-02,-9.1,-8.9,-0.204,-0.2
1.7312e-02,-8.9,-9.3,-0.2,-0.208
1.7320e-02,-8.9,-8.7,-0.204,-0.2
1.7327e-02,-8.9,-9.1,-0.204,-0.208
1.7335e-02,-8.9,-8.7,-0.2,-0.2
1.7343e-02,-8.9,-9.1,-0.204,-0.204
1.7350e-02,-8.9,-8.7,-0.204,-0.2
1.7358e-02,-8.9,-9.1,-0.204,-0.208
1.7366e-02,-8.9,-8.7,-0.2,-0.2
1.7373e-02,-8.9,-9.1,-0.204,-0.204
1.7381e-02,-8.9,-8.7,-0.204,-0.2
1.7389e-02,-8.7,-8.9,-0.2,-0.204
1.7396e-02,-8.7,-8.5,-0.204,-0.2
1.7404e-02,-8.7,-8.9,-0.2,-0.204
1.7412e-02,-8.7,-8.5,-0.2,-0.2
1.7419e-02,-8.7,-8.9,-0.204,-0.204
1.7427e-02,-8.7,-8.5,-0.204,-0.196
1.7435e-02,-8.5,-8.7,-0.2,-0.208
1.7442e-02,-8.5,-8.3,-0.2,-0.196
1.7450e-02,-8.5,-8.7,-0.2,-0.204
1.7458e-02,-8.5,-8.3,-0.2,-0.196
1.7465e-02,-8.5,-8.7,-0.204,-0.204
1.7473e-02,-8.3,-8.3,-0.2,-0.196
1.7481e-02,-8.5,-8.7,-0.2,-0.204
1.7488e-02,-8.3,-8.1,-0.2,-0.196
1.7496e-02,-8.3,-8.5,-0.2,-0.204
1.7504e-02,-8.3,-8.1,-0.204,-0.196
1.7512e-02,-8.3,-8.5,-0.2,-0.204
1.7519e-02,-8.3,-8.1,-0.2,-0.196
1.7527e-02,-8.1,-8.5,-0.2,-0.204
1.7535e-02,-8.1,-7.9,-0.204,-0.196
1.7542e-02,-8.1,-8.3,-0.2,-0.204
1.7550e-02,-8.1,-7.9,-0.2,-0.196
1.7558e-02,-8.1,-8.3,-0.2,-0.204
1.7565e-02,-8.1,-7.9,-0.2,-0.196
1.7573e-02,-8.1,-8.3,-0.2,-0.204
1.7581e-02,-8.1,-7.9,-0.2,-0.196
1.7588e-02,-7.9,-8.1,-0.2,-0.204
1.7596e-02,-7.9,-7.7,-0.2,-0.196
1.7604e-02,-7.9,-8.1,-0.196,-0.204
1.7611e-02,-7.9,-7.7,-0.196,-0.196
1.7619e-02,-7.9,-8.1,-0.196,-0.204
1.7627e-02,-7.7,-7.7,-0.196,-0.196
1.7634e-02,-7.9,-8.1,-0.196,-0.204
1.7642e-02,-7.7,-7.5,-0.196,-0.192
1.7650e-02,-7.7,-7.9,-0.196,-0.204
1.7657e-02,-7.7,-7.5,-0.196,-0.192
1.7665e-02,-7.7,-7.9,-0.196,-0.2
1.7673e-02,-7.5,-7.5,-0.196,-0.192
1.7680e-02,-7.5,-7.9,-0.196,-0.2
1.7688e-02,-7.5,-7.5,-0.196,-0.192
1.7696e-02,-7.5,-7.9,-0.196,-0.2
1.7704e-02,-7.5,-7.3,-0.196,-0.192
1.7711e-02,-7.5,-7.7,-0.196,-0.2
1.7719e-02,-7.5,-7.3,-0.196,-0.192
1.7727e-02,-7.5,-7.7,-0.196,-0.2
1.7734e-02,-7.3,-7.3,-0.196,-0.192
1.7742e-02,-7.3,-7.5,-0.196,-0.2
1.7750e-02,-7.3,-7.1,-0.196,-0.192
1.7757e-02,-7.3,-7.5,-0.196,-0.2
1.7765e-02,-7.3,-7.1,-0.196,-0.192
1.7773e-02,-7.1,-7.3,-0.196,-0.2
1.7780e-02,-7.3,-7.1,-0.196,-0.192
1.7788e-02,-7.1,-7.3,-0.192,-0.2
1.7796e-02,-7.1,-6.9,-0.196,-0.192
1.7803e-02,-7.1,-7.3,-0.196,-0.2
1.7811e-02,-7.1,-6.9,-0.192,-0.192
1.7819e-02,-7.1,-7.3,-0.196,-0.2
1.7826e-02,-7.1,-6.9,-0.196,-0.192
1.7834e-02,-6.9,-7.1,-0.192,-0.2
1.7842e-02,-6.9,-6.7,-0.192,-0.192
1.7849e-02,-6.9,-7.1,-0.192,-0.196
1.7857e-02,-6.9,-6.7,-0.196,-0.192
1.7865e-02,-6.9,-7.1,-0.196,-0.196
1.7873e-02,-6.9,-6.7,-0.192,-0.188
1.7880e-02,-6.7,-6.9,-0.192,-0.196
1.7888e-02,-6.7,-6.5,-0.196,-0.188
1.7896e-02,-6.7,-6.9,-0.192,-0.196
1.7903e-02,-6.7,-6.5,-0.192,-0.188
1.7911e-02,-6.7,-6.9,-0.192,-0.2
1.7919e-02,-6.5,-6.5,-0.192,-0.184
1.7926e-02,-6.7,-6.7,-0.192,-0.196
1.7934e-02,-6.5,-6.3,-0.192,-0.188
1.7942e-02,-6.5,-6.7,-0.192,-0.196
1.7949e-02,-6.5,-6.3,-0.192,-0.188
1.7957e-02,-6.5,-6.7,-0.192,-0.196
1.7965e-02,-6.3,-6.3,-0.192,-0.188
1.7972e-02,-6.5,-6.5,-0.192,-0.196
1.7980e-02,-6.3,-6.3,-0.192,-0.188
1.7988e-02,-6.3,-6.5,-0.192,-0.196
1.7995e-02,-6.3,-6.1,-0.188,-0.188
1.8003e-02,-6.3,-6.5,-0.192,-0.196
1.8011e-02,-6.3,-6.1,-0.192,-0.188
1.8018e-02,-6.1,-6.3,-0.192,-0.196
1.8026e-02,-6.3,-6.1,-0.192,-0.184
1.8034e-02,-6.1,-6.3,-0.192,-0.192
1.8041e-02,-6.1,-5.9,-0.192,-0.188
1.8049e-02,-6.1,-6.3,-0.188,-0.192
1.8057e-02,-6.1,-5.9,-0.188,-0.184
1.8065e-02,-5.9,-6.3,-0.192,-0.192
1.8072e-02,-5.9,-5.9,-0.188,-0.184
1.8080e-02,-6.1,-6.1,-0.188,-0.192
1.8088e-02,-5.9,-5.7,-0.188,-0.184
1.8095e-02,-5.9,-6.1,-0.188,-0.192
1.8103e-02,-5.9,-5.7,-0.188,-0.184
1.8111e-02,-5.9,-6.1,-0.188,-0.192
1.8118e-02,-5.9,-5.7,-0.188,-0.184
1.8126e-02,-5.7,-6.1,-0.188,-0.192
1.8134e-02,-5.7,-5.5,-0.188,-0.184
1.8141e-02,-5.7,-5.9,-0.188,-0.192
1.8149e-02,-5.7,-5.5,-0.184,-0.184
1.8157e-02,-5.7,-5.9,-0.188,-0.192
1.8164e-02,-5.7,-5.5,-0.188,-0.184
1.8172e-02,-5.7,-5.9,-0.188,-0.192
1.8180e-02,-5.5,-5.5,-0.188,-0.184
1.8187e-02,-5.5,-5.7,-0.188,-0.188
1.8195e-02,-5.5,-5.3,-0.188,-0.184
1.8203e-02,-5.5,-5.7,-0.188,-0.188
1.8210e-02,-5.5,-5.3,-0.184,-0.184
1.8218e-02,-5.5,-5.7,-0.188,-0.192
1.8226e-02,-5.5,-5.3,-0.184,-0.18
1.8233e-02,-5.3,-5.5,-0.188,-0.188
1.8241e-02,-5.3,-5.1,-0.184,-0.18
1.8249e-02,-5.3,-5.5,-0.184,-0.188
1.8257e-02,-5.3,-5.1,-0.184,-0.18
1.8264e-02,-5.3,-5.5,-0.184,-0.188
1.8272e-02,-5.3,-5.1,-0.188,-0.18
1.8280e-02,-5.3,-5.5,-0.184,-0.188
1.8287e-02,-5.3,-4.9,-0.184,-0.18
1.8295e-02,-5.1,-5.5,-0.184,-0.188
1.8303e-02,-5.1,-4.9,-0.184,-0.18
1.8310e-02,-5.1,-5.3,-0.184,-0.188
1.8318e-02,-5.1,-4.9,-0.184,-0.18
1.8326e-02,-5.1,-5.3,-0.184,-0.188
1.8333e-02,-4.9,-4.9,-0.184,-0.18
1.8341e-02,-4.9,-5.3,-0.184,-0.188
1.8349e-02,-5.1,-4.7,-0.184,-0.18
1.8356e-02,-4.9,-5.3,-0.18,-0.188
1.8364e-02,-4.9,-4.7,-0.18,-0.18
1.8372e-02,-4.9,-5.1,-0.18,-0.184
1.8379e-02,-4.7,-4.7,-0.184,-0.18
1.8387e-02,-4.7,-5.1,-0.184,-0.184
1.8395e-02,-4.7,-4.7,-0.18,-0.176
1.8402e-02,-4.7,-5.1,-0.184,-0.188
1.8410e-02,-4.7,-4.5,-0.18,-0.176
1.8418e-02,-4.7,-4.9,-0.18,-0.184
1.8425e-02,-4.7,-4.5,-0.18,-0.176
1.8433e-02,-4.5,-4.9,-0.18,-0.188
1.8441e-02,-4.7,-4.5,-0.18,-0.176
1.8449e-02,-4.5,-4.9,-0.18,-0.184
1.8456e-02,-4.5,-4.5,-0.18,-0.176
1.8464e-02,-4.5,-4.9,-0.18,-0.184
1.8472e-02,-4.5,-4.3,-0.18,-0.176
1.8479e-02,-4.5,-4.7,-0.18,-0.184
1.8487e-02,-4.5,-4.3,-0.176,-0.176
1.8495e-02,-4.5,-4.7,-0.176,-0.184
1.8502e-02,-4.3,-4.3,-0.18,-0.176
1.8510e-02,-4.3,-4.7,-0.18,-0.184
1.8518e-02,-4.3,-4.1,-0.18,-0.176
1.8525e-02,-4.3,-4.7,-0.18,-0.184
1.8533e-02,-4.3,-4.1,-0.176,-0.176
1.8541e-02,-4.3,-4.5,-0.176,-0.18
1.8548e-02,-4.3,-4.1,-0.176,-0.176
1.8556e-02,-4.1,-4.5,-0.176,-0.18
1.8564e-02,-4.3,-4.1,-0.176,-0.172
1.8571e-02,-4.1,-4.5,-0.176,-0.18
1.8579e-02,-4.1,-3.9,-0.176,-0.172
1.8587e-02,-4.1,-4.5,-0.176,-0.18
1.8594e-02,-4.1,-3.9,-0.176,-0.172
1.8602e-02,-4.1,-4.3,-0.176,-0.18
1.8610e-02,-4.1,-3.9,-0.176,-0.172
1.8618e-02,-3.9,-4.3,-0.176,-0.18
1.8625e-02,-3.9,-3.9,-0.176,-0.172
1.8633e-02,-3.9,-4.3,-0.176,-0.184
1.8641e-02,-3.9,-3.7,-0.176,-0.168
1.8648e-02,-3.9,-4.1,-0.176,-0.18
1.8656e-02,-3.9,-3.7,-0.176,-0.172
1.8664e-02,-3.9,-4.1,-0.176,-0.18
1.8671e-02,-3.9,-3.7,-0.176,-0.168
1.8679e-02,-3.9,-4.1,-0.176,-0.176
1.8687e-02,-3.7,-3.7,-0.176,-0.168
1.8694e-02,-3.7,-4.1,-0.172,-0.176
1.8702e-02,-3.7,-3.5,-0.176,-0.168
1.8710e-02,-3.7,-3.9,-0.172,-0.176
1.8717e-02,-3.7,-3.5,-0.172,-0.168
1.8725e-02,-3.5,-3.9,-0.176,-0.176
1.8733e-02,-3.7,-3.5,-0.172,-0.168
1.8740e-02,-3.5,-3.9,-0.172,-0.176
1.8748e-02,-3.5,-3.3,-0.172,-0.168
1.8756e-02,-3.5,-3.9,-0.172,-0.176
1.8763e-02,-3.5,-3.3,-0.172,-0.168
1.8771e-02,-3.5,-3.7,-0.172,-0.176
1.8779e-02,-3.5,-3.3,-0.172,-0.168
1.8786e-02,-3.5,-3.7,-0.168,-0.176
1.8794e-02,-3.3,-3.3,-0.168,-0.168
1.8802e-02,-3.3,-3.7,-0.172,-0.176
1.8810e-02,-3.3,-3.1,-0.172,-0.168
1.8817e-02,-3.3,-3.7,-0.172,-0.176
1.8825e-02,-3.3,-3.1,-0.168,-0.164
1.8833e-02,-3.3,-3.5,-0.172,-0.176
1.8840e-02,-3.3,-3.1,-0.168,-0.164
1.8848e-02,-3.3,-3.5,-0.168,-0.172
1.8856e-02,-3.1,-3.1,-0.168,-0.164
1.8863e-02,-3.1,-3.5,-0.168,-0.172
1.8871e-02,-3.1,-2.9,-0.168,-0.164
1.8879e-02,-3.1,-3.3,-0.168,-0.172
1.8886e-02,-3.1,-2.9,-0.168,-0.164
1.8894e-02,-3.1,-3.3,-0.168,-0.172
1.8902e-02,-3.1,-2.9,-0.168,-0.164
1.8909e-02,-3.1,-3.3,-0.168,-0.172
1.8917e-02,-2.9,-2.9,-0.168,-0.164
1.8925e-02,-2.9,-3.3,-0.168,-0.168
1.8932e-02,-2.9,-2.7,-0.168,-0.164
1.8940e-02,-2.9,-3.1,-0.168,-0.168
1.8948e-02,-2.9,-2.7,-0.164,-0.164
1.8955e-02,-2.9,-3.1,-0.164,-0.168
1.8963e-02,-2.9,-2.7,-0.164,-0.16
1.8971e-02,-2.9,-3.1,-0.164,-0.172
1.8978e-02,-2.7,-2.7,-0.164,-0.16
1.8986e-02,-2.7,-3.1,-0.164,-0.168
1.8994e-02,-2.7,-2.5,-0.164,-0.16
1.9002e-02,-2.7,-2.9,-0.164,-0.168
1.9009e-02,-2.7,-2.5,-0.164,-0.16
1.9017e-02,-2.7,-2.9,-0.164,-0.168
1.9025e-02,-2.7,-2.5,-0.164,-0.16
1.9032e-02,-2.7,-2.9,-0.16,-0.168
1.9040e-02,-2.7,-2.5,-0.16,-0.16
1.9048e-02,-2.5,-2.9,-0.164,-0.168
1.9055e-02,-2.5,-2.5,-0.164,-0.16
1.9063e-02,-2.5,-2.9,-0.16,-0.168
1.9071e-02,-2.5,-2.3,-0.16,-0.16
1.9078e-02,-2.5,-2.7,-0.16,-0.164
1.9086e-02,-2.5,-2.3,-0.16,-0.16
1.9094e-02,-2.5,-2.7,-0.16,-0.164
1.9101e-02,-2.5,-2.3,-0.16,-0.156
1.9109e-02,-2.3,-2.7,-0.16,-0.164
1.9117e-02,-2.3,-2.3,-0.16,-0.156
1.9124e-02,-2.3,-2.7,-0.16,-0.164
1.9132e-02,-2.3,-2.1,-0.16,-0.156
1.9140e-02,-2.3,-2.5,-0.16,-0.164
1.9147e-02,-2.3,-2.1,-0.16,-0.156
1.9155e-02,-2.3,-2.5,-0.16,-0.164
1.9163e-02,-2.3,-2.1,-0.156,-0.156
1.9171e-02,-2.3,-2.5,-0.16,-0.164
1.9178e-02,-2.3,-2.1,-0.16,-0.152
1.9186e-02,-2.3,-2.5,-0.16,-0.164
1.9194e-02,-2.1,-2.1,-0.16,-0.156
1.9201e-02,-2.1,-2.5,-0.16,-0.16
1.9209e-02,-2.1,-1.9,-0.156,-0.156
1.9217e-02,-2.1,-2.3,-0.16,-0.16
1.9224e-02,-2.1,-1.9,-0.156,-0.152
1.9232e-02,-2.1,-2.3,-0.156,-0.16
1.9240e-02,-2.1,-1.9,-0.156,-0.152
1.9247e-02,-2.1,-2.3,-0.156,-0.164
1.9255e-02,-2.1,-1.9,-0.156,-0.152
1.9263e-02,-2.1,-2.1,-0.156,-0.16
1.9270e-02,-1.9,-1.9,-0.156,-0.152
1.9278e-02,-1.9,-2.1,-0.156,-0.16
1.9286e-02,-1.9,-1.7,-0.156,-0.152
1.9293e-02,-1.9,-2.1,-0.156,-0.16
1.9301e-02,-1.9,-1.7,-0.156,-0.152
1.9309e-02,-1.9,-2.1,-0.156,-0.16
1.9316e-02,-1.9,-1.7,-0.156,-0.152
1.9324e-02,-1.7,-2.1,-0.156,-0.156
1.9332e-02,-1.7,-1.7,-0.152,-0.152
1.9339e-02,-1.7,-2.1,-0.152,-0.156
1.9347e-02,-1.7,-1.5,-0.152,-0.148
1.9355e-02,-1.7,-1.9,-0.152,-0.156
1.9363e-02,-1.7,-1.5,-0.152,-0.148
1.9370e-02,-1.7,-1.9,-0.152,-0.156
1.9378e-02,-1.7,-1.5,-0.152,-0.148
1.9386e-02,-1.7,-1.9,-0.152,-0.156
1.9393e-02,-1.7,-1.5,-0.152,-0.148
1.9401e-02,-1.5,-1.9,-0.152,-0.156
1.9409e-02,-1.7,-1.5,-0.152,-0.148
1.9416e-02,-1.7,-1.7,-0.152,-0.156
1.9424e-02,-1.5,-1.5,-0.152,-0.148
1.9432e-02,-1.5,-1.7,-0.152,-0.156
1.9439e-02,-1.5,-1.3,-0.152,-0.148
1.9447e-02,-1.5,-1.7,-0.152,-0.156
1.9455e-02,-1.5,-1.3,-0.148,-0.144
1.9462e-02,-1.5,-1.7,-0.148,-0.152
1.9470e-02,-1.5,-1.3,-0.152,-0.144
1.9478e-02,-1.5,-1.7,-0.148,-0.152
1.9485e-02,-1.3,-1.3,-0.148,-0.148
1.9493e-02,-1.3,-1.7,-0.148,-0.152
1.9501e-02,-1.3,-1.1,-0.148,-0.144
1.9508e-02,-1.3,-1.5,-0.148,-0.152
1.9516e-02,-1.3,-1.1,-0.148,-0.144
1.9524e-02,-1.3,-1.5,-0.148,-0.152
1.9531e-02,-1.3,-1.1,-0.148,-0.144
1.9539e-02,-1.3,-1.5,-0.148,-0.152
1.9547e-02,-1.3,-1.1,-0.148,-0.144
1.9555e-02,-1.3,-1.5,-0.144,-0.148
1.9562e-02,-1.3,-1.1,-0.148,-0.144
1.9570e-02,-1.1,-1.5,-0.148,-0.148
1.9578e-02,-1.1,-1.1,-0.144,-0.14
1.9585e-02,-1.1,-1.3,-0.144,-0.152
1.9593e-02,-1.1,-0.9,-0.148,-0.14
1.9601e-02,-1.1,-1.3,-0.144,-0.148
1.9608e-02,-1.1,-0.9,-0.144,-0.14
1.9616e-02,-0.9,-1.3,-0.144,-0.148
1.9624e-02,-1.1,-0.9,-0.144,-0.14
1.9631e-02,-0.9,-1.3,-0.144,-0.148
1.9639e-02,-1.1,-0.9,-0.144,-0.14
1.9647e-02,-0.9,-1.1,-0.144,-0.148
1.9654e-02,-0.9,-0.9,-0.14,-0.14
1.9662e-02,-0.9,-1.1,-0.14,-0.144
1.9670e-02,-0.9,-0.7,-0.14,-0.136
1.9677e-02,-0.9,-1.1,-0.144,-0.144
1.9685e-02,-0.9,-0.7,-0.144,-0.136
1.9693e-02,-0.9,-1.1,-0.14,-0.144
1.9700e-02,-0.9,-0.7,-0.144,-0.136
1.9708e-02,-0.9,-1.1,-0.14,-0.144
1.9716e-02,-0.7,-0.7,-0.14,-0.136
1.9724e-02,-0.7,-1.1,-0.14,-0.144
1.9731e-02,-0.9,-0.7,-0.14,-0.136
1.9739e-02,-0.7,-0.9,-0.14,-0.144
1.9747e-02,-0.7,-0.5,-0.14,-0.136
1.9754e-02,-0.7,-0.9,-0.14,-0.144
1.9762e-02,-0.7,-0.5,-0.14,-0.132
1.9770e-02,-0.7,-0.9,-0.14,-0.14
1.9777e-02,-0.7,-0.5,-0.136,-0.132
1.9785e-02,-0.7,-0.9,-0.14,-0.14
1.9793e-02,-0.7,-0.5,-0.136,-0.132
1.9800e-02,-0.5,-0.9,-0.136,-0.14
1.9808e-02,-0.5,-0.5,-0.136,-0.132
1.9816e-02,-0.5,-0.9,-0.136,-0.14
1.9823e-02,-0.5,-0.3,-0.136,-0.132
1.9831e-02,-0.5,-0.7,-0.136,-0.14
1.9839e-02,-0.5,-0.3,-0.136,-0.132
1.9846e-02,-0.5,-0.7,-0.136,-0.14
1.9854e-02,-0.5,-0.3,-0.136,-0.132
1.9862e-02,-0.5,-0.7,-0.136,-0.136
1.9869e-02,-0.5,-0.3,-0.136,-0.128
1.9877e-02,-0.5,-0.7,-0.132,-0.136
1.9885e-02,-0.3,-0.3,-0.132,-0.128
1.9892e-02,-0.3,-0.7,-0.132,-0.136
1.9900e-02,-0.3,-0.1,-0.132,-0.128
1.9908e-02,-0.3,-0.5,-0.128,-0.136
1.9916e-02,-0.3,-0.1,-0.132,-0.128
1.9923e-02,-0.3,-0.5,-0.132,-0.136
1.9931e-02,-0.3,-0.1,-0.128,-0.128
1.9939e-02,-0.3,-0.5,-0.132,-0.136
1.9946e-02,-0.3,-0.1,-0.132,-0.128
1.9954e-02,-0.1,-0.5,-0.132,-0.132
1.9962e-02,-0.3,-0.1,-0.132,-0.124
1.9969e-02,-0.3,-0.5,-0.128,-0.132
1.9977e-02,-0.1,-0.1,-0.128,-0.124
1.9985e-02,-0.1,-0.5,-0.128,-0.132
1.9992e-02,-0.1,-0.1,-0.128,-0.124

