Date,Time,Time since 1970-01-01T00:00:00Z,,t,,T,
2025-12-02,14:16:01.182037,1764681361.182037,s,3e-06,s,68.0,°C
2025-12-02,14:16:01.432648,1764681361.432648,s,0.250614,s,68.0,°C
2025-12-02,14:16:01.682623,1764681361.682623,s,0.500589,s,68.0,°C
2025-12-02,14:16:01.933109,1764681361.933109,s,0.751075,s,68.0,°C
2025-12-02,14:16:02.182927,1764681362.182927,s,1.000893,s,68.0,°C
2025-12-02,14:16:02.433527,1764681362.433527,s,1.251493,s,68.0,°C
2025-12-02,14:16:02.683360,1764681362.68336,s,1.501326,s,68.0,°C
2025-12-02,14:16:02.933973,1764681362.933973,s,1.751939,s,68.0,°C
2025-12-02,14:16:03.183827,1764681363.183827,s,2.001793,s,68.0,°C
2025-12-02,14:16:03.434429,1764681363.434429,s,2.252395,s,68.0,°C
2025-12-02,14:16:03.684263,1764681363.684263,s,2.502229,s,68.0,°C
2025-12-02,14:16:03.934920,1764681363.93492,s,2.752886,s,68.0,°C
2025-12-02,14:16:04.184718,1764681364.184718,s,3.002684,s,68.0,°C
2025-12-02,14:16:04.435341,1764681364.435341,s,3.253307,s,68.0,°C
2025-12-02,14:16:04.685188,1764681364.685188,s,3.503154,s,68.0,°C
2025-12-02,14:16:04.935653,1764681364.935653,s,3.753619,s,68.0,°C
2025-12-02,14:16:05.185504,1764681365.185504,s,4.00347,s,68.0,°C
2025-12-02,14:16:05.435907,1764681365.435907,s,4.253873,s,68.0,°C
2025-12-02,14:16:05.685930,1764681365.68593,s,4.503896,s,68.0,°C
2025-12-02,14:16:05.936181,1764681365.936181,s,4.754147,s,68.0,°C
2025-12-02,14:16:06.186372,1764681366.186372,s,5.004338,s,68.0,°C
2025-12-02,14:16:06.436464,1764681366.436464,s,5.25443,s,68.0,°C
2025-12-02,14:16:06.686677,1764681366.686677,s,5.504643,s,68.0,°C
2025-12-02,14:16:06.936762,1764681366.936762,s,5.754728,s,68.0,°C
2025-12-02,14:16:07.186922,1764681367.186922,s,6.004888,s,68.0,°C
2025-12-02,14:16:07.436990,1764681367.43699,s,6.254956,s,68.0,°C
2025-12-02,14:16:07.687318,1764681367.687318,s,6.505284,s,68.0,°C
2025-12-02,14:16:07.937281,1764681367.937281,s,6.755247,s,68.0,°C
2025-12-02,14:16:08.187752,1764681368.187752,s,7.005718,s,68.0,°C
2025-12-02,14:16:08.437635,1764681368.437635,s,7.255601,s,68.0,°C
2025-12-02,14:16:08.688004,1764681368.688004,s,7.50597,s,68.0,°C
2025-12-02,14:16:08.938110,1764681368.93811,s,7.756076,s,68.0,°C
2025-12-02,14:16:09.188341,1764681369.188341,s,8.006307,s,68.0,°C
2025-12-02,14:16:09.438584,1764681369.438584,s,8.25655,s,68.0,°C
2025-12-02,14:16:09.688784,1764681369.688784,s,8.50675,s,68.0,°C
2025-12-02,14:16:09.939016,1764681369.939016,s,8.756982,s,68.0,°C
2025-12-02,14:16:10.188998,1764681370.188998,s,9.006964,s,68.0,°C
2025-12-02,14:16:10.439474,1764681370.439474,s,9.25744,s,68.0,°C
2025-12-02,14:16:10.689321,1764681370.689321,s,9.507287,s,68.0,°C
2025-12-02,14:16:10.939920,1764681370.93992,s,9.757886,s,68.0,°C
2025-12-02,14:16:11.189643,1764681371.189643,s,10.007609,s,68.0,°C
2025-12-02,14:16:11.440371,1764681371.440371,s,10.258337,s,68.0,°C
2025-12-02,14:16:11.689920,1764681371.68992,s,10.507886,s,67.0,°C
2025-12-02,14:16:11.940881,1764681371.940881,s,10.758847,s,67.0,°C
2025-12-02,14:16:12.190125,1764681372.190125,s,11.008091,s,67.0,°C
2025-12-02,14:16:12.441359,1764681372.441359,s,11.259325,s,67.0,°C
2025-12-02,14:16:12.690401,1764681372.690401,s,11.508367,s,67.0,°C
2025-12-02,14:16:12.941689,1764681372.941689,s,11.759655,s,67.0,°C
2025-12-02,14:16:13.190694,1764681373.190694,s,12.00866,s,67.0,°C
2025-12-02,14:16:13.442136,1764681373.442136,s,12.260102,s,68.0,°C
2025-12-02,14:16:13.690903,1764681373.690903,s,12.508869,s,68.0,°C
2025-12-02,14:16:13.942464,1764681373.942464,s,12.76043,s,68.0,°C
2025-12-02,14:16:14.191189,1764681374.191189,s,13.009155,s,68.0,°C
2025-12-02,14:16:14.442937,1764681374.442937,s,13.260903,s,68.0,°C
2025-12-02,14:16:14.691403,1764681374.691403,s,13.509369,s,68.0,°C
2025-12-02,14:16:14.943400,1764681374.9434,s,13.761366,s,68.0,°C
2025-12-02,14:16:15.191896,1764681375.191896,s,14.009862,s,68.0,°C
2025-12-02,14:16:15.443859,1764681375.443859,s,14.261825,s,67.0,°C
2025-12-02,14:16:15.692367,1764681375.692367,s,14.510333,s,67.0,°C
2025-12-02,14:16:15.944308,1764681375.944308,s,14.762274,s,67.0,°C
2025-12-02,14:16:16.192834,1764681376.192834,s,15.0108,s,67.0,°C
2025-12-02,14:16:16.444695,1764681376.444695,s,15.262661,s,67.0,°C
2025-12-02,14:16:16.693312,1764681376.693312,s,15.511278,s,67.0,°C
2025-12-02,14:16:16.944921,1764681376.944921,s,15.762887,s,67.0,°C
2025-12-02,14:16:17.193681,1764681377.193681,s,16.011647,s,67.0,°C
2025-12-02,14:16:17.445378,1764681377.445378,s,16.263344,s,67.0,°C
2025-12-02,14:16:17.694134,1764681377.694134,s,16.5121,s,67.0,°C
2025-12-02,14:16:17.945706,1764681377.945706,s,16.763672,s,67.0,°C
2025-12-02,14:16:18.194601,1764681378.194601,s,17.012567,s,68.0,°C
2025-12-02,14:16:18.445919,1764681378.445919,s,17.263885,s,68.0,°C
2025-12-02,14:16:18.694927,1764681378.694927,s,17.512893,s,68.0,°C
2025-12-02,14:16:18.946128,1764681378.946128,s,17.764094,s,67.0,°C
2025-12-02,14:16:19.195381,1764681379.195381,s,18.013347,s,67.0,°C
2025-12-02,14:16:19.446438,1764681379.446438,s,18.264404,s,67.0,°C
2025-12-02,14:16:19.695858,1764681379.695858,s,18.513824,s,67.0,°C
2025-12-02,14:16:19.946728,1764681379.946728,s,18.764694,s,67.0,°C
2025-12-02,14:16:20.196325,1764681380.196325,s,19.014291,s,67.0,°C
2025-12-02,14:16:20.446920,1764681380.44692,s,19.264886,s,67.0,°C
2025-12-02,14:16:20.696810,1764681380.69681,s,19.514776,s,67.0,°C
2025-12-02,14:16:20.947161,1764681380.947161,s,19.765127,s,67.0,°C
2025-12-02,14:16:21.197273,1764681381.197273,s,20.015239,s,67.0,°C
2025-12-02,14:16:21.447447,1764681381.447447,s,20.265413,s,67.0,°C
2025-12-02,14:16:21.697726,1764681381.697726,s,20.515692,s,67.0,°C
2025-12-02,14:16:21.947772,1764681381.947772,s,20.765738,s,67.0,°C
2025-12-02,14:16:22.197949,1764681382.197949,s,21.015915,s,67.0,°C
2025-12-02,14:16:22.448281,1764681382.448281,s,21.266247,s,67.0,°C
2025-12-02,14:16:22.698377,1764681382.698377,s,21.516343,s,67.0,°C
2025-12-02,14:16:22.948739,1764681382.948739,s,21.766705,s,67.0,°C
2025-12-02,14:16:23.198717,1764681383.198717,s,22.016683,s,67.0,°C
2025-12-02,14:16:23.449068,1764681383.449068,s,22.267034,s,67.0,°C
2025-12-02,14:16:23.699004,1764681383.699004,s,22.51697,s,67.0,°C
2025-12-02,14:16:23.949433,1764681383.949433,s,22.767399,s,67.0,°C
2025-12-02,14:16:24.199333,1764681384.199333,s,23.017299,s,67.0,°C
2025-12-02,14:16:24.449908,1764681384.449908,s,23.267874,s,67.0,°C
2025-12-02,14:16:24.699674,1764681384.699674,s,23.51764,s,67.0,°C
2025-12-02,14:16:24.950198,1764681384.950198,s,23.768164,s,67.0,°C
2025-12-02,14:16:25.199999,1764681385.199999,s,24.017965,s,67.0,°C
2025-12-02,14:16:25.450532,1764681385.450532,s,24.268498,s,67.0,°C
2025-12-02,14:16:25.700312,1764681385.700312,s,24.518278,s,67.0,°C
2025-12-02,14:16:25.950880,1764681385.95088,s,24.768846,s,67.0,°C
2025-12-02,14:16:26.200642,1764681386.200642,s,25.018608,s,67.0,°C
2025-12-02,14:16:26.451363,1764681386.451363,s,25.269329,s,67.0,°C
2025-12-02,14:16:26.700909,1764681386.700909,s,25.518875,s,67.0,°C
2025-12-02,14:16:26.951836,1764681386.951836,s,25.769802,s,67.0,°C
2025-12-02,14:16:27.201191,1764681387.201191,s,26.019157,s,67.0,°C
2025-12-02,14:16:27.452101,1764681387.452101,s,26.270067,s,67.0,°C
2025-12-02,14:16:27.701480,1764681387.70148,s,26.519446,s,67.0,°C
2025-12-02,14:16:27.952459,1764681387.952459,s,26.770425,s,67.0,°C
2025-12-02,14:16:28.201771,1764681388.201771,s,27.019737,s,67.0,°C
2025-12-02,14:16:28.452904,1764681388.452904,s,27.27087,s,67.0,°C
2025-12-02,14:16:28.701998,1764681388.701998,s,27.519964,s,67.0,°C
2025-12-02,14:16:28.953372,1764681388.953372,s,27.771338,s,67.0,°C
2025-12-02,14:16:29.202427,1764681389.202427,s,28.020393,s,67.0,°C
2025-12-02,14:16:29.453830,1764681389.45383,s,28.271796,s,67.0,°C
2025-12-02,14:16:29.702877,1764681389.702877,s,28.520843,s,67.0,°C
2025-12-02,14:16:29.954284,1764681389.954284,s,28.77225,s,67.0,°C
2025-12-02,14:16:30.203141,1764681390.203141,s,29.021107,s,67.0,°C
2025-12-02,14:16:30.454523,1764681390.454523,s,29.272489,s,67.0,°C
2025-12-02,14:16:30.703564,1764681390.703564,s,29.52153,s,67.0,°C
2025-12-02,14:16:30.954853,1764681390.954853,s,29.772819,s,67.0,°C
2025-12-02,14:16:31.203920,1764681391.20392,s,30.021886,s,67.0,°C
2025-12-02,14:16:31.455162,1764681391.455162,s,30.273128,s,67.0,°C
2025-12-02,14:16:31.704441,1764681391.704441,s,30.522407,s,67.0,°C
2025-12-02,14:16:31.955445,1764681391.955445,s,30.773411,s,67.0,°C
2025-12-02,14:16:32.204895,1764681392.204895,s,31.022861,s,67.0,°C
2025-12-02,14:16:32.455654,1764681392.455654,s,31.27362,s,67.0,°C
2025-12-02,14:16:32.705346,1764681392.705346,s,31.523312,s,67.0,°C
2025-12-02,14:16:32.955907,1764681392.955907,s,31.773873,s,67.0,°C
2025-12-02,14:16:33.205676,1764681393.205676,s,32.023642,s,67.0,°C
2025-12-02,14:16:33.456217,1764681393.456217,s,32.274183,s,67.0,°C
2025-12-02,14:16:33.706145,1764681393.706145,s,32.524111,s,67.0,°C
2025-12-02,14:16:33.956508,1764681393.956508,s,32.774474,s,67.0,°C
2025-12-02,14:16:34.206481,1764681394.206481,s,33.024447,s,67.0,°C
2025-12-02,14:16:34.456928,1764681394.456928,s,33.274894,s,67.0,°C
2025-12-02,14:16:34.706709,1764681394.706709,s,33.524675,s,67.0,°C
2025-12-02,14:16:34.957349,1764681394.957349,s,33.775315,s,67.0,°C
2025-12-02,14:16:35.206966,1764681395.206966,s,34.024932,s,67.0,°C
2025-12-02,14:16:35.457830,1764681395.45783,s,34.275796,s,67.0,°C
2025-12-02,14:16:35.707281,1764681395.707281,s,34.525247,s,67.0,°C
2025-12-02,14:16:35.958294,1764681395.958294,s,34.77626,s,67.0,°C
2025-12-02,14:16:36.207611,1764681396.207611,s,35.025577,s,67.0,°C
2025-12-02,14:16:36.458761,1764681396.458761,s,35.276727,s,67.0,°C
2025-12-02,14:16:36.707918,1764681396.707918,s,35.525884,s,67.0,°C
2025-12-02,14:16:36.959261,1764681396.959261,s,35.777227,s,67.0,°C
2025-12-02,14:16:37.208148,1764681397.208148,s,36.026114,s,67.0,°C
2025-12-02,14:16:37.459725,1764681397.459725,s,36.277691,s,67.0,°C
2025-12-02,14:16:37.708460,1764681397.70846,s,36.526426,s,67.0,°C
2025-12-02,14:16:37.960003,1764681397.960003,s,36.777969,s,67.0,°C
2025-12-02,14:16:38.208689,1764681398.208689,s,37.026655,s,67.0,°C
2025-12-02,14:16:38.460522,1764681398.460522,s,37.278488,s,67.0,°C
2025-12-02,14:16:38.709030,1764681398.70903,s,37.526996,s,67.0,°C
2025-12-02,14:16:38.960994,1764681398.960994,s,37.77896,s,67.0,°C
2025-12-02,14:16:39.209385,1764681399.209385,s,38.027351,s,67.0,°C
2025-12-02,14:16:39.461450,1764681399.46145,s,38.279416,s,67.0,°C
2025-12-02,14:16:39.709720,1764681399.70972,s,38.527686,s,67.0,°C
2025-12-02,14:16:39.961903,1764681399.961903,s,38.779869,s,67.0,°C
2025-12-02,14:16:40.209961,1764681400.209961,s,39.027927,s,67.0,°C
2025-12-02,14:16:40.462342,1764681400.462342,s,39.280308,s,67.0,°C
2025-12-02,14:16:40.710371,1764681400.710371,s,39.528337,s,67.0,°C
2025-12-02,14:16:40.962744,1764681400.962744,s,39.78071,s,67.0,°C
2025-12-02,14:16:41.210832,1764681401.210832,s,40.028798,s,67.0,°C
2025-12-02,14:16:41.463002,1764681401.463002,s,40.280968,s,67.0,°C
2025-12-02,14:16:41.711213,1764681401.711213,s,40.529179,s,67.0,°C
2025-12-02,14:16:41.963442,1764681401.963442,s,40.781408,s,67.0,°C
2025-12-02,14:16:42.211651,1764681402.211651,s,41.029617,s,67.0,°C
2025-12-02,14:16:42.463780,1764681402.46378,s,41.281746,s,67.0,°C
2025-12-02,14:16:42.711942,1764681402.711942,s,41.529908,s,67.0,°C
2025-12-02,14:16:42.964035,1764681402.964035,s,41.782001,s,67.0,°C
2025-12-02,14:16:43.212350,1764681403.21235,s,42.030316,s,67.0,°C
2025-12-02,14:16:43.464359,1764681403.464359,s,42.282325,s,67.0,°C
2025-12-02,14:16:43.712810,1764681403.71281,s,42.530776,s,67.0,°C
2025-12-02,14:16:43.964693,1764681403.964693,s,42.782659,s,67.0,°C
2025-12-02,14:16:44.213060,1764681404.21306,s,43.031026,s,67.0,°C
2025-12-02,14:16:44.464990,1764681404.46499,s,43.282956,s,67.0,°C
2025-12-02,14:16:44.713433,1764681404.713433,s,43.531399,s,67.0,°C
2025-12-02,14:16:44.965314,1764681404.965314,s,43.78328,s,67.0,°C
2025-12-02,14:16:45.213772,1764681405.213772,s,44.031738,s,67.0,°C
2025-12-02,14:16:45.465643,1764681405.465643,s,44.283609,s,67.0,°C
2025-12-02,14:16:45.714008,1764681405.714008,s,44.531974,s,67.0,°C
2025-12-02,14:16:45.965920,1764681405.96592,s,44.783886,s,67.0,°C
2025-12-02,14:16:46.214333,1764681406.214333,s,45.032299,s,67.0,°C
2025-12-02,14:16:46.466210,1764681406.46621,s,45.284176,s,67.0,°C
2025-12-02,14:16:46.714818,1764681406.714818,s,45.532784,s,67.0,°C
2025-12-02,14:16:46.966462,1764681406.966462,s,45.784428,s,67.0,°C
2025-12-02,14:16:47.215044,1764681407.215044,s,46.03301,s,67.0,°C
2025-12-02,14:16:47.466751,1764681407.466751,s,46.284717,s,67.0,°C
2025-12-02,14:16:47.715467,1764681407.715467,s,46.533433,s,67.0,°C
2025-12-02,14:16:47.967057,1764681407.967057,s,46.785023,s,67.0,°C
2025-12-02,14:16:48.215939,1764681408.215939,s,47.033905,s,67.0,°C
2025-12-02,14:16:48.467579,1764681408.467579,s,47.285545,s,67.0,°C
2025-12-02,14:16:48.716385,1764681408.716385,s,47.534351,s,67.0,°C
2025-12-02,14:16:48.968046,1764681408.968046,s,47.786012,s,67.0,°C
2025-12-02,14:16:49.216806,1764681409.216806,s,48.034772,s,67.0,°C
2025-12-02,14:16:49.468487,1764681409.468487,s,48.286453,s,67.0,°C
2025-12-02,14:16:49.716997,1764681409.716997,s,48.534963,s,67.0,°C
2025-12-02,14:16:49.968932,1764681409.968932,s,48.786898,s,67.0,°C
2025-12-02,14:16:50.217299,1764681410.217299,s,49.035265,s,67.0,°C
2025-12-02,14:16:50.469378,1764681410.469378,s,49.287344,s,67.0,°C
2025-12-02,14:16:50.717603,1764681410.717603,s,49.535569,s,67.0,°C
2025-12-02,14:16:50.969834,1764681410.969834,s,49.7878,s,67.0,°C
2025-12-02,14:16:51.217906,1764681411.217906,s,50.035872,s,67.0,°C
2025-12-02,14:16:51.470498,1764681411.470498,s,50.288464,s,67.0,°C
2025-12-02,14:16:51.718206,1764681411.718206,s,50.536172,s,67.0,°C
2025-12-02,14:16:51.970848,1764681411.970848,s,50.788814,s,67.0,°C
2025-12-02,14:16:52.218521,1764681412.218521,s,51.036487,s,67.0,°C
2025-12-02,14:16:52.471163,1764681412.471163,s,51.289129,s,67.0,°C
2025-12-02,14:16:52.718784,1764681412.718784,s,51.53675,s,67.0,°C
2025-12-02,14:16:52.971514,1764681412.971514,s,51.78948,s,67.0,°C
2025-12-02,14:16:53.219113,1764681413.219113,s,52.037079,s,67.0,°C
2025-12-02,14:16:53.471856,1764681413.471856,s,52.289822,s,67.0,°C
2025-12-02,14:16:53.719443,1764681413.719443,s,52.537409,s,67.0,°C
2025-12-02,14:16:53.972086,1764681413.972086,s,52.790052,s,67.0,°C
2025-12-02,14:16:54.219678,1764681414.219678,s,53.037644,s,67.0,°C
2025-12-02,14:16:54.472570,1764681414.47257,s,53.290536,s,67.0,°C
2025-12-02,14:16:54.719996,1764681414.719996,s,53.537962,s,67.0,°C
2025-12-02,14:16:54.972995,1764681414.972995,s,53.790961,s,67.0,°C
2025-12-02,14:16:55.220340,1764681415.22034,s,54.038306,s,67.0,°C
2025-12-02,14:16:55.473417,1764681415.473417,s,54.291383,s,67.0,°C
2025-12-02,14:16:55.720683,1764681415.720683,s,54.538649,s,67.0,°C
2025-12-02,14:16:55.973735,1764681415.973735,s,54.791701,s,67.0,°C
2025-12-02,14:16:56.221159,1764681416.221159,s,55.039125,s,67.0,°C
2025-12-02,14:16:56.473985,1764681416.473985,s,55.291951,s,67.0,°C
2025-12-02,14:16:56.721609,1764681416.721609,s,55.539575,s,67.0,°C
2025-12-02,14:16:56.974289,1764681416.974289,s,55.792255,s,67.0,°C
2025-12-02,14:16:57.221932,1764681417.221932,s,56.039898,s,67.0,°C
2025-12-02,14:16:57.474604,1764681417.474604,s,56.29257,s,67.0,°C
2025-12-02,14:16:57.722154,1764681417.722154,s,56.54012,s,67.0,°C
2025-12-02,14:16:57.974822,1764681417.974822,s,56.792788,s,67.0,°C
2025-12-02,14:16:58.222614,1764681418.222614,s,57.04058,s,67.0,°C
2025-12-02,14:16:58.475058,1764681418.475058,s,57.293024,s,67.0,°C
2025-12-02,14:16:58.723025,1764681418.723025,s,57.540991,s,67.0,°C
2025-12-02,14:16:58.975377,1764681418.975377,s,57.793343,s,67.0,°C
2025-12-02,14:16:59.223362,1764681419.223362,s,58.041328,s,67.0,°C
2025-12-02,14:16:59.475678,1764681419.475678,s,58.293644,s,67.0,°C
2025-12-02,14:16:59.723683,1764681419.723683,s,58.541649,s,67.0,°C
2025-12-02,14:16:59.976116,1764681419.976116,s,58.794082,s,67.0,°C
2025-12-02,14:17:00.224143,1764681420.224143,s,59.042109,s,67.0,°C
2025-12-02,14:17:00.476487,1764681420.476487,s,59.294453,s,67.0,°C
2025-12-02,14:17:00.724604,1764681420.724604,s,59.54257,s,67.0,°C
2025-12-02,14:17:00.976789,1764681420.976789,s,59.794755,s,67.0,°C
2025-12-02,14:17:01.224931,1764681421.224931,s,60.042897,s,67.0,°C
2025-12-02,14:17:01.477042,1764681421.477042,s,60.295008,s,67.0,°C
2025-12-02,14:17:01.725447,1764681421.725447,s,60.543413,s,67.0,°C
2025-12-02,14:17:01.977500,1764681421.9775,s,60.795466,s,67.0,°C
2025-12-02,14:17:02.225888,1764681422.225888,s,61.043854,s,67.0,°C
2025-12-02,14:17:02.477967,1764681422.477967,s,61.295933,s,67.0,°C
2025-12-02,14:17:02.726124,1764681422.726124,s,61.54409,s,67.0,°C
2025-12-02,14:17:02.978380,1764681422.97838,s,61.796346,s,67.0,°C
2025-12-02,14:17:03.226606,1764681423.226606,s,62.044572,s,67.0,°C
2025-12-02,14:17:03.478704,1764681423.478704,s,62.29667,s,67.0,°C
2025-12-02,14:17:03.727004,1764681423.727004,s,62.54497,s,67.0,°C
2025-12-02,14:17:03.979090,1764681423.97909,s,62.797056,s,67.0,°C
2025-12-02,14:17:04.227409,1764681424.227409,s,63.045375,s,67.0,°C
2025-12-02,14:17:04.479435,1764681424.479435,s,63.297401,s,67.0,°C
2025-12-02,14:17:04.727835,1764681424.727835,s,63.545801,s,67.0,°C
2025-12-02,14:17:04.979881,1764681424.979881,s,63.797847,s,67.0,°C
2025-12-02,14:17:05.228272,1764681425.228272,s,64.046238,s,67.0,°C
2025-12-02,14:17:05.480326,1764681425.480326,s,64.298292,s,67.0,°C
2025-12-02,14:17:05.728609,1764681425.728609,s,64.546575,s,67.0,°C
2025-12-02,14:17:05.980690,1764681425.98069,s,64.798656,s,67.0,°C
2025-12-02,14:17:06.229087,1764681426.229087,s,65.047053,s,67.0,°C
2025-12-02,14:17:06.481079,1764681426.481079,s,65.299045,s,67.0,°C
2025-12-02,14:17:06.729391,1764681426.729391,s,65.547357,s,67.0,°C
2025-12-02,14:17:06.981594,1764681426.981594,s,65.79956,s,67.0,°C
2025-12-02,14:17:07.229845,1764681427.229845,s,66.047811,s,67.0,°C
2025-12-02,14:17:07.482038,1764681427.482038,s,66.300004,s,67.0,°C
2025-12-02,14:17:07.730059,1764681427.730059,s,66.548025,s,67.0,°C
2025-12-02,14:17:07.982343,1764681427.982343,s,66.800309,s,67.0,°C
2025-12-02,14:17:08.230382,1764681428.230382,s,67.048348,s,67.0,°C
2025-12-02,14:17:08.482843,1764681428.482843,s,67.300809,s,67.0,°C
2025-12-02,14:17:08.730863,1764681428.730863,s,67.548829,s,67.0,°C
2025-12-02,14:17:08.983346,1764681428.983346,s,67.801312,s,67.0,°C
2025-12-02,14:17:09.231382,1764681429.231382,s,68.049348,s,67.0,°C
2025-12-02,14:17:09.483761,1764681429.483761,s,68.301727,s,67.0,°C
2025-12-02,14:17:09.731764,1764681429.731764,s,68.54973,s,67.0,°C
2025-12-02,14:17:09.984188,1764681429.984188,s,68.802154,s,67.0,°C
2025-12-02,14:17:10.232040,1764681430.23204,s,69.050006,s,67.0,°C
2025-12-02,14:17:10.484610,1764681430.48461,s,69.302576,s,67.0,°C
2025-12-02,14:17:10.732581,1764681430.732581,s,69.550547,s,67.0,°C
2025-12-02,14:17:10.984916,1764681430.984916,s,69.802882,s,67.0,°C
2025-12-02,14:17:11.233069,1764681431.233069,s,70.051035,s,67.0,°C
2025-12-02,14:17:11.485339,1764681431.485339,s,70.303305,s,67.0,°C
2025-12-02,14:17:11.733589,1764681431.733589,s,70.551555,s,67.0,°C
2025-12-02,14:17:11.985667,1764681431.985667,s,70.803633,s,67.0,°C
2025-12-02,14:17:12.234088,1764681432.234088,s,71.052054,s,67.0,°C
2025-12-02,14:17:12.485908,1764681432.485908,s,71.303874,s,67.0,°C
2025-12-02,14:17:12.734419,1764681432.734419,s,71.552385,s,67.0,°C
2025-12-02,14:17:12.986219,1764681432.986219,s,71.804185,s,67.0,°C
2025-12-02,14:17:13.234831,1764681433.234831,s,72.052797,s,67.0,°C
2025-12-02,14:17:13.486567,1764681433.486567,s,72.304533,s,67.0,°C
2025-12-02,14:17:13.735348,1764681433.735348,s,72.553314,s,67.0,°C
2025-12-02,14:17:13.986897,1764681433.986897,s,72.804863,s,67.0,°C
2025-12-02,14:17:14.235701,1764681434.235701,s,73.053667,s,67.0,°C
2025-12-02,14:17:14.487223,1764681434.487223,s,73.305189,s,67.0,°C
2025-12-02,14:17:14.735928,1764681434.735928,s,73.553894,s,67.0,°C
2025-12-02,14:17:14.987557,1764681434.987557,s,73.805523,s,67.0,°C
2025-12-02,14:17:15.236283,1764681435.236283,s,74.054249,s,67.0,°C
2025-12-02,14:17:15.487882,1764681435.487882,s,74.305848,s,67.0,°C
2025-12-02,14:17:15.736742,1764681435.736742,s,74.554708,s,67.0,°C
2025-12-02,14:17:15.988094,1764681435.988094,s,74.80606,s,67.0,°C
2025-12-02,14:17:16.236995,1764681436.236995,s,75.054961,s,67.0,°C
2025-12-02,14:17:16.488525,1764681436.488525,s,75.306491,s,67.0,°C
2025-12-02,14:17:16.737381,1764681436.737381,s,75.555347,s,67.0,°C
2025-12-02,14:17:16.989069,1764681436.989069,s,75.807035,s,67.0,°C
2025-12-02,14:17:17.237826,1764681437.237826,s,76.055792,s,67.0,°C
2025-12-02,14:17:17.489642,1764681437.489642,s,76.307608,s,67.0,°C
2025-12-02,14:17:17.738307,1764681437.738307,s,76.556273,s,67.0,°C
2025-12-02,14:17:17.989933,1764681437.989933,s,76.807899,s,67.0,°C
2025-12-02,14:17:18.238719,1764681438.238719,s,77.056685,s,67.0,°C
2025-12-02,14:17:18.490393,1764681438.490393,s,77.308359,s,67.0,°C
2025-12-02,14:17:18.739106,1764681438.739106,s,77.557072,s,67.0,°C
2025-12-02,14:17:18.990723,1764681438.990723,s,77.808689,s,67.0,°C
2025-12-02,14:17:19.239443,1764681439.239443,s,78.057409,s,67.0,°C
2025-12-02,14:17:19.491186,1764681439.491186,s,78.309152,s,67.0,°C
2025-12-02,14:17:19.739896,1764681439.739896,s,78.557862,s,67.0,°C
2025-12-02,14:17:19.991402,1764681439.991402,s,78.809368,s,67.0,°C
2025-12-02,14:17:20.240284,1764681440.240284,s,79.05825,s,67.0,°C
2025-12-02,14:17:20.491889,1764681440.491889,s,79.309855,s,67.0,°C
2025-12-02,14:17:20.740627,1764681440.740627,s,79.558593,s,67.0,°C
2025-12-02,14:17:20.992394,1764681440.992394,s,79.81036,s,67.0,°C
2025-12-02,14:17:21.240920,1764681441.24092,s,80.058886,s,67.0,°C
2025-12-02,14:17:21.492862,1764681441.492862,s,80.310828,s,67.0,°C
2025-12-02,14:17:21.741147,1764681441.741147,s,80.559113,s,67.0,°C
2025-12-02,14:17:21.993241,1764681441.993241,s,80.811207,s,67.0,°C
2025-12-02,14:17:22.241471,1764681442.241471,s,81.059437,s,67.0,°C
2025-12-02,14:17:22.493697,1764681442.493697,s,81.311663,s,67.0,°C
2025-12-02,14:17:22.741785,1764681442.741785,s,81.559751,s,67.0,°C
2025-12-02,14:17:22.994157,1764681442.994157,s,81.812123,s,67.0,°C
2025-12-02,14:17:23.242001,1764681443.242001,s,82.059967,s,67.0,°C
2025-12-02,14:17:23.494515,1764681443.494515,s,82.312481,s,67.0,°C
2025-12-02,14:17:23.742419,1764681443.742419,s,82.560385,s,67.0,°C
2025-12-02,14:17:23.995029,1764681443.995029,s,82.812995,s,67.0,°C
2025-12-02,14:17:24.242915,1764681444.242915,s,83.060881,s,67.0,°C
2025-12-02,14:17:24.495430,1764681444.49543,s,83.313396,s,67.0,°C
2025-12-02,14:17:24.743167,1764681444.743167,s,83.561133,s,67.0,°C
2025-12-02,14:17:24.995853,1764681444.995853,s,83.813819,s,67.0,°C
2025-12-02,14:17:25.243627,1764681445.243627,s,84.061593,s,67.0,°C
2025-12-02,14:17:25.496298,1764681445.496298,s,84.314264,s,67.0,°C
2025-12-02,14:17:25.743950,1764681445.74395,s,84.561916,s,67.0,°C
2025-12-02,14:17:25.996702,1764681445.996702,s,84.814668,s,67.0,°C
2025-12-02,14:17:26.244298,1764681446.244298,s,85.062264,s,67.0,°C
2025-12-02,14:17:26.496935,1764681446.496935,s,85.314901,s,67.0,°C
2025-12-02,14:17:26.744626,1764681446.744626,s,85.562592,s,67.0,°C
2025-12-02,14:17:26.997166,1764681446.997166,s,85.815132,s,67.0,°C
2025-12-02,14:17:27.244922,1764681447.244922,s,86.062888,s,67.0,°C
2025-12-02,14:17:27.497418,1764681447.497418,s,86.315384,s,67.0,°C
2025-12-02,14:17:27.745458,1764681447.745458,s,86.563424,s,67.0,°C
2025-12-02,14:17:27.997713,1764681447.997713,s,86.815679,s,67.0,°C
2025-12-02,14:17:28.245938,1764681448.245938,s,87.063904,s,67.0,°C
2025-12-02,14:17:28.498006,1764681448.498006,s,87.315972,s,67.0,°C
2025-12-02,14:17:28.746398,1764681448.746398,s,87.564364,s,67.0,°C
2025-12-02,14:17:28.998334,1764681448.998334,s,87.8163,s,67.0,°C
2025-12-02,14:17:29.246875,1764681449.246875,s,88.064841,s,67.0,°C
2025-12-02,14:17:29.498686,1764681449.498686,s,88.316652,s,67.0,°C
2025-12-02,14:17:29.747334,1764681449.747334,s,88.5653,s,67.0,°C
2025-12-02,14:17:29.998966,1764681449.998966,s,88.816932,s,67.0,°C
2025-12-02,14:17:30.247795,1764681450.247795,s,89.065761,s,67.0,°C
2025-12-02,14:17:30.499209,1764681450.499209,s,89.317175,s,67.0,°C
2025-12-02,14:17:30.748269,1764681450.748269,s,89.566235,s,67.0,°C
2025-12-02,14:17:30.999457,1764681450.999457,s,89.817423,s,67.0,°C
2025-12-02,14:17:31.248695,1764681451.248695,s,90.066661,s,67.0,°C
2025-12-02,14:17:31.500023,1764681451.500023,s,90.317989,s,67.0,°C
2025-12-02,14:17:31.749145,1764681451.749145,s,90.567111,s,67.0,°C
2025-12-02,14:17:32.000522,1764681452.000522,s,90.818488,s,67.0,°C
2025-12-02,14:17:32.249628,1764681452.249628,s,91.067594,s,67.0,°C
2025-12-02,14:17:32.500982,1764681452.500982,s,91.318948,s,67.0,°C
2025-12-02,14:17:32.749933,1764681452.749933,s,91.567899,s,67.0,°C
2025-12-02,14:17:33.001332,1764681453.001332,s,91.819298,s,67.0,°C
2025-12-02,14:17:33.250465,1764681453.250465,s,92.068431,s,67.0,°C
2025-12-02,14:17:33.501685,1764681453.501685,s,92.319651,s,67.0,°C
2025-12-02,14:17:33.750941,1764681453.750941,s,92.568907,s,67.0,°C
2025-12-02,14:17:34.002215,1764681454.002215,s,92.820181,s,67.0,°C
2025-12-02,14:17:34.251373,1764681454.251373,s,93.069339,s,67.0,°C
2025-12-02,14:17:34.502562,1764681454.502562,s,93.320528,s,67.0,°C
2025-12-02,14:17:34.751817,1764681454.751817,s,93.569783,s,67.0,°C
2025-12-02,14:17:35.003013,1764681455.003013,s,93.820979,s,67.0,°C
2025-12-02,14:17:35.252050,1764681455.25205,s,94.070016,s,67.0,°C
2025-12-02,14:17:35.503444,1764681455.503444,s,94.32141,s,67.0,°C
2025-12-02,14:17:35.752410,1764681455.75241,s,94.570376,s,67.0,°C
2025-12-02,14:17:36.003683,1764681456.003683,s,94.821649,s,67.0,°C
2025-12-02,14:17:36.252764,1764681456.252764,s,95.07073,s,67.0,°C
2025-12-02,14:17:36.503928,1764681456.503928,s,95.321894,s,67.0,°C
2025-12-02,14:17:36.753002,1764681456.753002,s,95.570968,s,67.0,°C
2025-12-02,14:17:37.004370,1764681457.00437,s,95.822336,s,67.0,°C
2025-12-02,14:17:37.253295,1764681457.253295,s,96.071261,s,67.0,°C
2025-12-02,14:17:37.504669,1764681457.504669,s,96.322635,s,67.0,°C
2025-12-02,14:17:37.753605,1764681457.753605,s,96.571571,s,67.0,°C
2025-12-02,14:17:38.005111,1764681458.005111,s,96.823077,s,67.0,°C
2025-12-02,14:17:38.253956,1764681458.253956,s,97.071922,s,67.0,°C
2025-12-02,14:17:38.505467,1764681458.505467,s,97.323433,s,67.0,°C
2025-12-02,14:17:38.754417,1764681458.754417,s,97.572383,s,67.0,°C
2025-12-02,14:17:39.005792,1764681459.005792,s,97.823758,s,67.0,°C
2025-12-02,14:17:39.254877,1764681459.254877,s,98.072843,s,67.0,°C
2025-12-02,14:17:39.506003,1764681459.506003,s,98.323969,s,67.0,°C
2025-12-02,14:17:39.755293,1764681459.755293,s,98.573259,s,67.0,°C
2025-12-02,14:17:40.006335,1764681460.006335,s,98.824301,s,67.0,°C
2025-12-02,14:17:40.255790,1764681460.25579,s,99.073756,s,67.0,°C
2025-12-02,14:17:40.506850,1764681460.50685,s,99.324816,s,67.0,°C
2025-12-02,14:17:40.756263,1764681460.756263,s,99.574229,s,67.0,°C
2025-12-02,14:17:41.007279,1764681461.007279,s,99.825245,s,67.0,°C
2025-12-02,14:17:41.256716,1764681461.256716,s,100.074682,s,67.0,°C
2025-12-02,14:17:41.507744,1764681461.507744,s,100.32571,s,67.0,°C
2025-12-02,14:17:41.756920,1764681461.75692,s,100.574886,s,67.0,°C
2025-12-02,14:17:42.008214,1764681462.008214,s,100.82618,s,67.0,°C
2025-12-02,14:17:42.257369,1764681462.257369,s,101.075335,s,67.0,°C
2025-12-02,14:17:42.508565,1764681462.508565,s,101.326531,s,67.0,°C
2025-12-02,14:17:42.757822,1764681462.757822,s,101.575788,s,67.0,°C
2025-12-02,14:17:43.008913,1764681463.008913,s,101.826879,s,67.0,°C
2025-12-02,14:17:43.258273,1764681463.258273,s,102.076239,s,67.0,°C
2025-12-02,14:17:43.509147,1764681463.509147,s,102.327113,s,67.0,°C
2025-12-02,14:17:43.758760,1764681463.75876,s,102.576726,s,67.0,°C
2025-12-02,14:17:44.009458,1764681464.009458,s,102.827424,s,67.0,°C
2025-12-02,14:17:44.259221,1764681464.259221,s,103.077187,s,67.0,°C
2025-12-02,14:17:44.509748,1764681464.509748,s,103.327714,s,67.0,°C
2025-12-02,14:17:44.759542,1764681464.759542,s,103.577508,s,67.0,°C
2025-12-02,14:17:45.010180,1764681465.01018,s,103.828146,s,67.0,°C
2025-12-02,14:17:45.259867,1764681465.259867,s,104.077833,s,67.0,°C
2025-12-02,14:17:45.510619,1764681465.510619,s,104.328585,s,67.0,°C
2025-12-02,14:17:45.760182,1764681465.760182,s,104.578148,s,67.0,°C
2025-12-02,14:17:46.010951,1764681466.010951,s,104.828917,s,67.0,°C
2025-12-02,14:17:46.260652,1764681466.260652,s,105.078618,s,67.0,°C
2025-12-02,14:17:46.511263,1764681466.511263,s,105.329229,s,67.0,°C
2025-12-02,14:17:46.761170,1764681466.76117,s,105.579136,s,67.0,°C
2025-12-02,14:17:47.011598,1764681467.011598,s,105.829564,s,67.0,°C
2025-12-02,14:17:47.261532,1764681467.261532,s,106.079498,s,67.0,°C
2025-12-02,14:17:47.512032,1764681467.512032,s,106.329998,s,67.0,°C
2025-12-02,14:17:47.761936,1764681467.761936,s,106.579902,s,67.0,°C
2025-12-02,14:17:48.012591,1764681468.012591,s,106.830557,s,67.0,°C
2025-12-02,14:17:48.262419,1764681468.262419,s,107.080385,s,67.0,°C
2025-12-02,14:17:48.513062,1764681468.513062,s,107.331028,s,67.0,°C
2025-12-02,14:17:48.762765,1764681468.762765,s,107.580731,s,67.0,°C
2025-12-02,14:17:49.013559,1764681469.013559,s,107.831525,s,67.0,°C
2025-12-02,14:17:49.263086,1764681469.263086,s,108.081052,s,67.0,°C
2025-12-02,14:17:49.514019,1764681469.514019,s,108.331985,s,67.0,°C
2025-12-02,14:17:49.763449,1764681469.763449,s,108.581415,s,67.0,°C
2025-12-02,14:17:50.014345,1764681470.014345,s,108.832311,s,67.0,°C
2025-12-02,14:17:50.263829,1764681470.263829,s,109.081795,s,67.0,°C
2025-12-02,14:17:50.514682,1764681470.514682,s,109.332648,s,67.0,°C
2025-12-02,14:17:50.764067,1764681470.764067,s,109.582033,s,67.0,°C
2025-12-02,14:17:51.015159,1764681471.015159,s,109.833125,s,67.0,°C
2025-12-02,14:17:51.264387,1764681471.264387,s,110.082353,s,67.0,°C
2025-12-02,14:17:51.515644,1764681471.515644,s,110.33361,s,67.0,°C
2025-12-02,14:17:51.764679,1764681471.764679,s,110.582645,s,67.0,°C
2025-12-02,14:17:52.015995,1764681472.015995,s,110.833961,s,67.0,°C
2025-12-02,14:17:52.265175,1764681472.265175,s,111.083141,s,67.0,°C
2025-12-02,14:17:52.516306,1764681472.516306,s,111.334272,s,67.0,°C
2025-12-02,14:17:52.765448,1764681472.765448,s,111.583414,s,67.0,°C
2025-12-02,14:17:53.016754,1764681473.016754,s,111.83472,s,67.0,°C
2025-12-02,14:17:53.265904,1764681473.265904,s,112.08387,s,67.0,°C
2025-12-02,14:17:53.517001,1764681473.517001,s,112.334967,s,67.0,°C
2025-12-02,14:17:53.766131,1764681473.766131,s,112.584097,s,67.0,°C
2025-12-02,14:17:54.017285,1764681474.017285,s,112.835251,s,67.0,°C
2025-12-02,14:17:54.266616,1764681474.266616,s,113.084582,s,67.0,°C
2025-12-02,14:17:54.517616,1764681474.517616,s,113.335582,s,67.0,°C
2025-12-02,14:17:54.767089,1764681474.767089,s,113.585055,s,67.0,°C
2025-12-02,14:17:55.018042,1764681475.018042,s,113.836008,s,67.0,°C
2025-12-02,14:17:55.267448,1764681475.267448,s,114.085414,s,67.0,°C
2025-12-02,14:17:55.518501,1764681475.518501,s,114.336467,s,67.0,°C
2025-12-02,14:17:55.767785,1764681475.767785,s,114.585751,s,67.0,°C
2025-12-02,14:17:56.018932,1764681476.018932,s,114.836898,s,67.0,°C
2025-12-02,14:17:56.268264,1764681476.268264,s,115.08623,s,67.0,°C
2025-12-02,14:17:56.519378,1764681476.519378,s,115.337344,s,67.0,°C
2025-12-02,14:17:56.768715,1764681476.768715,s,115.586681,s,67.0,°C
2025-12-02,14:17:57.019714,1764681477.019714,s,115.83768,s,67.0,°C
2025-12-02,14:17:57.269198,1764681477.269198,s,116.087164,s,67.0,°C
2025-12-02,14:17:57.520015,1764681477.520015,s,116.337981,s,67.0,°C
2025-12-02,14:17:57.769620,1764681477.76962,s,116.587586,s,67.0,°C
2025-12-02,14:17:58.020348,1764681478.020348,s,116.838314,s,67.0,°C
2025-12-02,14:17:58.269958,1764681478.269958,s,117.087924,s,67.0,°C
2025-12-02,14:17:58.520674,1764681478.520674,s,117.33864,s,67.0,°C
2025-12-02,14:17:58.770390,1764681478.77039,s,117.588356,s,67.0,°C
2025-12-02,14:17:59.021109,1764681479.021109,s,117.839075,s,67.0,°C
2025-12-02,14:17:59.270712,1764681479.270712,s,118.088678,s,67.0,°C
2025-12-02,14:17:59.521467,1764681479.521467,s,118.339433,s,67.0,°C
2025-12-02,14:17:59.770962,1764681479.770962,s,118.588928,s,67.0,°C
2025-12-02,14:18:00.021796,1764681480.021796,s,118.839762,s,67.0,°C
2025-12-02,14:18:00.271397,1764681480.271397,s,119.089363,s,67.0,°C
2025-12-02,14:18:00.522267,1764681480.522267,s,119.340233,s,67.0,°C
2025-12-02,14:18:00.771885,1764681480.771885,s,119.589851,s,67.0,°C
2025-12-02,14:18:01.022677,1764681481.022677,s,119.840643,s,67.0,°C
2025-12-02,14:18:01.272173,1764681481.272173,s,120.090139,s,67.0,°C
2025-12-02,14:18:01.523154,1764681481.523154,s,120.34112,s,67.0,°C
2025-12-02,14:18:01.772599,1764681481.772599,s,120.590565,s,67.0,°C
2025-12-02,14:18:02.023588,1764681482.023588,s,120.841554,s,67.0,°C
2025-12-02,14:18:02.272926,1764681482.272926,s,121.090892,s,67.0,°C
2025-12-02,14:18:02.524043,1764681482.524043,s,121.342009,s,67.0,°C
2025-12-02,14:18:02.773161,1764681482.773161,s,121.591127,s,67.0,°C
2025-12-02,14:18:03.024501,1764681483.024501,s,121.842467,s,67.0,°C
2025-12-02,14:18:03.273494,1764681483.273494,s,122.09146,s,67.0,°C
2025-12-02,14:18:03.524961,1764681483.524961,s,122.342927,s,67.0,°C
2025-12-02,14:18:03.773812,1764681483.773812,s,122.591778,s,67.0,°C
2025-12-02,14:18:04.025269,1764681484.025269,s,122.843235,s,67.0,°C
2025-12-02,14:18:04.274211,1764681484.274211,s,123.092177,s,67.0,°C
2025-12-02,14:18:04.525597,1764681484.525597,s,123.343563,s,67.0,°C
2025-12-02,14:18:04.774565,1764681484.774565,s,123.592531,s,67.0,°C
2025-12-02,14:18:05.026010,1764681485.02601,s,123.843976,s,67.0,°C
2025-12-02,14:18:05.274870,1764681485.27487,s,124.092836,s,67.0,°C
2025-12-02,14:18:05.526446,1764681485.526446,s,124.344412,s,67.0,°C
2025-12-02,14:18:05.775068,1764681485.775068,s,124.593034,s,67.0,°C
2025-12-02,14:18:06.026892,1764681486.026892,s,124.844858,s,67.0,°C
2025-12-02,14:18:06.275456,1764681486.275456,s,125.093422,s,67.0,°C
2025-12-02,14:18:06.527356,1764681486.527356,s,125.345322,s,67.0,°C
2025-12-02,14:18:06.775904,1764681486.775904,s,125.59387,s,67.0,°C
2025-12-02,14:18:07.027836,1764681487.027836,s,125.845802,s,67.0,°C
2025-12-02,14:18:07.276357,1764681487.276357,s,126.094323,s,67.0,°C
2025-12-02,14:18:07.528117,1764681487.528117,s,126.346083,s,67.0,°C
2025-12-02,14:18:07.776703,1764681487.776703,s,126.594669,s,67.0,°C
2025-12-02,14:18:08.028504,1764681488.028504,s,126.84647,s,67.0,°C
2025-12-02,14:18:08.277197,1764681488.277197,s,127.095163,s,67.0,°C
2025-12-02,14:18:08.528949,1764681488.528949,s,127.346915,s,67.0,°C
2025-12-02,14:18:08.777673,1764681488.777673,s,127.595639,s,67.0,°C
2025-12-02,14:18:09.029389,1764681489.029389,s,127.847355,s,67.0,°C
2025-12-02,14:18:09.277932,1764681489.277932,s,128.095898,s,67.0,°C
2025-12-02,14:18:09.529829,1764681489.529829,s,128.347795,s,67.0,°C
2025-12-02,14:18:09.778178,1764681489.778178,s,128.596144,s,66.0,°C
2025-12-02,14:18:10.030272,1764681490.030272,s,128.848238,s,66.0,°C
2025-12-02,14:18:10.278604,1764681490.278604,s,129.09657,s,66.0,°C
2025-12-02,14:18:10.530706,1764681490.530706,s,129.348672,s,66.0,°C
2025-12-02,14:18:10.778955,1764681490.778955,s,129.596921,s,66.0,°C
2025-12-02,14:18:11.030962,1764681491.030962,s,129.848928,s,66.0,°C
2025-12-02,14:18:11.279384,1764681491.279384,s,130.09735,s,66.0,°C
2025-12-02,14:18:11.531308,1764681491.531308,s,130.349274,s,67.0,°C
2025-12-02,14:18:11.779842,1764681491.779842,s,130.597808,s,67.0,°C
2025-12-02,14:18:12.031635,1764681492.031635,s,130.849601,s,67.0,°C
2025-12-02,14:18:12.280078,1764681492.280078,s,131.098044,s,67.0,°C
2025-12-02,14:18:12.531912,1764681492.531912,s,131.349878,s,67.0,°C
2025-12-02,14:18:12.780516,1764681492.780516,s,131.598482,s,67.0,°C
2025-12-02,14:18:13.032110,1764681493.03211,s,131.850076,s,67.0,°C
2025-12-02,14:18:13.280831,1764681493.280831,s,132.098797,s,67.0,°C
2025-12-02,14:18:13.532525,1764681493.532525,s,132.350491,s,67.0,°C
2025-12-02,14:18:13.781043,1764681493.781043,s,132.599009,s,67.0,°C
2025-12-02,14:18:14.032755,1764681494.032755,s,132.850721,s,67.0,°C
2025-12-02,14:18:14.281424,1764681494.281424,s,133.09939,s,67.0,°C
2025-12-02,14:18:14.533263,1764681494.533263,s,133.351229,s,67.0,°C
2025-12-02,14:18:14.781873,1764681494.781873,s,133.599839,s,67.0,°C
2025-12-02,14:18:15.033724,1764681495.033724,s,133.85169,s,67.0,°C
2025-12-02,14:18:15.282432,1764681495.282432,s,134.100398,s,67.0,°C
2025-12-02,14:18:15.534005,1764681495.534005,s,134.351971,s,67.0,°C
2025-12-02,14:18:15.782854,1764681495.782854,s,134.60082,s,67.0,°C
2025-12-02,14:18:16.034409,1764681496.034409,s,134.852375,s,67.0,°C
2025-12-02,14:18:16.283085,1764681496.283085,s,135.101051,s,67.0,°C
2025-12-02,14:18:16.534813,1764681496.534813,s,135.352779,s,67.0,°C
2025-12-02,14:18:16.783418,1764681496.783418,s,135.601384,s,66.0,°C
2025-12-02,14:18:17.035287,1764681497.035287,s,135.853253,s,66.0,°C
2025-12-02,14:18:17.283759,1764681497.283759,s,136.101725,s,66.0,°C
2025-12-02,14:18:17.535761,1764681497.535761,s,136.353727,s,66.0,°C
2025-12-02,14:18:17.784081,1764681497.784081,s,136.602047,s,66.0,°C
2025-12-02,14:18:18.036220,1764681498.03622,s,136.854186,s,66.0,°C
2025-12-02,14:18:18.284464,1764681498.284464,s,137.10243,s,66.0,°C
2025-12-02,14:18:18.536667,1764681498.536667,s,137.354633,s,66.0,°C
2025-12-02,14:18:18.784810,1764681498.78481,s,137.602776,s,66.0,°C
2025-12-02,14:18:19.037117,1764681499.037117,s,137.855083,s,66.0,°C
2025-12-02,14:18:19.285029,1764681499.285029,s,138.102995,s,66.0,°C
2025-12-02,14:18:19.537563,1764681499.537563,s,138.355529,s,66.0,°C
2025-12-02,14:18:19.785326,1764681499.785326,s,138.603292,s,67.0,°C
2025-12-02,14:18:20.038004,1764681500.038004,s,138.85597,s,67.0,°C
2025-12-02,14:18:20.285643,1764681500.285643,s,139.103609,s,66.0,°C
2025-12-02,14:18:20.538460,1764681500.53846,s,139.356426,s,66.0,°C
2025-12-02,14:18:20.785996,1764681500.785996,s,139.603962,s,66.0,°C
2025-12-02,14:18:21.038918,1764681501.038918,s,139.856884,s,66.0,°C
2025-12-02,14:18:21.286440,1764681501.28644,s,140.104406,s,66.0,°C
2025-12-02,14:18:21.539159,1764681501.539159,s,140.357125,s,66.0,°C
2025-12-02,14:18:21.786849,1764681501.786849,s,140.604815,s,66.0,°C
2025-12-02,14:18:22.039480,1764681502.03948,s,140.857446,s,67.0,°C
2025-12-02,14:18:22.287330,1764681502.28733,s,141.105296,s,67.0,°C
2025-12-02,14:18:22.539939,1764681502.539939,s,141.357905,s,67.0,°C
2025-12-02,14:18:22.787791,1764681502.787791,s,141.605757,s,67.0,°C
2025-12-02,14:18:23.040362,1764681503.040362,s,141.858328,s,67.0,°C
2025-12-02,14:18:23.288259,1764681503.288259,s,142.106225,s,66.0,°C
2025-12-02,14:18:23.540667,1764681503.540667,s,142.358633,s,66.0,°C
2025-12-02,14:18:23.788500,1764681503.7885,s,142.606466,s,66.0,°C
2025-12-02,14:18:24.041115,1764681504.041115,s,142.859081,s,66.0,°C
2025-12-02,14:18:24.288874,1764681504.288874,s,143.10684,s,66.0,°C
2025-12-02,14:18:24.541450,1764681504.54145,s,143.359416,s,66.0,°C
2025-12-02,14:18:24.789184,1764681504.789184,s,143.60715,s,66.0,°C
2025-12-02,14:18:25.041793,1764681505.041793,s,143.859759,s,66.0,°C
2025-12-02,14:18:25.289636,1764681505.289636,s,144.107602,s,66.0,°C
2025-12-02,14:18:25.542059,1764681505.542059,s,144.360025,s,66.0,°C
2025-12-02,14:18:25.790115,1764681505.790115,s,144.608081,s,66.0,°C
2025-12-02,14:18:26.042505,1764681506.042505,s,144.860471,s,66.0,°C
2025-12-02,14:18:26.290562,1764681506.290562,s,145.108528,s,66.0,°C
2025-12-02,14:18:26.542834,1764681506.542834,s,145.3608,s,66.0,°C
2025-12-02,14:18:26.791028,1764681506.791028,s,145.608994,s,66.0,°C
2025-12-02,14:18:27.043063,1764681507.043063,s,145.861029,s,66.0,°C
2025-12-02,14:18:27.291442,1764681507.291442,s,146.109408,s,66.0,°C
2025-12-02,14:18:27.543287,1764681507.543287,s,146.361253,s,66.0,°C
2025-12-02,14:18:27.791830,1764681507.79183,s,146.609796,s,66.0,°C
2025-12-02,14:18:28.043769,1764681508.043769,s,146.861735,s,66.0,°C
2025-12-02,14:18:28.292277,1764681508.292277,s,147.110243,s,66.0,°C
2025-12-02,14:18:28.544312,1764681508.544312,s,147.362278,s,66.0,°C
2025-12-02,14:18:28.792567,1764681508.792567,s,147.610533,s,66.0,°C
2025-12-02,14:18:29.044557,1764681509.044557,s,147.862523,s,66.0,°C
2025-12-02,14:18:29.292953,1764681509.292953,s,148.110919,s,66.0,°C
2025-12-02,14:18:29.544999,1764681509.544999,s,148.362965,s,66.0,°C
2025-12-02,14:18:29.793252,1764681509.793252,s,148.611218,s,66.0,°C
2025-12-02,14:18:30.045380,1764681510.04538,s,148.863346,s,66.0,°C
2025-12-02,14:18:30.293708,1764681510.293708,s,149.111674,s,66.0,°C
2025-12-02,14:18:30.545777,1764681510.545777,s,149.363743,s,66.0,°C
2025-12-02,14:18:30.793917,1764681510.793917,s,149.611883,s,66.0,°C
2025-12-02,14:18:31.046254,1764681511.046254,s,149.86422,s,66.0,°C
2025-12-02,14:18:31.294155,1764681511.294155,s,150.112121,s,66.0,°C
2025-12-02,14:18:31.546660,1764681511.54666,s,150.364626,s,66.0,°C
2025-12-02,14:18:31.794493,1764681511.794493,s,150.612459,s,66.0,°C
2025-12-02,14:18:32.047121,1764681512.047121,s,150.865087,s,66.0,°C
2025-12-02,14:18:32.294787,1764681512.294787,s,151.112753,s,66.0,°C
2025-12-02,14:18:32.547502,1764681512.547502,s,151.365468,s,66.0,°C
2025-12-02,14:18:32.794985,1764681512.794985,s,151.612951,s,66.0,°C
2025-12-02,14:18:33.047944,1764681513.047944,s,151.86591,s,66.0,°C
2025-12-02,14:18:33.295290,1764681513.29529,s,152.113256,s,66.0,°C
2025-12-02,14:18:33.548405,1764681513.548405,s,152.366371,s,66.0,°C
2025-12-02,14:18:33.795597,1764681513.795597,s,152.613563,s,66.0,°C
2025-12-02,14:18:34.048702,1764681514.048702,s,152.866668,s,66.0,°C
2025-12-02,14:18:34.295809,1764681514.295809,s,153.113775,s,66.0,°C
2025-12-02,14:18:34.549190,1764681514.54919,s,153.367156,s,66.0,°C
2025-12-02,14:18:34.796188,1764681514.796188,s,153.614154,s,66.0,°C
2025-12-02,14:18:35.049645,1764681515.049645,s,153.867611,s,66.0,°C
2025-12-02,14:18:35.296949,1764681515.296949,s,154.114915,s,66.0,°C
2025-12-02,14:18:35.550050,1764681515.55005,s,154.368016,s,66.0,°C
2025-12-02,14:18:35.797451,1764681515.797451,s,154.615417,s,66.0,°C
2025-12-02,14:18:36.050447,1764681516.050447,s,154.868413,s,66.0,°C
2025-12-02,14:18:36.297976,1764681516.297976,s,155.115942,s,66.0,°C
2025-12-02,14:18:36.550888,1764681516.550888,s,155.368854,s,66.0,°C
2025-12-02,14:18:36.798480,1764681516.79848,s,155.616446,s,66.0,°C
2025-12-02,14:18:37.051191,1764681517.051191,s,155.869157,s,66.0,°C
2025-12-02,14:18:37.298894,1764681517.298894,s,156.11686,s,66.0,°C
2025-12-02,14:18:37.551513,1764681517.551513,s,156.369479,s,66.0,°C
2025-12-02,14:18:37.799151,1764681517.799151,s,156.617117,s,66.0,°C
2025-12-02,14:18:38.051834,1764681518.051834,s,156.8698,s,66.0,°C
2025-12-02,14:18:38.299514,1764681518.299514,s,157.11748,s,66.0,°C
2025-12-02,14:18:38.552079,1764681518.552079,s,157.370045,s,66.0,°C
2025-12-02,14:18:38.799887,1764681518.799887,s,157.617853,s,66.0,°C
2025-12-02,14:18:39.052386,1764681519.052386,s,157.870352,s,66.0,°C
2025-12-02,14:18:39.300325,1764681519.300325,s,158.118291,s,66.0,°C
2025-12-02,14:18:39.552730,1764681519.55273,s,158.370696,s,66.0,°C
2025-12-02,14:18:39.800781,1764681519.800781,s,158.618747,s,66.0,°C
2025-12-02,14:18:40.052926,1764681520.052926,s,158.870892,s,66.0,°C
2025-12-02,14:18:40.301011,1764681520.301011,s,159.118977,s,66.0,°C
2025-12-02,14:18:40.553149,1764681520.553149,s,159.371115,s,66.0,°C
2025-12-02,14:18:40.801244,1764681520.801244,s,159.61921,s,66.0,°C
2025-12-02,14:18:41.053491,1764681521.053491,s,159.871457,s,66.0,°C
2025-12-02,14:18:41.301685,1764681521.301685,s,160.119651,s,66.0,°C
2025-12-02,14:18:41.553818,1764681521.553818,s,160.371784,s,66.0,°C
2025-12-02,14:18:41.801927,1764681521.801927,s,160.619893,s,66.0,°C
2025-12-02,14:18:42.054013,1764681522.054013,s,160.871979,s,66.0,°C
2025-12-02,14:18:42.302150,1764681522.30215,s,161.120116,s,66.0,°C
2025-12-02,14:18:42.554448,1764681522.554448,s,161.372414,s,66.0,°C
2025-12-02,14:18:42.802467,1764681522.802467,s,161.620433,s,66.0,°C
2025-12-02,14:18:43.054898,1764681523.054898,s,161.872864,s,66.0,°C
2025-12-02,14:18:43.302860,1764681523.30286,s,162.120826,s,66.0,°C
2025-12-02,14:18:43.555232,1764681523.555232,s,162.373198,s,66.0,°C
2025-12-02,14:18:43.803175,1764681523.803175,s,162.621141,s,66.0,°C
2025-12-02,14:18:44.055709,1764681524.055709,s,162.873675,s,66.0,°C
2025-12-02,14:18:44.303503,1764681524.303503,s,163.121469,s,66.0,°C
2025-12-02,14:18:44.555931,1764681524.555931,s,163.373897,s,66.0,°C
2025-12-02,14:18:44.803979,1764681524.803979,s,163.621945,s,66.0,°C
2025-12-02,14:18:45.056157,1764681525.056157,s,163.874123,s,66.0,°C
2025-12-02,14:18:45.304300,1764681525.3043,s,164.122266,s,66.0,°C
2025-12-02,14:18:45.556617,1764681525.556617,s,164.374583,s,66.0,°C
2025-12-02,14:18:45.804670,1764681525.80467,s,164.622636,s,66.0,°C
2025-12-02,14:18:46.057142,1764681526.057142,s,164.875108,s,66.0,°C
2025-12-02,14:18:46.304912,1764681526.304912,s,165.122878,s,66.0,°C
2025-12-02,14:18:46.557532,1764681526.557532,s,165.375498,s,66.0,°C
2025-12-02,14:18:46.805199,1764681526.805199,s,165.623165,s,66.0,°C
2025-12-02,14:18:47.057990,1764681527.05799,s,165.875956,s,66.0,°C
2025-12-02,14:18:47.305508,1764681527.305508,s,166.123474,s,66.0,°C
2025-12-02,14:18:47.558322,1764681527.558322,s,166.376288,s,66.0,°C
2025-12-02,14:18:47.805779,1764681527.805779,s,166.623745,s,66.0,°C
2025-12-02,14:18:48.058767,1764681528.058767,s,166.876733,s,66.0,°C
2025-12-02,14:18:48.305986,1764681528.305986,s,167.123952,s,66.0,°C
2025-12-02,14:18:48.559015,1764681528.559015,s,167.376981,s,66.0,°C
2025-12-02,14:18:48.806399,1764681528.806399,s,167.624365,s,66.0,°C
2025-12-02,14:18:49.059474,1764681529.059474,s,167.87744,s,66.0,°C
2025-12-02,14:18:49.306729,1764681529.306729,s,168.124695,s,66.0,°C
2025-12-02,14:18:49.559922,1764681529.559922,s,168.377888,s,66.0,°C
2025-12-02,14:18:49.807191,1764681529.807191,s,168.625157,s,66.0,°C
2025-12-02,14:18:50.060378,1764681530.060378,s,168.878344,s,66.0,°C
2025-12-02,14:18:50.307587,1764681530.307587,s,169.125553,s,66.0,°C
2025-12-02,14:18:50.560847,1764681530.560847,s,169.378813,s,66.0,°C
2025-12-02,14:18:50.808028,1764681530.808028,s,169.625994,s,66.0,°C
2025-12-02,14:18:51.061080,1764681531.06108,s,169.879046,s,66.0,°C
2025-12-02,14:18:51.308519,1764681531.308519,s,170.126485,s,66.0,°C
2025-12-02,14:18:51.561425,1764681531.561425,s,170.379391,s,66.0,°C
2025-12-02,14:18:51.808913,1764681531.808913,s,170.626879,s,66.0,°C
2025-12-02,14:18:52.061769,1764681532.061769,s,170.879735,s,66.0,°C
2025-12-02,14:18:52.309285,1764681532.309285,s,171.127251,s,66.0,°C
2025-12-02,14:18:52.562018,1764681532.562018,s,171.379984,s,66.0,°C
2025-12-02,14:18:52.809749,1764681532.809749,s,171.627715,s,66.0,°C
2025-12-02,14:18:53.062349,1764681533.062349,s,171.880315,s,66.0,°C
2025-12-02,14:18:53.310237,1764681533.310237,s,172.128203,s,66.0,°C
2025-12-02,14:18:53.562688,1764681533.562688,s,172.380654,s,66.0,°C
2025-12-02,14:18:53.810662,1764681533.810662,s,172.628628,s,66.0,°C
2025-12-02,14:18:54.062908,1764681534.062908,s,172.880874,s,66.0,°C
2025-12-02,14:18:54.311117,1764681534.311117,s,173.129083,s,66.0,°C
2025-12-02,14:18:54.563109,1764681534.563109,s,173.381075,s,66.0,°C
2025-12-02,14:18:54.811574,1764681534.811574,s,173.62954,s,66.0,°C
2025-12-02,14:18:55.063400,1764681535.0634,s,173.881366,s,66.0,°C
2025-12-02,14:18:55.312036,1764681535.312036,s,174.130002,s,66.0,°C
2025-12-02,14:18:55.563607,1764681535.563607,s,174.381573,s,66.0,°C
2025-12-02,14:18:55.812538,1764681535.812538,s,174.630504,s,66.0,°C
2025-12-02,14:18:56.064020,1764681536.06402,s,174.881986,s,66.0,°C
2025-12-02,14:18:56.313069,1764681536.313069,s,175.131035,s,66.0,°C
2025-12-02,14:18:56.564482,1764681536.564482,s,175.382448,s,66.0,°C
2025-12-02,14:18:56.813405,1764681536.813405,s,175.631371,s,66.0,°C
2025-12-02,14:18:57.064944,1764681537.064944,s,175.88291,s,66.0,°C
2025-12-02,14:18:57.313772,1764681537.313772,s,176.131738,s,66.0,°C
2025-12-02,14:18:57.565463,1764681537.565463,s,176.383429,s,66.0,°C
2025-12-02,14:18:57.813988,1764681537.813988,s,176.631954,s,66.0,°C
2025-12-02,14:18:58.065929,1764681538.065929,s,176.883895,s,66.0,°C
2025-12-02,14:18:58.314294,1764681538.314294,s,177.13226,s,66.0,°C
2025-12-02,14:18:58.566322,1764681538.566322,s,177.384288,s,66.0,°C
2025-12-02,14:18:58.814652,1764681538.814652,s,177.632618,s,66.0,°C
2025-12-02,14:18:59.066773,1764681539.066773,s,177.884739,s,66.0,°C
2025-12-02,14:18:59.314918,1764681539.314918,s,178.132884,s,66.0,°C
2025-12-02,14:18:59.567202,1764681539.567202,s,178.385168,s,66.0,°C
2025-12-02,14:18:59.815151,1764681539.815151,s,178.633117,s,66.0,°C
2025-12-02,14:19:00.067533,1764681540.067533,s,178.885499,s,66.0,°C
2025-12-02,14:19:00.315481,1764681540.315481,s,179.133447,s,66.0,°C
2025-12-02,14:19:00.567983,1764681540.567983,s,179.385949,s,66.0,°C
2025-12-02,14:19:00.815814,1764681540.815814,s,179.63378,s,66.0,°C
2025-12-02,14:19:01.068391,1764681541.068391,s,179.886357,s,66.0,°C
2025-12-02,14:19:01.316012,1764681541.316012,s,180.133978,s,66.0,°C
2025-12-02,14:19:01.568851,1764681541.568851,s,180.386817,s,66.0,°C
2025-12-02,14:19:01.816314,1764681541.816314,s,180.63428,s,66.0,°C
2025-12-02,14:19:02.069268,1764681542.069268,s,180.887234,s,66.0,°C
2025-12-02,14:19:02.316548,1764681542.316548,s,181.134514,s,66.0,°C
2025-12-02,14:19:02.569586,1764681542.569586,s,181.387552,s,66.0,°C
2025-12-02,14:19:02.816956,1764681542.816956,s,181.634922,s,66.0,°C
2025-12-02,14:19:03.070001,1764681543.070001,s,181.887967,s,66.0,°C
2025-12-02,14:19:03.317417,1764681543.317417,s,182.135383,s,66.0,°C
2025-12-02,14:19:03.570332,1764681543.570332,s,182.388298,s,66.0,°C
2025-12-02,14:19:03.817763,1764681543.817763,s,182.635729,s,66.0,°C
2025-12-02,14:19:04.070778,1764681544.070778,s,182.888744,s,66.0,°C
2025-12-02,14:19:04.317995,1764681544.317995,s,183.135961,s,66.0,°C
2025-12-02,14:19:04.570997,1764681544.570997,s,183.388963,s,66.0,°C
2025-12-02,14:19:04.818333,1764681544.818333,s,183.636299,s,66.0,°C
2025-12-02,14:19:05.071464,1764681545.071464,s,183.88943,s,66.0,°C
2025-12-02,14:19:05.318654,1764681545.318654,s,184.13662,s,66.0,°C
2025-12-02,14:19:05.571817,1764681545.571817,s,184.389783,s,66.0,°C
2025-12-02,14:19:05.819064,1764681545.819064,s,184.63703,s,66.0,°C
2025-12-02,14:19:06.072252,1764681546.072252,s,184.890218,s,66.0,°C
2025-12-02,14:19:06.319506,1764681546.319506,s,185.137472,s,66.0,°C
2025-12-02,14:19:06.572573,1764681546.572573,s,185.390539,s,66.0,°C
2025-12-02,14:19:06.819955,1764681546.819955,s,185.637921,s,66.0,°C
2025-12-02,14:19:07.072893,1764681547.072893,s,185.890859,s,66.0,°C
2025-12-02,14:19:07.320282,1764681547.320282,s,186.138248,s,66.0,°C
2025-12-02,14:19:07.573215,1764681547.573215,s,186.391181,s,66.0,°C
2025-12-02,14:19:07.820807,1764681547.820807,s,186.638773,s,66.0,°C
2025-12-02,14:19:08.073535,1764681548.073535,s,186.891501,s,66.0,°C
2025-12-02,14:19:08.321023,1764681548.321023,s,187.138989,s,66.0,°C
2025-12-02,14:19:08.573829,1764681548.573829,s,187.391795,s,66.0,°C
2025-12-02,14:19:08.821579,1764681548.821579,s,187.639545,s,66.0,°C
2025-12-02,14:19:09.074029,1764681549.074029,s,187.891995,s,66.0,°C
2025-12-02,14:19:09.321915,1764681549.321915,s,188.139881,s,66.0,°C
2025-12-02,14:19:09.574328,1764681549.574328,s,188.392294,s,66.0,°C
2025-12-02,14:19:09.822328,1764681549.822328,s,188.640294,s,66.0,°C
2025-12-02,14:19:10.074568,1764681550.074568,s,188.892534,s,66.0,°C
2025-12-02,14:19:10.322728,1764681550.322728,s,189.140694,s,66.0,°C
2025-12-02,14:19:10.575004,1764681550.575004,s,189.39297,s,66.0,°C
2025-12-02,14:19:10.823190,1764681550.82319,s,189.641156,s,66.0,°C
2025-12-02,14:19:11.075426,1764681551.075426,s,189.893392,s,66.0,°C
2025-12-02,14:19:11.323529,1764681551.323529,s,190.141495,s,66.0,°C
2025-12-02,14:19:11.575773,1764681551.575773,s,190.393739,s,66.0,°C
2025-12-02,14:19:11.823873,1764681551.823873,s,190.641839,s,66.0,°C
2025-12-02,14:19:12.076261,1764681552.076261,s,190.894227,s,66.0,°C
2025-12-02,14:19:12.324120,1764681552.32412,s,191.142086,s,66.0,°C
2025-12-02,14:19:12.576734,1764681552.576734,s,191.3947,s,66.0,°C
2025-12-02,14:19:12.824465,1764681552.824465,s,191.642431,s,66.0,°C
2025-12-02,14:19:13.077222,1764681553.077222,s,191.895188,s,66.0,°C
2025-12-02,14:19:13.324902,1764681553.324902,s,192.142868,s,66.0,°C
2025-12-02,14:19:13.577559,1764681553.577559,s,192.395525,s,66.0,°C
2025-12-02,14:19:13.825175,1764681553.825175,s,192.643141,s,66.0,°C
2025-12-02,14:19:14.077880,1764681554.07788,s,192.895846,s,66.0,°C
2025-12-02,14:19:14.325492,1764681554.325492,s,193.143458,s,66.0,°C
2025-12-02,14:19:14.578330,1764681554.57833,s,193.396296,s,66.0,°C
2025-12-02,14:19:14.825748,1764681554.825748,s,193.643714,s,66.0,°C
2025-12-02,14:19:15.078792,1764681555.078792,s,193.896758,s,66.0,°C
2025-12-02,14:19:15.325995,1764681555.325995,s,194.143961,s,66.0,°C
2025-12-02,14:19:15.579260,1764681555.57926,s,194.397226,s,66.0,°C
2025-12-02,14:19:15.826187,1764681555.826187,s,194.644153,s,66.0,°C
2025-12-02,14:19:16.079589,1764681556.079589,s,194.897555,s,66.0,°C
2025-12-02,14:19:16.326457,1764681556.326457,s,195.144423,s,66.0,°C
2025-12-02,14:19:16.579933,1764681556.579933,s,195.397899,s,66.0,°C
2025-12-02,14:19:16.826925,1764681556.826925,s,195.644891,s,66.0,°C
2025-12-02,14:19:17.080392,1764681557.080392,s,195.898358,s,66.0,°C
2025-12-02,14:19:17.327427,1764681557.327427,s,196.145393,s,66.0,°C
2025-12-02,14:19:17.580827,1764681557.580827,s,196.398793,s,66.0,°C
2025-12-02,14:19:17.827907,1764681557.827907,s,196.645873,s,66.0,°C
2025-12-02,14:19:18.081076,1764681558.081076,s,196.899042,s,66.0,°C
2025-12-02,14:19:18.328328,1764681558.328328,s,197.146294,s,66.0,°C
2025-12-02,14:19:18.581408,1764681558.581408,s,197.399374,s,66.0,°C
2025-12-02,14:19:18.828815,1764681558.828815,s,197.646781,s,66.0,°C
2025-12-02,14:19:19.081855,1764681559.081855,s,197.899821,s,66.0,°C
2025-12-02,14:19:19.329061,1764681559.329061,s,198.147027,s,66.0,°C
2025-12-02,14:19:19.582313,1764681559.582313,s,198.400279,s,66.0,°C
2025-12-02,14:19:19.829564,1764681559.829564,s,198.64753,s,66.0,°C
2025-12-02,14:19:20.082621,1764681560.082621,s,198.900587,s,66.0,°C
2025-12-02,14:19:20.329980,1764681560.32998,s,199.147946,s,66.0,°C
2025-12-02,14:19:20.583028,1764681560.583028,s,199.400994,s,66.0,°C
2025-12-02,14:19:20.830422,1764681560.830422,s,199.648388,s,66.0,°C
2025-12-02,14:19:21.083339,1764681561.083339,s,199.901305,s,66.0,°C
2025-12-02,14:19:21.330866,1764681561.330866,s,200.148832,s,66.0,°C
2025-12-02,14:19:21.583879,1764681561.583879,s,200.401845,s,66.0,°C
2025-12-02,14:19:21.831340,1764681561.83134,s,200.649306,s,66.0,°C
2025-12-02,14:19:22.084175,1764681562.084175,s,200.902141,s,66.0,°C
2025-12-02,14:19:22.331834,1764681562.331834,s,201.1498,s,66.0,°C
2025-12-02,14:19:22.584446,1764681562.584446,s,201.402412,s,66.0,°C
2025-12-02,14:19:22.832295,1764681562.832295,s,201.650261,s,66.0,°C
2025-12-02,14:19:23.084742,1764681563.084742,s,201.902708,s,66.0,°C
2025-12-02,14:19:23.332623,1764681563.332623,s,202.150589,s,66.0,°C
2025-12-02,14:19:23.584960,1764681563.58496,s,202.402926,s,66.0,°C
2025-12-02,14:19:23.833032,1764681563.833032,s,202.650998,s,66.0,°C
2025-12-02,14:19:24.085154,1764681564.085154,s,202.90312,s,66.0,°C
2025-12-02,14:19:24.333511,1764681564.333511,s,203.151477,s,66.0,°C
2025-12-02,14:19:24.585361,1764681564.585361,s,203.403327,s,66.0,°C
2025-12-02,14:19:24.833896,1764681564.833896,s,203.651862,s,66.0,°C
2025-12-02,14:19:25.085812,1764681565.085812,s,203.903778,s,66.0,°C
2025-12-02,14:19:25.334191,1764681565.334191,s,204.152157,s,65.0,°C
2025-12-02,14:19:25.586272,1764681565.586272,s,204.404238,s,65.0,°C
2025-12-02,14:19:25.834520,1764681565.83452,s,204.652486,s,64.0,°C
2025-12-02,14:19:26.086761,1764681566.086761,s,204.904727,s,64.0,°C
2025-12-02,14:19:26.334828,1764681566.334828,s,205.152794,s,64.0,°C
2025-12-02,14:19:26.586995,1764681566.586995,s,205.404961,s,62.0,°C
2025-12-02,14:19:26.835242,1764681566.835242,s,205.653208,s,62.0,°C
2025-12-02,14:19:27.087423,1764681567.087423,s,205.905389,s,60.0,°C
2025-12-02,14:19:27.335560,1764681567.33556,s,206.153526,s,60.0,°C
2025-12-02,14:19:27.587813,1764681567.587813,s,206.405779,s,58.0,°C
2025-12-02,14:19:27.835831,1764681567.835831,s,206.653797,s,58.0,°C
2025-12-02,14:19:28.088068,1764681568.088068,s,206.906034,s,58.0,°C
2025-12-02,14:19:28.336100,1764681568.3361,s,207.154066,s,58.0,°C
2025-12-02,14:19:28.588407,1764681568.588407,s,207.406373,s,58.0,°C
2025-12-02,14:19:28.836433,1764681568.836433,s,207.654399,s,58.0,°C
2025-12-02,14:19:29.088771,1764681569.088771,s,207.906737,s,58.0,°C
2025-12-02,14:19:29.336722,1764681569.336722,s,208.154688,s,58.0,°C
2025-12-02,14:19:29.588998,1764681569.588998,s,208.406964,s,58.0,°C
2025-12-02,14:19:29.836946,1764681569.836946,s,208.654912,s,58.0,°C
2025-12-02,14:19:30.089340,1764681570.08934,s,208.907306,s,59.0,°C
2025-12-02,14:19:30.337181,1764681570.337181,s,209.155147,s,59.0,°C
2025-12-02,14:19:30.589672,1764681570.589672,s,209.407638,s,59.0,°C
2025-12-02,14:19:30.837714,1764681570.837714,s,209.65568,s,59.0,°C
2025-12-02,14:19:31.090020,1764681571.09002,s,209.907986,s,59.0,°C
2025-12-02,14:19:31.338208,1764681571.338208,s,210.156174,s,59.0,°C
2025-12-02,14:19:31.590390,1764681571.59039,s,210.408356,s,59.0,°C
2025-12-02,14:19:31.838681,1764681571.838681,s,210.656647,s,58.0,°C
2025-12-02,14:19:32.090711,1764681572.090711,s,210.908677,s,58.0,°C
2025-12-02,14:19:32.339164,1764681572.339164,s,211.15713,s,57.0,°C
2025-12-02,14:19:32.590963,1764681572.590963,s,211.408929,s,57.0,°C
2025-12-02,14:19:32.839610,1764681572.83961,s,211.657576,s,57.0,°C
2025-12-02,14:19:33.091286,1764681573.091286,s,211.909252,s,57.0,°C
2025-12-02,14:19:33.340075,1764681573.340075,s,212.158041,s,57.0,°C
2025-12-02,14:19:33.591651,1764681573.591651,s,212.409617,s,57.0,°C
2025-12-02,14:19:33.840548,1764681573.840548,s,212.658514,s,57.0,°C
2025-12-02,14:19:34.091986,1764681574.091986,s,212.909952,s,57.0,°C
2025-12-02,14:19:34.340868,1764681574.340868,s,213.158834,s,57.0,°C
2025-12-02,14:19:34.592293,1764681574.592293,s,213.410259,s,56.0,°C
2025-12-02,14:19:34.841314,1764681574.841314,s,213.65928,s,56.0,°C
2025-12-02,14:19:35.092597,1764681575.092597,s,213.910563,s,56.0,°C
2025-12-02,14:19:35.341790,1764681575.34179,s,214.159756,s,56.0,°C
2025-12-02,14:19:35.592867,1764681575.592867,s,214.410833,s,56.0,°C
2025-12-02,14:19:35.842040,1764681575.84204,s,214.660006,s,55.0,°C
2025-12-02,14:19:36.093206,1764681576.093206,s,214.911172,s,55.0,°C
2025-12-02,14:19:36.342515,1764681576.342515,s,215.160481,s,55.0,°C
2025-12-02,14:19:36.593457,1764681576.593457,s,215.411423,s,55.0,°C
2025-12-02,14:19:36.842981,1764681576.842981,s,215.660947,s,55.0,°C
2025-12-02,14:19:37.093682,1764681577.093682,s,215.911648,s,55.0,°C
2025-12-02,14:19:37.343433,1764681577.343433,s,216.161399,s,55.0,°C
2025-12-02,14:19:37.593887,1764681577.593887,s,216.411853,s,55.0,°C
2025-12-02,14:19:37.843933,1764681577.843933,s,216.661899,s,55.0,°C
2025-12-02,14:19:38.094358,1764681578.094358,s,216.912324,s,55.0,°C
2025-12-02,14:19:38.344260,1764681578.34426,s,217.162226,s,55.0,°C
2025-12-02,14:19:38.594760,1764681578.59476,s,217.412726,s,54.0,°C
2025-12-02,14:19:38.844574,1764681578.844574,s,217.66254,s,54.0,°C
2025-12-02,14:19:39.095233,1764681579.095233,s,217.913199,s,54.0,°C
2025-12-02,14:19:39.344917,1764681579.344917,s,218.162883,s,54.0,°C
2025-12-02,14:19:39.595573,1764681579.595573,s,218.413539,s,54.0,°C
2025-12-02,14:19:39.845347,1764681579.845347,s,218.663313,s,54.0,°C
2025-12-02,14:19:40.096062,1764681580.096062,s,218.914028,s,54.0,°C
2025-12-02,14:19:40.345732,1764681580.345732,s,219.163698,s,54.0,°C
2025-12-02,14:19:40.596529,1764681580.596529,s,219.414495,s,54.0,°C
2025-12-02,14:19:40.845991,1764681580.845991,s,219.663957,s,54.0,°C
2025-12-02,14:19:41.096988,1764681581.096988,s,219.914954,s,54.0,°C
2025-12-02,14:19:41.346314,1764681581.346314,s,220.16428,s,54.0,°C
2025-12-02,14:19:41.597484,1764681581.597484,s,220.41545,s,54.0,°C
2025-12-02,14:19:41.846656,1764681581.846656,s,220.664622,s,54.0,°C
2025-12-02,14:19:42.097966,1764681582.097966,s,220.915932,s,54.0,°C
2025-12-02,14:19:42.346919,1764681582.346919,s,221.164885,s,54.0,°C
2025-12-02,14:19:42.598363,1764681582.598363,s,221.416329,s,54.0,°C
2025-12-02,14:19:42.847161,1764681582.847161,s,221.665127,s,54.0,°C
2025-12-02,14:19:43.098832,1764681583.098832,s,221.916798,s,54.0,°C
2025-12-02,14:19:43.347490,1764681583.34749,s,222.165456,s,54.0,°C
2025-12-02,14:19:43.599289,1764681583.599289,s,222.417255,s,54.0,°C
2025-12-02,14:19:43.847787,1764681583.847787,s,222.665753,s,54.0,°C
2025-12-02,14:19:44.099748,1764681584.099748,s,222.917714,s,54.0,°C
2025-12-02,14:19:44.348026,1764681584.348026,s,223.165992,s,54.0,°C
2025-12-02,14:19:44.600057,1764681584.600057,s,223.418023,s,54.0,°C
2025-12-02,14:19:44.848392,1764681584.848392,s,223.666358,s,54.0,°C
2025-12-02,14:19:45.100485,1764681585.100485,s,223.918451,s,54.0,°C
2025-12-02,14:19:45.348879,1764681585.348879,s,224.166845,s,54.0,°C
2025-12-02,14:19:45.600913,1764681585.600913,s,224.418879,s,54.0,°C
2025-12-02,14:19:45.849395,1764681585.849395,s,224.667361,s,54.0,°C
2025-12-02,14:19:46.101163,1764681586.101163,s,224.919129,s,54.0,°C
2025-12-02,14:19:46.349881,1764681586.349881,s,225.167847,s,54.0,°C
2025-12-02,14:19:46.601587,1764681586.601587,s,225.419553,s,54.0,°C
2025-12-02,14:19:46.850125,1764681586.850125,s,225.668091,s,54.0,°C
2025-12-02,14:19:47.101925,1764681587.101925,s,225.919891,s,54.0,°C
2025-12-02,14:19:47.350488,1764681587.350488,s,226.168454,s,53.0,°C
2025-12-02,14:19:47.602283,1764681587.602283,s,226.420249,s,53.0,°C
2025-12-02,14:19:47.850842,1764681587.850842,s,226.668808,s,53.0,°C
2025-12-02,14:19:48.102611,1764681588.102611,s,226.920577,s,53.0,°C
2025-12-02,14:19:48.351090,1764681588.35109,s,227.169056,s,53.0,°C
2025-12-02,14:19:48.602927,1764681588.602927,s,227.420893,s,52.0,°C
2025-12-02,14:19:48.851468,1764681588.851468,s,227.669434,s,52.0,°C
2025-12-02,14:19:49.103254,1764681589.103254,s,227.92122,s,52.0,°C
2025-12-02,14:19:49.351942,1764681589.351942,s,228.169908,s,52.0,°C
2025-12-02,14:19:49.603590,1764681589.60359,s,228.421556,s,52.0,°C
2025-12-02,14:19:49.852454,1764681589.852454,s,228.67042,s,52.0,°C
2025-12-02,14:19:50.103938,1764681590.103938,s,228.921904,s,52.0,°C
2025-12-02,14:19:50.352875,1764681590.352875,s,229.170841,s,52.0,°C
2025-12-02,14:19:50.604254,1764681590.604254,s,229.42222,s,52.0,°C
2025-12-02,14:19:50.853110,1764681590.85311,s,229.671076,s,52.0,°C
2025-12-02,14:19:51.104572,1764681591.104572,s,229.922538,s,52.0,°C
2025-12-02,14:19:51.353440,1764681591.35344,s,230.171406,s,52.0,°C
2025-12-02,14:19:51.604886,1764681591.604886,s,230.422852,s,52.0,°C
2025-12-02,14:19:51.853677,1764681591.853677,s,230.671643,s,52.0,°C
2025-12-02,14:19:52.105461,1764681592.105461,s,230.923427,s,52.0,°C
2025-12-02,14:19:52.353934,1764681592.353934,s,231.1719,s,52.0,°C
2025-12-02,14:19:52.605931,1764681592.605931,s,231.423897,s,52.0,°C
2025-12-02,14:19:52.854248,1764681592.854248,s,231.672214,s,52.0,°C
2025-12-02,14:19:53.106391,1764681593.106391,s,231.924357,s,51.0,°C
2025-12-02,14:19:53.354579,1764681593.354579,s,232.172545,s,51.0,°C
2025-12-02,14:19:53.606721,1764681593.606721,s,232.424687,s,51.0,°C
2025-12-02,14:19:53.854913,1764681593.854913,s,232.672879,s,51.0,°C
2025-12-02,14:19:54.107066,1764681594.107066,s,232.925032,s,51.0,°C
2025-12-02,14:19:54.355186,1764681594.355186,s,233.173152,s,51.0,°C
2025-12-02,14:19:54.607512,1764681594.607512,s,233.425478,s,51.0,°C
2025-12-02,14:19:54.855438,1764681594.855438,s,233.673404,s,51.0,°C
2025-12-02,14:19:55.107868,1764681595.107868,s,233.925834,s,51.0,°C
2025-12-02,14:19:55.355741,1764681595.355741,s,234.173707,s,51.0,°C
2025-12-02,14:19:55.608387,1764681595.608387,s,234.426353,s,51.0,°C
2025-12-02,14:19:55.856007,1764681595.856007,s,234.673973,s,51.0,°C
2025-12-02,14:19:56.108866,1764681596.108866,s,234.926832,s,51.0,°C
2025-12-02,14:19:56.356463,1764681596.356463,s,235.174429,s,51.0,°C
2025-12-02,14:19:56.609387,1764681596.609387,s,235.427353,s,51.0,°C
2025-12-02,14:19:56.856835,1764681596.856835,s,235.674801,s,51.0,°C
2025-12-02,14:19:57.109721,1764681597.109721,s,235.927687,s,51.0,°C
2025-12-02,14:19:57.357059,1764681597.357059,s,236.175025,s,51.0,°C
2025-12-02,14:19:57.609953,1764681597.609953,s,236.427919,s,51.0,°C
2025-12-02,14:19:57.857339,1764681597.857339,s,236.675305,s,51.0,°C
2025-12-02,14:19:58.110382,1764681598.110382,s,236.928348,s,51.0,°C
2025-12-02,14:19:58.357750,1764681598.35775,s,237.175716,s,51.0,°C
2025-12-02,14:19:58.610778,1764681598.610778,s,237.428744,s,51.0,°C
2025-12-02,14:19:58.858256,1764681598.858256,s,237.676222,s,51.0,°C
2025-12-02,14:19:59.111203,1764681599.111203,s,237.929169,s,51.0,°C
2025-12-02,14:19:59.358684,1764681599.358684,s,238.17665,s,51.0,°C
2025-12-02,14:19:59.611630,1764681599.61163,s,238.429596,s,51.0,°C
2025-12-02,14:19:59.858998,1764681599.858998,s,238.676964,s,51.0,°C
2025-12-02,14:20:00.112061,1764681600.112061,s,238.930027,s,51.0,°C
2025-12-02,14:20:00.359295,1764681600.359295,s,239.177261,s,51.0,°C
2025-12-02,14:20:00.612476,1764681600.612476,s,239.430442,s,51.0,°C
2025-12-02,14:20:00.859634,1764681600.859634,s,239.6776,s,51.0,°C
2025-12-02,14:20:01.112813,1764681601.112813,s,239.930779,s,51.0,°C
2025-12-02,14:20:01.360111,1764681601.360111,s,240.178077,s,50.0,°C
2025-12-02,14:20:01.613052,1764681601.613052,s,240.431018,s,50.0,°C
2025-12-02,14:20:01.860573,1764681601.860573,s,240.678539,s,50.0,°C
2025-12-02,14:20:02.113366,1764681602.113366,s,240.931332,s,50.0,°C
2025-12-02,14:20:02.361028,1764681602.361028,s,241.178994,s,51.0,°C
2025-12-02,14:20:02.613678,1764681602.613678,s,241.431644,s,51.0,°C
2025-12-02,14:20:02.861491,1764681602.861491,s,241.679457,s,51.0,°C
2025-12-02,14:20:03.113913,1764681603.113913,s,241.931879,s,51.0,°C
2025-12-02,14:20:03.361816,1764681603.361816,s,242.179782,s,51.0,°C
2025-12-02,14:20:03.614340,1764681603.61434,s,242.432306,s,51.0,°C
2025-12-02,14:20:03.862149,1764681603.862149,s,242.680115,s,51.0,°C
2025-12-02,14:20:04.114657,1764681604.114657,s,242.932623,s,50.0,°C
2025-12-02,14:20:04.362453,1764681604.362453,s,243.180419,s,50.0,°C
2025-12-02,14:20:04.614927,1764681604.614927,s,243.432893,s,50.0,°C
2025-12-02,14:20:04.862787,1764681604.862787,s,243.680753,s,50.0,°C
2025-12-02,14:20:05.115131,1764681605.115131,s,243.933097,s,50.0,°C
2025-12-02,14:20:05.363290,1764681605.36329,s,244.181256,s,50.0,°C
2025-12-02,14:20:05.615448,1764681605.615448,s,244.433414,s,50.0,°C
2025-12-02,14:20:05.863614,1764681605.863614,s,244.68158,s,50.0,°C
2025-12-02,14:20:06.115842,1764681606.115842,s,244.933808,s,50.0,°C
2025-12-02,14:20:06.363918,1764681606.363918,s,245.181884,s,50.0,°C
2025-12-02,14:20:06.616381,1764681606.616381,s,245.434347,s,50.0,°C
2025-12-02,14:20:06.864159,1764681606.864159,s,245.682125,s,50.0,°C
2025-12-02,14:20:07.116862,1764681607.116862,s,245.934828,s,50.0,°C
2025-12-02,14:20:07.364597,1764681607.364597,s,246.182563,s,50.0,°C
2025-12-02,14:20:07.617323,1764681607.617323,s,246.435289,s,50.0,°C
2025-12-02,14:20:07.864937,1764681607.864937,s,246.682903,s,50.0,°C
2025-12-02,14:20:08.117765,1764681608.117765,s,246.935731,s,50.0,°C
2025-12-02,14:20:08.365371,1764681608.365371,s,247.183337,s,50.0,°C
2025-12-02,14:20:08.618059,1764681608.618059,s,247.436025,s,50.0,°C
2025-12-02,14:20:08.865754,1764681608.865754,s,247.68372,s,50.0,°C
2025-12-02,14:20:09.118277,1764681609.118277,s,247.936243,s,50.0,°C
2025-12-02,14:20:09.366168,1764681609.366168,s,248.184134,s,50.0,°C
2025-12-02,14:20:09.618612,1764681609.618612,s,248.436578,s,50.0,°C
2025-12-02,14:20:09.866509,1764681609.866509,s,248.684475,s,50.0,°C
2025-12-02,14:20:10.118928,1764681610.118928,s,248.936894,s,50.0,°C
2025-12-02,14:20:10.366887,1764681610.366887,s,249.184853,s,50.0,°C
2025-12-02,14:20:10.619164,1764681610.619164,s,249.43713,s,50.0,°C
2025-12-02,14:20:10.867193,1764681610.867193,s,249.685159,s,50.0,°C
2025-12-02,14:20:11.119563,1764681611.119563,s,249.937529,s,50.0,°C
2025-12-02,14:20:11.367489,1764681611.367489,s,250.185455,s,50.0,°C
2025-12-02,14:20:11.619977,1764681611.619977,s,250.437943,s,50.0,°C
2025-12-02,14:20:11.867772,1764681611.867772,s,250.685738,s,50.0,°C
2025-12-02,14:20:12.120402,1764681612.120402,s,250.938368,s,50.0,°C
2025-12-02,14:20:12.368234,1764681612.368234,s,251.1862,s,50.0,°C
2025-12-02,14:20:12.620837,1764681612.620837,s,251.438803,s,50.0,°C
2025-12-02,14:20:12.868699,1764681612.868699,s,251.686665,s,50.0,°C
2025-12-02,14:20:13.121215,1764681613.121215,s,251.939181,s,50.0,°C
2025-12-02,14:20:13.368956,1764681613.368956,s,252.186922,s,50.0,°C
2025-12-02,14:20:13.621587,1764681613.621587,s,252.439553,s,50.0,°C
2025-12-02,14:20:13.869315,1764681613.869315,s,252.687281,s,50.0,°C
2025-12-02,14:20:14.121963,1764681614.121963,s,252.939929,s,50.0,°C
2025-12-02,14:20:14.369779,1764681614.369779,s,253.187745,s,50.0,°C
2025-12-02,14:20:14.622232,1764681614.622232,s,253.440198,s,50.0,°C
2025-12-02,14:20:14.870223,1764681614.870223,s,253.688189,s,50.0,°C
2025-12-02,14:20:15.122522,1764681615.122522,s,253.940488,s,50.0,°C
2025-12-02,14:20:15.370683,1764681615.370683,s,254.188649,s,50.0,°C
2025-12-02,14:20:15.622851,1764681615.622851,s,254.440817,s,50.0,°C
2025-12-02,14:20:15.871158,1764681615.871158,s,254.689124,s,50.0,°C
2025-12-02,14:20:16.123234,1764681616.123234,s,254.9412,s,50.0,°C
2025-12-02,14:20:16.371634,1764681616.371634,s,255.1896,s,50.0,°C
2025-12-02,14:20:16.623768,1764681616.623768,s,255.441734,s,50.0,°C
2025-12-02,14:20:16.872117,1764681616.872117,s,255.690083,s,50.0,°C
2025-12-02,14:20:17.124150,1764681617.12415,s,255.942116,s,50.0,°C
2025-12-02,14:20:17.372475,1764681617.372475,s,256.190441,s,50.0,°C
2025-12-02,14:20:17.624499,1764681617.624499,s,256.442465,s,50.0,°C
2025-12-02,14:20:17.872829,1764681617.872829,s,256.690795,s,50.0,°C
2025-12-02,14:20:18.124863,1764681618.124863,s,256.942829,s,50.0,°C
2025-12-02,14:20:18.373063,1764681618.373063,s,257.191029,s,50.0,°C
2025-12-02,14:20:18.625061,1764681618.625061,s,257.443027,s,50.0,°C
2025-12-02,14:20:18.873453,1764681618.873453,s,257.691419,s,50.0,°C
2025-12-02,14:20:19.125494,1764681619.125494,s,257.94346,s,50.0,°C
2025-12-02,14:20:19.373877,1764681619.373877,s,258.191843,s,50.0,°C
2025-12-02,14:20:19.625943,1764681619.625943,s,258.443909,s,50.0,°C
2025-12-02,14:20:19.874127,1764681619.874127,s,258.692093,s,50.0,°C
2025-12-02,14:20:20.126226,1764681620.126226,s,258.944192,s,50.0,°C
2025-12-02,14:20:20.386086,1764681620.386086,s,259.204052,s,50.0,°C
2025-12-02,14:20:20.626722,1764681620.626722,s,259.444688,s,50.0,°C
2025-12-02,14:20:20.886569,1764681620.886569,s,259.704535,s,50.0,°C
2025-12-02,14:20:21.127192,1764681621.127192,s,259.945158,s,50.0,°C
2025-12-02,14:20:21.387046,1764681621.387046,s,260.205012,s,50.0,°C
2025-12-02,14:20:21.627705,1764681621.627705,s,260.445671,s,50.0,°C
2025-12-02,14:20:21.887350,1764681621.88735,s,260.705316,s,50.0,°C
2025-12-02,14:20:22.128220,1764681622.12822,s,260.946186,s,50.0,°C
2025-12-02,14:20:22.387776,1764681622.387776,s,261.205742,s,50.0,°C
2025-12-02,14:20:22.628670,1764681622.62867,s,261.446636,s,50.0,°C
2025-12-02,14:20:22.888001,1764681622.888001,s,261.705967,s,50.0,°C
2025-12-02,14:20:23.129134,1764681623.129134,s,261.9471,s,50.0,°C
2025-12-02,14:20:23.388312,1764681623.388312,s,262.206278,s,50.0,°C
2025-12-02,14:20:23.629580,1764681623.62958,s,262.447546,s,50.0,°C
2025-12-02,14:20:23.888637,1764681623.888637,s,262.706603,s,50.0,°C
2025-12-02,14:20:24.129919,1764681624.129919,s,262.947885,s,50.0,°C
2025-12-02,14:20:24.388917,1764681624.388917,s,263.206883,s,50.0,°C
2025-12-02,14:20:24.630153,1764681624.630153,s,263.448119,s,50.0,°C
2025-12-02,14:20:24.889223,1764681624.889223,s,263.707189,s,50.0,°C
2025-12-02,14:20:25.130488,1764681625.130488,s,263.948454,s,50.0,°C
2025-12-02,14:20:25.389520,1764681625.38952,s,264.207486,s,50.0,°C
2025-12-02,14:20:25.630825,1764681625.630825,s,264.448791,s,50.0,°C
2025-12-02,14:20:25.889712,1764681625.889712,s,264.707678,s,50.0,°C
2025-12-02,14:20:26.131138,1764681626.131138,s,264.949104,s,50.0,°C
2025-12-02,14:20:26.389958,1764681626.389958,s,265.207924,s,50.0,°C
2025-12-02,14:20:26.631584,1764681626.631584,s,265.44955,s,50.0,°C
2025-12-02,14:20:26.890202,1764681626.890202,s,265.708168,s,50.0,°C
2025-12-02,14:20:27.132050,1764681627.13205,s,265.950016,s,50.0,°C
2025-12-02,14:20:27.390465,1764681627.390465,s,266.208431,s,50.0,°C
2025-12-02,14:20:27.632490,1764681627.63249,s,266.450456,s,50.0,°C
2025-12-02,14:20:27.890860,1764681627.89086,s,266.708826,s,50.0,°C
2025-12-02,14:20:28.132831,1764681628.132831,s,266.950797,s,50.0,°C
2025-12-02,14:20:28.391273,1764681628.391273,s,267.209239,s,50.0,°C
2025-12-02,14:20:28.633258,1764681628.633258,s,267.451224,s,50.0,°C
2025-12-02,14:20:28.891814,1764681628.891814,s,267.70978,s,50.0,°C
2025-12-02,14:20:29.133756,1764681629.133756,s,267.951722,s,50.0,°C
2025-12-02,14:20:29.392310,1764681629.39231,s,268.210276,s,50.0,°C
2025-12-02,14:20:29.634211,1764681629.634211,s,268.452177,s,50.0,°C
2025-12-02,14:20:29.892776,1764681629.892776,s,268.710742,s,50.0,°C
2025-12-02,14:20:30.134623,1764681630.134623,s,268.952589,s,50.0,°C
2025-12-02,14:20:30.393267,1764681630.393267,s,269.211233,s,50.0,°C
2025-12-02,14:20:30.635077,1764681630.635077,s,269.453043,s,50.0,°C
2025-12-02,14:20:30.893622,1764681630.893622,s,269.711588,s,50.0,°C
2025-12-02,14:20:31.135481,1764681631.135481,s,269.953447,s,50.0,°C
2025-12-02,14:20:31.393932,1764681631.393932,s,270.211898,s,50.0,°C
2025-12-02,14:20:31.635817,1764681631.635817,s,270.453783,s,50.0,°C
2025-12-02,14:20:31.894171,1764681631.894171,s,270.712137,s,50.0,°C
2025-12-02,14:20:32.136016,1764681632.136016,s,270.953982,s,50.0,°C
2025-12-02,14:20:32.394675,1764681632.394675,s,271.212641,s,49.0,°C
2025-12-02,14:20:32.636277,1764681632.636277,s,271.454243,s,49.0,°C
2025-12-02,14:20:32.895155,1764681632.895155,s,271.713121,s,49.0,°C
2025-12-02,14:20:33.136750,1764681633.13675,s,271.954716,s,49.0,°C
2025-12-02,14:20:33.395551,1764681633.395551,s,272.213517,s,49.0,°C
2025-12-02,14:20:33.637199,1764681633.637199,s,272.455165,s,50.0,°C
2025-12-02,14:20:33.895943,1764681633.895943,s,272.713909,s,50.0,°C
2025-12-02,14:20:34.137644,1764681634.137644,s,272.95561,s,50.0,°C
2025-12-02,14:20:34.396254,1764681634.396254,s,273.21422,s,50.0,°C
2025-12-02,14:20:34.638109,1764681634.638109,s,273.456075,s,50.0,°C
2025-12-02,14:20:34.896585,1764681634.896585,s,273.714551,s,50.0,°C
2025-12-02,14:20:35.138522,1764681635.138522,s,273.956488,s,50.0,°C
2025-12-02,14:20:35.396916,1764681635.396916,s,274.214882,s,50.0,°C
2025-12-02,14:20:35.638986,1764681635.638986,s,274.456952,s,50.0,°C
2025-12-02,14:20:35.897253,1764681635.897253,s,274.715219,s,50.0,°C
2025-12-02,14:20:36.139441,1764681636.139441,s,274.957407,s,50.0,°C
2025-12-02,14:20:36.397564,1764681636.397564,s,275.21553,s,50.0,°C
2025-12-02,14:20:36.639890,1764681636.63989,s,275.457856,s,50.0,°C
2025-12-02,14:20:36.897876,1764681636.897876,s,275.715842,s,50.0,°C
2025-12-02,14:20:37.140211,1764681637.140211,s,275.958177,s,50.0,°C
2025-12-02,14:20:37.398111,1764681637.398111,s,276.216077,s,50.0,°C
2025-12-02,14:20:37.640736,1764681637.640736,s,276.458702,s,50.0,°C
2025-12-02,14:20:37.898412,1764681637.898412,s,276.716378,s,50.0,°C
2025-12-02,14:20:38.140996,1764681638.140996,s,276.958962,s,50.0,°C
2025-12-02,14:20:38.398633,1764681638.398633,s,277.216599,s,50.0,°C
2025-12-02,14:20:38.641307,1764681638.641307,s,277.459273,s,50.0,°C
2025-12-02,14:20:38.898923,1764681638.898923,s,277.716889,s,50.0,°C
2025-12-02,14:20:39.141730,1764681639.14173,s,277.959696,s,50.0,°C
2025-12-02,14:20:39.399226,1764681639.399226,s,278.217192,s,50.0,°C
2025-12-02,14:20:39.641977,1764681639.641977,s,278.459943,s,50.0,°C
2025-12-02,14:20:39.899517,1764681639.899517,s,278.717483,s,49.0,°C
2025-12-02,14:20:40.142207,1764681640.142207,s,278.960173,s,49.0,°C
2025-12-02,14:20:40.399714,1764681640.399714,s,279.21768,s,49.0,°C
2025-12-02,14:20:40.642455,1764681640.642455,s,279.460421,s,49.0,°C
2025-12-02,14:20:40.900112,1764681640.900112,s,279.718078,s,49.0,°C
2025-12-02,14:20:41.142795,1764681641.142795,s,279.960761,s,49.0,°C
2025-12-02,14:20:41.400367,1764681641.400367,s,280.218333,s,49.0,°C
2025-12-02,14:20:41.643679,1764681641.643679,s,280.461645,s,49.0,°C
2025-12-02,14:20:41.900939,1764681641.900939,s,280.718905,s,49.0,°C
2025-12-02,14:20:42.144232,1764681642.144232,s,280.962198,s,49.0,°C
2025-12-02,14:20:42.401215,1764681642.401215,s,281.219181,s,50.0,°C
2025-12-02,14:20:42.644577,1764681642.644577,s,281.462543,s,50.0,°C
2025-12-02,14:20:42.901556,1764681642.901556,s,281.719522,s,50.0,°C
2025-12-02,14:20:43.144878,1764681643.144878,s,281.962844,s,50.0,°C
2025-12-02,14:20:43.401895,1764681643.401895,s,282.219861,s,50.0,°C
2025-12-02,14:20:43.645172,1764681643.645172,s,282.463138,s,50.0,°C
2025-12-02,14:20:43.902476,1764681643.902476,s,282.720442,s,50.0,°C
2025-12-02,14:20:44.145466,1764681644.145466,s,282.963432,s,50.0,°C
2025-12-02,14:20:44.403228,1764681644.403228,s,283.221194,s,50.0,°C
2025-12-02,14:20:44.645765,1764681644.645765,s,283.463731,s,50.0,°C
2025-12-02,14:20:44.903541,1764681644.903541,s,283.721507,s,50.0,°C
2025-12-02,14:20:45.146000,1764681645.146,s,283.963966,s,50.0,°C
2025-12-02,14:20:45.403825,1764681645.403825,s,284.221791,s,50.0,°C
2025-12-02,14:20:45.646218,1764681645.646218,s,284.464184,s,50.0,°C
2025-12-02,14:20:45.904063,1764681645.904063,s,284.722029,s,50.0,°C
2025-12-02,14:20:46.146484,1764681646.146484,s,284.96445,s,50.0,°C
2025-12-02,14:20:46.404396,1764681646.404396,s,285.222362,s,50.0,°C
2025-12-02,14:20:46.646678,1764681646.646678,s,285.464644,s,50.0,°C
2025-12-02,14:20:46.904656,1764681646.904656,s,285.722622,s,50.0,°C
2025-12-02,14:20:47.146908,1764681647.146908,s,285.964874,s,50.0,°C
2025-12-02,14:20:47.404916,1764681647.404916,s,286.222882,s,50.0,°C
2025-12-02,14:20:47.647196,1764681647.647196,s,286.465162,s,50.0,°C
2025-12-02,14:20:47.905150,1764681647.90515,s,286.723116,s,50.0,°C
2025-12-02,14:20:48.147524,1764681648.147524,s,286.96549,s,50.0,°C
2025-12-02,14:20:48.405488,1764681648.405488,s,287.223454,s,50.0,°C
2025-12-02,14:20:48.647864,1764681648.647864,s,287.46583,s,50.0,°C
2025-12-02,14:20:48.905849,1764681648.905849,s,287.723815,s,50.0,°C
2025-12-02,14:20:49.148130,1764681649.14813,s,287.966096,s,50.0,°C
2025-12-02,14:20:49.406516,1764681649.406516,s,288.224482,s,50.0,°C
2025-12-02,14:20:49.648442,1764681649.648442,s,288.466408,s,50.0,°C
2025-12-02,14:20:49.907038,1764681649.907038,s,288.725004,s,50.0,°C
2025-12-02,14:20:50.148732,1764681650.148732,s,288.966698,s,50.0,°C
2025-12-02,14:20:50.410130,1764681650.41013,s,289.228096,s,50.0,°C
2025-12-02,14:20:50.649080,1764681650.64908,s,289.467046,s,50.0,°C
2025-12-02,14:20:50.910433,1764681650.910433,s,289.728399,s,49.0,°C
2025-12-02,14:20:51.149387,1764681651.149387,s,289.967353,s,49.0,°C
2025-12-02,14:20:51.410699,1764681651.410699,s,290.228665,s,49.0,°C
2025-12-02,14:20:51.649731,1764681651.649731,s,290.467697,s,49.0,°C
2025-12-02,14:20:51.911055,1764681651.911055,s,290.729021,s,49.0,°C
2025-12-02,14:20:52.149915,1764681652.149915,s,290.967881,s,49.0,°C
2025-12-02,14:20:52.411511,1764681652.411511,s,291.229477,s,49.0,°C
2025-12-02,14:20:52.650199,1764681652.650199,s,291.468165,s,50.0,°C
2025-12-02,14:20:52.911719,1764681652.911719,s,291.729685,s,50.0,°C
2025-12-02,14:20:53.150502,1764681653.150502,s,291.968468,s,50.0,°C
2025-12-02,14:20:53.411989,1764681653.411989,s,292.229955,s,50.0,°C
2025-12-02,14:20:53.650713,1764681653.650713,s,292.468679,s,50.0,°C
2025-12-02,14:20:53.912390,1764681653.91239,s,292.730356,s,50.0,°C
2025-12-02,14:20:54.150947,1764681654.150947,s,292.968913,s,50.0,°C
2025-12-02,14:20:54.412676,1764681654.412676,s,293.230642,s,50.0,°C
2025-12-02,14:20:54.651321,1764681654.651321,s,293.469287,s,50.0,°C
2025-12-02,14:20:54.913077,1764681654.913077,s,293.731043,s,50.0,°C
2025-12-02,14:20:55.151623,1764681655.151623,s,293.969589,s,50.0,°C
2025-12-02,14:20:55.413409,1764681655.413409,s,294.231375,s,50.0,°C
2025-12-02,14:20:55.651907,1764681655.651907,s,294.469873,s,50.0,°C
2025-12-02,14:20:55.913768,1764681655.913768,s,294.731734,s,50.0,°C
2025-12-02,14:20:56.152225,1764681656.152225,s,294.970191,s,50.0,°C
2025-12-02,14:20:56.414027,1764681656.414027,s,295.231993,s,50.0,°C
2025-12-02,14:20:56.652585,1764681656.652585,s,295.470551,s,49.0,°C
2025-12-02,14:20:56.914228,1764681656.914228,s,295.732194,s,49.0,°C
2025-12-02,14:20:57.152827,1764681657.152827,s,295.970793,s,49.0,°C
2025-12-02,14:20:57.414683,1764681657.414683,s,296.232649,s,49.0,°C
2025-12-02,14:20:57.653061,1764681657.653061,s,296.471027,s,49.0,°C
2025-12-02,14:20:57.914956,1764681657.914956,s,296.732922,s,50.0,°C
2025-12-02,14:20:58.153447,1764681658.153447,s,296.971413,s,50.0,°C
2025-12-02,14:20:58.415417,1764681658.415417,s,297.233383,s,50.0,°C
2025-12-02,14:20:58.653796,1764681658.653796,s,297.471762,s,50.0,°C
2025-12-02,14:20:58.915759,1764681658.915759,s,297.733725,s,50.0,°C
2025-12-02,14:20:59.154051,1764681659.154051,s,297.972017,s,50.0,°C
2025-12-02,14:20:59.416013,1764681659.416013,s,298.233979,s,50.0,°C
2025-12-02,14:20:59.654385,1764681659.654385,s,298.472351,s,50.0,°C
2025-12-02,14:20:59.916260,1764681659.91626,s,298.734226,s,50.0,°C
2025-12-02,14:21:00.154676,1764681660.154676,s,298.972642,s,50.0,°C
2025-12-02,14:21:00.416627,1764681660.416627,s,299.234593,s,50.0,°C
2025-12-02,14:21:00.654918,1764681660.654918,s,299.472884,s,50.0,°C
2025-12-02,14:21:00.917212,1764681660.917212,s,299.735178,s,50.0,°C
2025-12-02,14:21:01.155296,1764681661.155296,s,299.973262,s,50.0,°C
2025-12-02,14:21:01.417438,1764681661.417438,s,300.235404,s,50.0,°C
2025-12-02,14:21:01.655619,1764681661.655619,s,300.473585,s,50.0,°C
2025-12-02,14:21:01.917791,1764681661.917791,s,300.735757,s,50.0,°C
2025-12-02,14:21:02.156082,1764681662.156082,s,300.974048,s,50.0,°C
2025-12-02,14:21:02.418356,1764681662.418356,s,301.236322,s,50.0,°C
2025-12-02,14:21:02.656304,1764681662.656304,s,301.47427,s,50.0,°C
2025-12-02,14:21:02.918663,1764681662.918663,s,301.736629,s,50.0,°C
2025-12-02,14:21:03.156613,1764681663.156613,s,301.974579,s,50.0,°C
2025-12-02,14:21:03.418917,1764681663.418917,s,302.236883,s,50.0,°C
2025-12-02,14:21:03.656914,1764681663.656914,s,302.47488,s,50.0,°C
2025-12-02,14:21:03.919129,1764681663.919129,s,302.737095,s,50.0,°C
2025-12-02,14:21:04.157198,1764681664.157198,s,302.975164,s,50.0,°C
2025-12-02,14:21:04.419445,1764681664.419445,s,303.237411,s,50.0,°C
2025-12-02,14:21:04.657535,1764681664.657535,s,303.475501,s,50.0,°C
2025-12-02,14:21:04.919724,1764681664.919724,s,303.73769,s,50.0,°C
2025-12-02,14:21:05.157929,1764681665.157929,s,303.975895,s,50.0,°C
2025-12-02,14:21:05.420326,1764681665.420326,s,304.238292,s,50.0,°C
2025-12-02,14:21:05.658198,1764681665.658198,s,304.476164,s,50.0,°C
2025-12-02,14:21:05.921146,1764681665.921146,s,304.739112,s,50.0,°C
2025-12-02,14:21:06.158527,1764681666.158527,s,304.976493,s,50.0,°C
2025-12-02,14:21:06.421592,1764681666.421592,s,305.239558,s,50.0,°C
2025-12-02,14:21:06.658835,1764681666.658835,s,305.476801,s,50.0,°C
2025-12-02,14:21:06.922069,1764681666.922069,s,305.740035,s,50.0,°C
2025-12-02,14:21:07.159057,1764681667.159057,s,305.977023,s,50.0,°C
2025-12-02,14:21:07.422511,1764681667.422511,s,306.240477,s,50.0,°C
2025-12-02,14:21:07.659527,1764681667.659527,s,306.477493,s,50.0,°C
2025-12-02,14:21:07.923003,1764681667.923003,s,306.740969,s,50.0,°C
2025-12-02,14:21:08.159824,1764681668.159824,s,306.97779,s,50.0,°C
2025-12-02,14:21:08.423230,1764681668.42323,s,307.241196,s,50.0,°C
2025-12-02,14:21:08.660070,1764681668.66007,s,307.478036,s,50.0,°C
2025-12-02,14:21:08.923556,1764681668.923556,s,307.741522,s,50.0,°C
2025-12-02,14:21:09.160364,1764681669.160364,s,307.97833,s,50.0,°C
2025-12-02,14:21:09.423867,1764681669.423867,s,308.241833,s,50.0,°C
2025-12-02,14:21:09.660669,1764681669.660669,s,308.478635,s,50.0,°C
2025-12-02,14:21:09.924210,1764681669.92421,s,308.742176,s,50.0,°C
2025-12-02,14:21:10.160888,1764681670.160888,s,308.978854,s,50.0,°C
2025-12-02,14:21:10.424566,1764681670.424566,s,309.242532,s,50.0,°C
2025-12-02,14:21:10.661099,1764681670.661099,s,309.479065,s,50.0,°C
2025-12-02,14:21:10.924791,1764681670.924791,s,309.742757,s,50.0,°C
2025-12-02,14:21:11.161366,1764681671.161366,s,309.979332,s,50.0,°C
2025-12-02,14:21:11.425080,1764681671.42508,s,310.243046,s,50.0,°C
2025-12-02,14:21:11.661927,1764681671.661927,s,310.479893,s,50.0,°C
2025-12-02,14:21:11.925630,1764681671.92563,s,310.743596,s,50.0,°C
2025-12-02,14:21:12.162252,1764681672.162252,s,310.980218,s,50.0,°C
2025-12-02,14:21:12.426149,1764681672.426149,s,311.244115,s,50.0,°C
2025-12-02,14:21:12.662549,1764681672.662549,s,311.480515,s,50.0,°C
2025-12-02,14:21:12.926422,1764681672.926422,s,311.744388,s,50.0,°C
2025-12-02,14:21:13.163097,1764681673.163097,s,311.981063,s,50.0,°C
2025-12-02,14:21:13.426777,1764681673.426777,s,312.244743,s,50.0,°C
2025-12-02,14:21:13.663687,1764681673.663687,s,312.481653,s,50.0,°C
2025-12-02,14:21:13.927280,1764681673.92728,s,312.745246,s,50.0,°C
2025-12-02,14:21:14.163936,1764681674.163936,s,312.981902,s,50.0,°C
2025-12-02,14:21:14.427577,1764681674.427577,s,313.245543,s,50.0,°C
2025-12-02,14:21:14.664172,1764681674.664172,s,313.482138,s,50.0,°C
2025-12-02,14:21:14.928068,1764681674.928068,s,313.746034,s,50.0,°C
2025-12-02,14:21:15.164385,1764681675.164385,s,313.982351,s,50.0,°C
2025-12-02,14:21:15.428406,1764681675.428406,s,314.246372,s,50.0,°C
2025-12-02,14:21:15.664927,1764681675.664927,s,314.482893,s,50.0,°C
2025-12-02,14:21:15.928940,1764681675.92894,s,314.746906,s,50.0,°C
2025-12-02,14:21:16.165167,1764681676.165167,s,314.983133,s,50.0,°C
2025-12-02,14:21:16.429258,1764681676.429258,s,315.247224,s,50.0,°C
2025-12-02,14:21:16.665547,1764681676.665547,s,315.483513,s,50.0,°C
2025-12-02,14:21:16.929863,1764681676.929863,s,315.747829,s,50.0,°C
2025-12-02,14:21:17.165880,1764681677.16588,s,315.983846,s,50.0,°C
2025-12-02,14:21:17.430072,1764681677.430072,s,316.248038,s,50.0,°C
2025-12-02,14:21:17.666246,1764681677.666246,s,316.484212,s,50.0,°C
2025-12-02,14:21:17.930386,1764681677.930386,s,316.748352,s,50.0,°C
2025-12-02,14:21:18.166558,1764681678.166558,s,316.984524,s,50.0,°C
2025-12-02,14:21:18.430614,1764681678.430614,s,317.24858,s,50.0,°C
2025-12-02,14:21:18.666876,1764681678.666876,s,317.484842,s,50.0,°C
2025-12-02,14:21:18.930917,1764681678.930917,s,317.748883,s,50.0,°C
2025-12-02,14:21:19.167654,1764681679.167654,s,317.98562,s,50.0,°C
2025-12-02,14:21:19.431160,1764681679.43116,s,318.249126,s,50.0,°C
2025-12-02,14:21:19.667992,1764681679.667992,s,318.485958,s,50.0,°C
2025-12-02,14:21:19.931373,1764681679.931373,s,318.749339,s,50.0,°C
2025-12-02,14:21:20.168455,1764681680.168455,s,318.986421,s,50.0,°C
2025-12-02,14:21:20.431615,1764681680.431615,s,319.249581,s,50.0,°C
2025-12-02,14:21:20.668848,1764681680.668848,s,319.486814,s,50.0,°C
2025-12-02,14:21:20.931880,1764681680.93188,s,319.749846,s,50.0,°C
2025-12-02,14:21:21.169304,1764681681.169304,s,319.98727,s,50.0,°C
2025-12-02,14:21:21.432339,1764681681.432339,s,320.250305,s,50.0,°C
2025-12-02,14:21:21.669626,1764681681.669626,s,320.487592,s,50.0,°C
2025-12-02,14:21:21.932839,1764681681.932839,s,320.750805,s,50.0,°C
2025-12-02,14:21:22.169927,1764681682.169927,s,320.987893,s,50.0,°C
2025-12-02,14:21:22.433170,1764681682.43317,s,321.251136,s,50.0,°C
2025-12-02,14:21:22.670169,1764681682.670169,s,321.488135,s,50.0,°C
2025-12-02,14:21:22.933519,1764681682.933519,s,321.751485,s,50.0,°C
2025-12-02,14:21:23.170479,1764681683.170479,s,321.988445,s,50.0,°C
2025-12-02,14:21:23.433832,1764681683.433832,s,322.251798,s,50.0,°C
2025-12-02,14:21:23.670804,1764681683.670804,s,322.48877,s,50.0,°C
2025-12-02,14:21:23.934001,1764681683.934001,s,322.751967,s,50.0,°C
2025-12-02,14:21:24.171004,1764681684.171004,s,322.98897,s,50.0,°C
2025-12-02,14:21:24.434335,1764681684.434335,s,323.252301,s,50.0,°C
2025-12-02,14:21:24.671298,1764681684.671298,s,323.489264,s,50.0,°C
2025-12-02,14:21:24.934795,1764681684.934795,s,323.752761,s,50.0,°C
2025-12-02,14:21:25.171590,1764681685.17159,s,323.989556,s,50.0,°C
2025-12-02,14:21:25.435277,1764681685.435277,s,324.253243,s,50.0,°C
2025-12-02,14:21:25.671838,1764681685.671838,s,324.489804,s,50.0,°C
2025-12-02,14:21:25.935808,1764681685.935808,s,324.753774,s,50.0,°C
2025-12-02,14:21:26.172039,1764681686.172039,s,324.990005,s,50.0,°C
2025-12-02,14:21:26.436283,1764681686.436283,s,325.254249,s,50.0,°C
2025-12-02,14:21:26.672380,1764681686.67238,s,325.490346,s,50.0,°C
2025-12-02,14:21:26.936611,1764681686.936611,s,325.754577,s,50.0,°C
2025-12-02,14:21:27.172755,1764681687.172755,s,325.990721,s,50.0,°C
2025-12-02,14:21:27.437077,1764681687.437077,s,326.255043,s,50.0,°C
2025-12-02,14:21:27.672995,1764681687.672995,s,326.490961,s,50.0,°C
2025-12-02,14:21:27.937522,1764681687.937522,s,326.755488,s,50.0,°C
2025-12-02,14:21:28.173315,1764681688.173315,s,326.991281,s,50.0,°C
2025-12-02,14:21:28.437955,1764681688.437955,s,327.255921,s,50.0,°C
2025-12-02,14:21:28.673638,1764681688.673638,s,327.491604,s,50.0,°C
2025-12-02,14:21:28.938383,1764681688.938383,s,327.756349,s,50.0,°C
2025-12-02,14:21:29.174081,1764681689.174081,s,327.992047,s,50.0,°C
2025-12-02,14:21:29.438710,1764681689.43871,s,328.256676,s,50.0,°C
2025-12-02,14:21:29.674454,1764681689.674454,s,328.49242,s,50.0,°C
2025-12-02,14:21:29.939153,1764681689.939153,s,328.757119,s,50.0,°C
2025-12-02,14:21:30.174909,1764681690.174909,s,328.992875,s,50.0,°C
2025-12-02,14:21:30.439484,1764681690.439484,s,329.25745,s,50.0,°C
2025-12-02,14:21:30.675346,1764681690.675346,s,329.493312,s,50.0,°C
2025-12-02,14:21:30.939822,1764681690.939822,s,329.757788,s,50.0,°C
2025-12-02,14:21:31.175580,1764681691.17558,s,329.993546,s,50.0,°C
2025-12-02,14:21:31.440062,1764681691.440062,s,330.258028,s,50.0,°C
2025-12-02,14:21:31.675827,1764681691.675827,s,330.493793,s,50.0,°C
2025-12-02,14:21:31.940379,1764681691.940379,s,330.758345,s,50.0,°C
2025-12-02,14:21:32.176061,1764681692.176061,s,330.994027,s,50.0,°C
2025-12-02,14:21:32.440694,1764681692.440694,s,331.25866,s,50.0,°C
2025-12-02,14:21:32.676531,1764681692.676531,s,331.494497,s,50.0,°C
2025-12-02,14:21:32.941139,1764681692.941139,s,331.759105,s,50.0,°C
2025-12-02,14:21:33.176970,1764681693.17697,s,331.994936,s,50.0,°C
2025-12-02,14:21:33.441430,1764681693.44143,s,332.259396,s,50.0,°C
2025-12-02,14:21:33.677304,1764681693.677304,s,332.49527,s,50.0,°C
2025-12-02,14:21:33.941779,1764681693.941779,s,332.759745,s,50.0,°C
2025-12-02,14:21:34.177624,1764681694.177624,s,332.99559,s,50.0,°C
2025-12-02,14:21:34.442063,1764681694.442063,s,333.260029,s,50.0,°C
2025-12-02,14:21:34.677923,1764681694.677923,s,333.495889,s,50.0,°C
2025-12-02,14:21:34.942414,1764681694.942414,s,333.76038,s,50.0,°C
2025-12-02,14:21:35.178253,1764681695.178253,s,333.996219,s,50.0,°C
2025-12-02,14:21:35.442755,1764681695.442755,s,334.260721,s,50.0,°C
2025-12-02,14:21:35.678582,1764681695.678582,s,334.496548,s,50.0,°C
2025-12-02,14:21:35.943273,1764681695.943273,s,334.761239,s,50.0,°C
2025-12-02,14:21:36.178919,1764681696.178919,s,334.996885,s,50.0,°C
2025-12-02,14:21:36.443733,1764681696.443733,s,335.261699,s,50.0,°C
2025-12-02,14:21:36.679176,1764681696.679176,s,335.497142,s,50.0,°C
2025-12-02,14:21:36.944257,1764681696.944257,s,335.762223,s,50.0,°C
2025-12-02,14:21:37.179399,1764681697.179399,s,335.997365,s,50.0,°C
2025-12-02,14:21:37.444587,1764681697.444587,s,336.262553,s,50.0,°C
2025-12-02,14:21:37.679697,1764681697.679697,s,336.497663,s,50.0,°C
2025-12-02,14:21:37.945044,1764681697.945044,s,336.76301,s,50.0,°C
2025-12-02,14:21:38.179965,1764681698.179965,s,336.997931,s,50.0,°C
2025-12-02,14:21:38.445491,1764681698.445491,s,337.263457,s,50.0,°C
2025-12-02,14:21:38.680254,1764681698.680254,s,337.49822,s,50.0,°C
2025-12-02,14:21:38.945850,1764681698.94585,s,337.763816,s,50.0,°C
2025-12-02,14:21:39.180489,1764681699.180489,s,337.998455,s,50.0,°C
2025-12-02,14:21:39.446311,1764681699.446311,s,338.264277,s,50.0,°C
2025-12-02,14:21:39.680783,1764681699.680783,s,338.498749,s,50.0,°C
2025-12-02,14:21:39.946779,1764681699.946779,s,338.764745,s,50.0,°C
2025-12-02,14:21:40.181192,1764681700.181192,s,338.999158,s,50.0,°C
2025-12-02,14:21:40.447225,1764681700.447225,s,339.265191,s,50.0,°C
2025-12-02,14:21:40.681595,1764681700.681595,s,339.499561,s,50.0,°C
2025-12-02,14:21:40.947686,1764681700.947686,s,339.765652,s,50.0,°C
2025-12-02,14:21:41.181930,1764681701.18193,s,339.999896,s,50.0,°C
2025-12-02,14:21:41.448104,1764681701.448104,s,340.26607,s,50.0,°C
2025-12-02,14:21:41.682359,1764681701.682359,s,340.500325,s,50.0,°C
2025-12-02,14:21:41.948497,1764681701.948497,s,340.766463,s,50.0,°C
2025-12-02,14:21:42.182822,1764681702.182822,s,341.000788,s,50.0,°C
2025-12-02,14:21:42.448910,1764681702.44891,s,341.266876,s,50.0,°C
2025-12-02,14:21:42.683265,1764681702.683265,s,341.501231,s,50.0,°C
2025-12-02,14:21:42.949149,1764681702.949149,s,341.767115,s,50.0,°C
2025-12-02,14:21:43.183719,1764681703.183719,s,342.001685,s,50.0,°C
2025-12-02,14:21:43.449469,1764681703.449469,s,342.267435,s,50.0,°C
2025-12-02,14:21:43.683955,1764681703.683955,s,342.501921,s,50.0,°C
2025-12-02,14:21:43.949829,1764681703.949829,s,342.767795,s,50.0,°C
2025-12-02,14:21:44.184418,1764681704.184418,s,343.002384,s,50.0,°C
2025-12-02,14:21:44.450070,1764681704.45007,s,343.268036,s,50.0,°C
2025-12-02,14:21:44.684850,1764681704.68485,s,343.502816,s,50.0,°C
2025-12-02,14:21:44.950384,1764681704.950384,s,343.76835,s,50.0,°C
2025-12-02,14:21:45.185085,1764681705.185085,s,344.003051,s,50.0,°C
2025-12-02,14:21:45.450713,1764681705.450713,s,344.268679,s,50.0,°C
2025-12-02,14:21:45.685548,1764681705.685548,s,344.503514,s,50.0,°C
2025-12-02,14:21:45.950999,1764681705.950999,s,344.768965,s,50.0,°C
2025-12-02,14:21:46.185910,1764681706.18591,s,345.003876,s,50.0,°C
2025-12-02,14:21:46.451306,1764681706.451306,s,345.269272,s,50.0,°C
2025-12-02,14:21:46.686378,1764681706.686378,s,345.504344,s,50.0,°C
2025-12-02,14:21:46.951723,1764681706.951723,s,345.769689,s,50.0,°C
2025-12-02,14:21:47.186695,1764681707.186695,s,346.004661,s,50.0,°C
2025-12-02,14:21:47.451918,1764681707.451918,s,346.269884,s,50.0,°C
2025-12-02,14:21:47.687112,1764681707.687112,s,346.505078,s,50.0,°C
2025-12-02,14:21:47.952113,1764681707.952113,s,346.770079,s,50.0,°C
2025-12-02,14:21:48.187422,1764681708.187422,s,347.005388,s,50.0,°C
2025-12-02,14:21:48.452433,1764681708.452433,s,347.270399,s,50.0,°C
2025-12-02,14:21:48.687933,1764681708.687933,s,347.505899,s,50.0,°C
2025-12-02,14:21:48.952808,1764681708.952808,s,347.770774,s,50.0,°C
2025-12-02,14:21:49.188279,1764681709.188279,s,348.006245,s,50.0,°C
2025-12-02,14:21:49.453273,1764681709.453273,s,348.271239,s,50.0,°C
2025-12-02,14:21:49.688609,1764681709.688609,s,348.506575,s,50.0,°C
2025-12-02,14:21:49.953600,1764681709.9536,s,348.771566,s,50.0,°C
2025-12-02,14:21:50.188918,1764681710.188918,s,349.006884,s,50.0,°C
2025-12-02,14:21:50.454065,1764681710.454065,s,349.272031,s,50.0,°C
2025-12-02,14:21:50.689226,1764681710.689226,s,349.507192,s,50.0,°C
2025-12-02,14:21:50.954519,1764681710.954519,s,349.772485,s,50.0,°C
2025-12-02,14:21:51.189539,1764681711.189539,s,350.007505,s,50.0,°C
2025-12-02,14:21:51.454871,1764681711.454871,s,350.272837,s,50.0,°C
2025-12-02,14:21:51.689867,1764681711.689867,s,350.507833,s,50.0,°C
2025-12-02,14:21:51.955402,1764681711.955402,s,350.773368,s,50.0,°C
2025-12-02,14:21:52.190101,1764681712.190101,s,351.008067,s,50.0,°C
2025-12-02,14:21:52.455724,1764681712.455724,s,351.27369,s,50.0,°C
2025-12-02,14:21:52.690406,1764681712.690406,s,351.508372,s,50.0,°C
2025-12-02,14:21:52.956198,1764681712.956198,s,351.774164,s,50.0,°C
2025-12-02,14:21:53.190633,1764681713.190633,s,352.008599,s,50.0,°C
2025-12-02,14:21:53.456642,1764681713.456642,s,352.274608,s,50.0,°C
2025-12-02,14:21:53.690868,1764681713.690868,s,352.508834,s,50.0,°C
2025-12-02,14:21:53.957000,1764681713.957,s,352.774966,s,50.0,°C
2025-12-02,14:21:54.191330,1764681714.19133,s,353.009296,s,49.0,°C
2025-12-02,14:21:54.457485,1764681714.457485,s,353.275451,s,49.0,°C
2025-12-02,14:21:54.691789,1764681714.691789,s,353.509755,s,49.0,°C
2025-12-02,14:21:54.957951,1764681714.957951,s,353.775917,s,49.0,°C
2025-12-02,14:21:55.192276,1764681715.192276,s,354.010242,s,50.0,°C
2025-12-02,14:21:55.458418,1764681715.458418,s,354.276384,s,50.0,°C
2025-12-02,14:21:55.692606,1764681715.692606,s,354.510572,s,50.0,°C
2025-12-02,14:21:55.958828,1764681715.958828,s,354.776794,s,50.0,°C
2025-12-02,14:21:56.193128,1764681716.193128,s,355.011094,s,50.0,°C
2025-12-02,14:21:56.459077,1764681716.459077,s,355.277043,s,50.0,°C
2025-12-02,14:21:56.693615,1764681716.693615,s,355.511581,s,50.0,°C
2025-12-02,14:21:56.959476,1764681716.959476,s,355.777442,s,50.0,°C
2025-12-02,14:21:57.194085,1764681717.194085,s,356.012051,s,50.0,°C
2025-12-02,14:21:57.459764,1764681717.459764,s,356.27773,s,50.0,°C
2025-12-02,14:21:57.694561,1764681717.694561,s,356.512527,s,50.0,°C
2025-12-02,14:21:57.960171,1764681717.960171,s,356.778137,s,50.0,°C
2025-12-02,14:21:58.195052,1764681718.195052,s,357.013018,s,50.0,°C
2025-12-02,14:21:58.460519,1764681718.460519,s,357.278485,s,50.0,°C
2025-12-02,14:21:58.695400,1764681718.6954,s,357.513366,s,50.0,°C
2025-12-02,14:21:58.960750,1764681718.96075,s,357.778716,s,50.0,°C
2025-12-02,14:21:59.195756,1764681719.195756,s,358.013722,s,50.0,°C
2025-12-02,14:21:59.461031,1764681719.461031,s,358.278997,s,50.0,°C
2025-12-02,14:21:59.696330,1764681719.69633,s,358.514296,s,50.0,°C
2025-12-02,14:21:59.961359,1764681719.961359,s,358.779325,s,50.0,°C
2025-12-02,14:22:00.196656,1764681720.196656,s,359.014622,s,50.0,°C
2025-12-02,14:22:00.461777,1764681720.461777,s,359.279743,s,50.0,°C
2025-12-02,14:22:00.697150,1764681720.69715,s,359.515116,s,50.0,°C
2025-12-02,14:22:00.962077,1764681720.962077,s,359.780043,s,50.0,°C
2025-12-02,14:22:01.197631,1764681721.197631,s,360.015597,s,50.0,°C
2025-12-02,14:22:01.462455,1764681721.462455,s,360.280421,s,50.0,°C
2025-12-02,14:22:01.698053,1764681721.698053,s,360.516019,s,50.0,°C
2025-12-02,14:22:01.962782,1764681721.962782,s,360.780748,s,50.0,°C
2025-12-02,14:22:02.198461,1764681722.198461,s,361.016427,s,50.0,°C
2025-12-02,14:22:02.463017,1764681722.463017,s,361.280983,s,50.0,°C
2025-12-02,14:22:02.698785,1764681722.698785,s,361.516751,s,50.0,°C
2025-12-02,14:22:02.963518,1764681722.963518,s,361.781484,s,50.0,°C
2025-12-02,14:22:03.199018,1764681723.199018,s,362.016984,s,50.0,°C
2025-12-02,14:22:03.463976,1764681723.463976,s,362.281942,s,50.0,°C
2025-12-02,14:22:03.699355,1764681723.699355,s,362.517321,s,50.0,°C
2025-12-02,14:22:03.964460,1764681723.96446,s,362.782426,s,50.0,°C
2025-12-02,14:22:04.199680,1764681724.19968,s,363.017646,s,50.0,°C
2025-12-02,14:22:04.464790,1764681724.46479,s,363.282756,s,50.0,°C
2025-12-02,14:22:04.699915,1764681724.699915,s,363.517881,s,50.0,°C
2025-12-02,14:22:04.965038,1764681724.965038,s,363.783004,s,50.0,°C
2025-12-02,14:22:05.200226,1764681725.200226,s,364.018192,s,50.0,°C
2025-12-02,14:22:05.465449,1764681725.465449,s,364.283415,s,50.0,°C
2025-12-02,14:22:05.700541,1764681725.700541,s,364.518507,s,50.0,°C
2025-12-02,14:22:05.965886,1764681725.965886,s,364.783852,s,50.0,°C
2025-12-02,14:22:06.200927,1764681726.200927,s,365.018893,s,50.0,°C
2025-12-02,14:22:06.466335,1764681726.466335,s,365.284301,s,50.0,°C
2025-12-02,14:22:06.701149,1764681726.701149,s,365.519115,s,50.0,°C
2025-12-02,14:22:06.966663,1764681726.966663,s,365.784629,s,50.0,°C
2025-12-02,14:22:07.201383,1764681727.201383,s,366.019349,s,50.0,°C
2025-12-02,14:22:07.467130,1764681727.46713,s,366.285096,s,50.0,°C
2025-12-02,14:22:07.701772,1764681727.701772,s,366.519738,s,50.0,°C
2025-12-02,14:22:07.967515,1764681727.967515,s,366.785481,s,50.0,°C
2025-12-02,14:22:08.202272,1764681728.202272,s,367.020238,s,50.0,°C
2025-12-02,14:22:08.467961,1764681728.467961,s,367.285927,s,50.0,°C
2025-12-02,14:22:08.702742,1764681728.702742,s,367.520708,s,50.0,°C
2025-12-02,14:22:08.968192,1764681728.968192,s,367.786158,s,50.0,°C
2025-12-02,14:22:09.203206,1764681729.203206,s,368.021172,s,50.0,°C
2025-12-02,14:22:09.468612,1764681729.468612,s,368.286578,s,50.0,°C
2025-12-02,14:22:09.703632,1764681729.703632,s,368.521598,s,50.0,°C
2025-12-02,14:22:09.969064,1764681729.969064,s,368.78703,s,50.0,°C
2025-12-02,14:22:10.204126,1764681730.204126,s,369.022092,s,50.0,°C
2025-12-02,14:22:10.469457,1764681730.469457,s,369.287423,s,50.0,°C
2025-12-02,14:22:10.704598,1764681730.704598,s,369.522564,s,50.0,°C
2025-12-02,14:22:10.969911,1764681730.969911,s,369.787877,s,50.0,°C
2025-12-02,14:22:11.205124,1764681731.205124,s,370.02309,s,50.0,°C
2025-12-02,14:22:11.470375,1764681731.470375,s,370.288341,s,50.0,°C
2025-12-02,14:22:11.705618,1764681731.705618,s,370.523584,s,50.0,°C
2025-12-02,14:22:11.970827,1764681731.970827,s,370.788793,s,50.0,°C
2025-12-02,14:22:12.206084,1764681732.206084,s,371.02405,s,50.0,°C
2025-12-02,14:22:12.471251,1764681732.471251,s,371.289217,s,50.0,°C
2025-12-02,14:22:12.706512,1764681732.706512,s,371.524478,s,50.0,°C
2025-12-02,14:22:12.971592,1764681732.971592,s,371.789558,s,50.0,°C
2025-12-02,14:22:13.206939,1764681733.206939,s,372.024905,s,50.0,°C
2025-12-02,14:22:13.471943,1764681733.471943,s,372.289909,s,50.0,°C
2025-12-02,14:22:13.707349,1764681733.707349,s,372.525315,s,50.0,°C
2025-12-02,14:22:13.972168,1764681733.972168,s,372.790134,s,50.0,°C
2025-12-02,14:22:14.207827,1764681734.207827,s,373.025793,s,50.0,°C
2025-12-02,14:22:14.472623,1764681734.472623,s,373.290589,s,50.0,°C
2025-12-02,14:22:14.708270,1764681734.70827,s,373.526236,s,50.0,°C
2025-12-02,14:22:14.972934,1764681734.972934,s,373.7909,s,50.0,°C
2025-12-02,14:22:15.208614,1764681735.208614,s,374.02658,s,50.0,°C
2025-12-02,14:22:15.473281,1764681735.473281,s,374.291247,s,50.0,°C
2025-12-02,14:22:15.709010,1764681735.70901,s,374.526976,s,50.0,°C
2025-12-02,14:22:15.973558,1764681735.973558,s,374.791524,s,50.0,°C
2025-12-02,14:22:16.209357,1764681736.209357,s,375.027323,s,50.0,°C
2025-12-02,14:22:16.473771,1764681736.473771,s,375.291737,s,50.0,°C
2025-12-02,14:22:16.709776,1764681736.709776,s,375.527742,s,50.0,°C
2025-12-02,14:22:16.974068,1764681736.974068,s,375.792034,s,50.0,°C
2025-12-02,14:22:17.210029,1764681737.210029,s,376.027995,s,50.0,°C
2025-12-02,14:22:17.474419,1764681737.474419,s,376.292385,s,50.0,°C
2025-12-02,14:22:17.710356,1764681737.710356,s,376.528322,s,50.0,°C
2025-12-02,14:22:17.974767,1764681737.974767,s,376.792733,s,50.0,°C
2025-12-02,14:22:18.210718,1764681738.210718,s,377.028684,s,50.0,°C
2025-12-02,14:22:18.475253,1764681738.475253,s,377.293219,s,50.0,°C
2025-12-02,14:22:18.710960,1764681738.71096,s,377.528926,s,50.0,°C
2025-12-02,14:22:18.975696,1764681738.975696,s,377.793662,s,50.0,°C
2025-12-02,14:22:19.211416,1764681739.211416,s,378.029382,s,50.0,°C
2025-12-02,14:22:19.476184,1764681739.476184,s,378.29415,s,50.0,°C
2025-12-02,14:22:19.711760,1764681739.71176,s,378.529726,s,50.0,°C
2025-12-02,14:22:19.976649,1764681739.976649,s,378.794615,s,50.0,°C
2025-12-02,14:22:20.212010,1764681740.21201,s,379.029976,s,50.0,°C
2025-12-02,14:22:20.477098,1764681740.477098,s,379.295064,s,50.0,°C
2025-12-02,14:22:20.712220,1764681740.71222,s,379.530186,s,50.0,°C
2025-12-02,14:22:20.977571,1764681740.977571,s,379.795537,s,50.0,°C
2025-12-02,14:22:21.212441,1764681741.212441,s,380.030407,s,50.0,°C
2025-12-02,14:22:21.478028,1764681741.478028,s,380.295994,s,50.0,°C
2025-12-02,14:22:21.712924,1764681741.712924,s,380.53089,s,50.0,°C
2025-12-02,14:22:21.978498,1764681741.978498,s,380.796464,s,50.0,°C
2025-12-02,14:22:22.213389,1764681742.213389,s,381.031355,s,50.0,°C
2025-12-02,14:22:22.478922,1764681742.478922,s,381.296888,s,50.0,°C
2025-12-02,14:22:22.713755,1764681742.713755,s,381.531721,s,50.0,°C
2025-12-02,14:22:22.979394,1764681742.979394,s,381.79736,s,50.0,°C
2025-12-02,14:22:23.214057,1764681743.214057,s,382.032023,s,50.0,°C
2025-12-02,14:22:23.479844,1764681743.479844,s,382.29781,s,50.0,°C
2025-12-02,14:22:23.714412,1764681743.714412,s,382.532378,s,50.0,°C
2025-12-02,14:22:23.980095,1764681743.980095,s,382.798061,s,50.0,°C
2025-12-02,14:22:24.214766,1764681744.214766,s,383.032732,s,50.0,°C
2025-12-02,14:22:24.480426,1764681744.480426,s,383.298392,s,50.0,°C
2025-12-02,14:22:24.715117,1764681744.715117,s,383.533083,s,50.0,°C
2025-12-02,14:22:24.980900,1764681744.9809,s,383.798866,s,50.0,°C
2025-12-02,14:22:25.215471,1764681745.215471,s,384.033437,s,50.0,°C
2025-12-02,14:22:25.481213,1764681745.481213,s,384.299179,s,50.0,°C
2025-12-02,14:22:25.715829,1764681745.715829,s,384.533795,s,50.0,°C
2025-12-02,14:22:25.981635,1764681745.981635,s,384.799601,s,50.0,°C
2025-12-02,14:22:26.216304,1764681746.216304,s,385.03427,s,50.0,°C
2025-12-02,14:22:26.481935,1764681746.481935,s,385.299901,s,50.0,°C
2025-12-02,14:22:26.716658,1764681746.716658,s,385.534624,s,50.0,°C
2025-12-02,14:22:26.982317,1764681746.982317,s,385.800283,s,50.0,°C
2025-12-02,14:22:27.217134,1764681747.217134,s,386.0351,s,50.0,°C
2025-12-02,14:22:27.482737,1764681747.482737,s,386.300703,s,50.0,°C
2025-12-02,14:22:27.717554,1764681747.717554,s,386.53552,s,50.0,°C
2025-12-02,14:22:27.983224,1764681747.983224,s,386.80119,s,50.0,°C
2025-12-02,14:22:28.218019,1764681748.218019,s,387.035985,s,50.0,°C
2025-12-02,14:22:28.483577,1764681748.483577,s,387.301543,s,50.0,°C
2025-12-02,14:22:28.718467,1764681748.718467,s,387.536433,s,50.0,°C
2025-12-02,14:22:28.983904,1764681748.983904,s,387.80187,s,50.0,°C
2025-12-02,14:22:29.218812,1764681749.218812,s,388.036778,s,50.0,°C
2025-12-02,14:22:29.484122,1764681749.484122,s,388.302088,s,50.0,°C
2025-12-02,14:22:29.719279,1764681749.719279,s,388.537245,s,50.0,°C
2025-12-02,14:22:29.984542,1764681749.984542,s,388.802508,s,50.0,°C
2025-12-02,14:22:30.219622,1764681750.219622,s,389.037588,s,50.0,°C
2025-12-02,14:22:30.484863,1764681750.484863,s,389.302829,s,50.0,°C
2025-12-02,14:22:30.719954,1764681750.719954,s,389.53792,s,50.0,°C
2025-12-02,14:22:30.985292,1764681750.985292,s,389.803258,s,50.0,°C
2025-12-02,14:22:31.220294,1764681751.220294,s,390.03826,s,50.0,°C
2025-12-02,14:22:31.485831,1764681751.485831,s,390.303797,s,50.0,°C
2025-12-02,14:22:31.720674,1764681751.720674,s,390.53864,s,50.0,°C
2025-12-02,14:22:31.986285,1764681751.986285,s,390.804251,s,50.0,°C
2025-12-02,14:22:32.220948,1764681752.220948,s,391.038914,s,50.0,°C
2025-12-02,14:22:32.486724,1764681752.486724,s,391.30469,s,50.0,°C
2025-12-02,14:22:32.721192,1764681752.721192,s,391.539158,s,50.0,°C
2025-12-02,14:22:32.987192,1764681752.987192,s,391.805158,s,50.0,°C
2025-12-02,14:22:33.221508,1764681753.221508,s,392.039474,s,50.0,°C
2025-12-02,14:22:33.487642,1764681753.487642,s,392.305608,s,50.0,°C
2025-12-02,14:22:33.721825,1764681753.721825,s,392.539791,s,50.0,°C
2025-12-02,14:22:33.988091,1764681753.988091,s,392.806057,s,50.0,°C
2025-12-02,14:22:34.222034,1764681754.222034,s,393.04,s,50.0,°C
2025-12-02,14:22:34.488403,1764681754.488403,s,393.306369,s,50.0,°C
2025-12-02,14:22:34.722407,1764681754.722407,s,393.540373,s,50.0,°C
2025-12-02,14:22:34.988638,1764681754.988638,s,393.806604,s,50.0,°C
2025-12-02,14:22:35.222789,1764681755.222789,s,394.040755,s,50.0,°C
2025-12-02,14:22:35.489100,1764681755.4891,s,394.307066,s,50.0,°C
2025-12-02,14:22:35.723054,1764681755.723054,s,394.54102,s,50.0,°C
2025-12-02,14:22:35.989512,1764681755.989512,s,394.807478,s,50.0,°C
2025-12-02,14:22:36.223530,1764681756.22353,s,395.041496,s,50.0,°C
2025-12-02,14:22:36.489972,1764681756.489972,s,395.307938,s,50.0,°C
2025-12-02,14:22:36.724009,1764681756.724009,s,395.541975,s,50.0,°C
2025-12-02,14:22:36.990436,1764681756.990436,s,395.808402,s,50.0,°C
2025-12-02,14:22:37.224462,1764681757.224462,s,396.042428,s,50.0,°C
2025-12-02,14:22:37.490864,1764681757.490864,s,396.30883,s,50.0,°C
2025-12-02,14:22:37.724701,1764681757.724701,s,396.542667,s,50.0,°C
2025-12-02,14:22:37.991288,1764681757.991288,s,396.809254,s,50.0,°C
2025-12-02,14:22:38.225184,1764681758.225184,s,397.04315,s,50.0,°C
2025-12-02,14:22:38.491690,1764681758.49169,s,397.309656,s,50.0,°C
2025-12-02,14:22:38.725656,1764681758.725656,s,397.543622,s,50.0,°C
2025-12-02,14:22:38.992182,1764681758.992182,s,397.810148,s,50.0,°C
2025-12-02,14:22:39.226119,1764681759.226119,s,398.044085,s,50.0,°C
2025-12-02,14:22:39.492570,1764681759.49257,s,398.310536,s,50.0,°C
2025-12-02,14:22:39.726589,1764681759.726589,s,398.544555,s,50.0,°C
2025-12-02,14:22:39.993076,1764681759.993076,s,398.811042,s,50.0,°C
2025-12-02,14:22:40.227041,1764681760.227041,s,399.045007,s,50.0,°C
2025-12-02,14:22:40.493407,1764681760.493407,s,399.311373,s,50.0,°C
2025-12-02,14:22:40.727531,1764681760.727531,s,399.545497,s,50.0,°C
2025-12-02,14:22:40.993771,1764681760.993771,s,399.811737,s,50.0,°C
2025-12-02,14:22:41.227943,1764681761.227943,s,400.045909,s,50.0,°C
2025-12-02,14:22:41.494073,1764681761.494073,s,400.312039,s,50.0,°C
2025-12-02,14:22:41.728603,1764681761.728603,s,400.546569,s,50.0,°C
2025-12-02,14:22:41.994426,1764681761.994426,s,400.812392,s,50.0,°C
