Date,Time,Time since 1970-01-01T00:00:00Z,,Time since start of measurement,,,
2025-12-09,14:10:32.767950,1765285832.76795,s,6e-06,s,73.0,°C
2025-12-09,14:10:33.018615,1765285833.018615,s,0.250671,s,73.0,°C
2025-12-09,14:10:33.268635,1765285833.268635,s,0.500691,s,73.0,°C
2025-12-09,14:10:33.519172,1765285833.519172,s,0.751228,s,73.0,°C
2025-12-09,14:10:33.769005,1765285833.769005,s,1.001061,s,73.0,°C
2025-12-09,14:10:34.019691,1765285834.019691,s,1.251747,s,73.0,°C
2025-12-09,14:10:34.269339,1765285834.269339,s,1.501395,s,73.0,°C
2025-12-09,14:10:34.520087,1765285834.520087,s,1.752143,s,73.0,°C
2025-12-09,14:10:34.769710,1765285834.76971,s,2.001766,s,73.0,°C
2025-12-09,14:10:35.020610,1765285835.02061,s,2.252666,s,73.0,°C
2025-12-09,14:10:35.270055,1765285835.270055,s,2.502111,s,73.0,°C
2025-12-09,14:10:35.520966,1765285835.520966,s,2.753022,s,73.0,°C
2025-12-09,14:10:35.770314,1765285835.770314,s,3.00237,s,73.0,°C
2025-12-09,14:10:36.021426,1765285836.021426,s,3.253482,s,73.0,°C
2025-12-09,14:10:36.270657,1765285836.270657,s,3.502713,s,73.0,°C
2025-12-09,14:10:36.521969,1765285836.521969,s,3.754025,s,73.0,°C
2025-12-09,14:10:36.770905,1765285836.770905,s,4.002961,s,73.0,°C
2025-12-09,14:10:37.022468,1765285837.022468,s,4.254524,s,73.0,°C
2025-12-09,14:10:37.271149,1765285837.271149,s,4.503205,s,73.0,°C
2025-12-09,14:10:37.523006,1765285837.523006,s,4.755062,s,73.0,°C
2025-12-09,14:10:37.771648,1765285837.771648,s,5.003704,s,73.0,°C
2025-12-09,14:10:38.023278,1765285838.023278,s,5.255334,s,73.0,°C
2025-12-09,14:10:38.272159,1765285838.272159,s,5.504215,s,73.0,°C
2025-12-09,14:10:38.523780,1765285838.52378,s,5.755836,s,73.0,°C
2025-12-09,14:10:38.772418,1765285838.772418,s,6.004474,s,73.0,°C
2025-12-09,14:10:39.024180,1765285839.02418,s,6.256236,s,73.0,°C
2025-12-09,14:10:39.272957,1765285839.272957,s,6.505013,s,73.0,°C
2025-12-09,14:10:39.524463,1765285839.524463,s,6.756519,s,73.0,°C
2025-12-09,14:10:39.773308,1765285839.773308,s,7.005364,s,73.0,°C
2025-12-09,14:10:40.024854,1765285840.024854,s,7.25691,s,73.0,°C
2025-12-09,14:10:40.273696,1765285840.273696,s,7.505752,s,73.0,°C
2025-12-09,14:10:40.525234,1765285840.525234,s,7.75729,s,73.0,°C
2025-12-09,14:10:40.774072,1765285840.774072,s,8.006128,s,73.0,°C
2025-12-09,14:10:41.025591,1765285841.025591,s,8.257647,s,73.0,°C
2025-12-09,14:10:41.274597,1765285841.274597,s,8.506653,s,73.0,°C
2025-12-09,14:10:41.525959,1765285841.525959,s,8.758015,s,73.0,°C
2025-12-09,14:10:41.775028,1765285841.775028,s,9.007084,s,73.0,°C
2025-12-09,14:10:42.026217,1765285842.026217,s,9.258273,s,73.0,°C
2025-12-09,14:10:42.275368,1765285842.275368,s,9.507424,s,73.0,°C
2025-12-09,14:10:42.526547,1765285842.526547,s,9.758603,s,73.0,°C
2025-12-09,14:10:42.775759,1765285842.775759,s,10.007815,s,73.0,°C
2025-12-09,14:10:43.026886,1765285843.026886,s,10.258942,s,73.0,°C
2025-12-09,14:10:43.276143,1765285843.276143,s,10.508199,s,73.0,°C
2025-12-09,14:10:43.527176,1765285843.527176,s,10.759232,s,73.0,°C
2025-12-09,14:10:43.776646,1765285843.776646,s,11.008702,s,73.0,°C
2025-12-09,14:10:44.027706,1765285844.027706,s,11.259762,s,73.0,°C
2025-12-09,14:10:44.277178,1765285844.277178,s,11.509234,s,73.0,°C
2025-12-09,14:10:44.528221,1765285844.528221,s,11.760277,s,73.0,°C
2025-12-09,14:10:44.777667,1765285844.777667,s,12.009723,s,73.0,°C
2025-12-09,14:10:45.028624,1765285845.028624,s,12.26068,s,73.0,°C
2025-12-09,14:10:45.278215,1765285845.278215,s,12.510271,s,73.0,°C
2025-12-09,14:10:45.529034,1765285845.529034,s,12.76109,s,73.0,°C
2025-12-09,14:10:45.778719,1765285845.778719,s,13.010775,s,73.0,°C
2025-12-09,14:10:46.029564,1765285846.029564,s,13.26162,s,73.0,°C
2025-12-09,14:10:46.279080,1765285846.27908,s,13.511136,s,73.0,°C
2025-12-09,14:10:46.529996,1765285846.529996,s,13.762052,s,73.0,°C
2025-12-09,14:10:46.779407,1765285846.779407,s,14.011463,s,73.0,°C
2025-12-09,14:10:47.030581,1765285847.030581,s,14.262637,s,73.0,°C
2025-12-09,14:10:47.279775,1765285847.279775,s,14.511831,s,73.0,°C
2025-12-09,14:10:47.531080,1765285847.53108,s,14.763136,s,73.0,°C
2025-12-09,14:10:47.780148,1765285847.780148,s,15.012204,s,73.0,°C
2025-12-09,14:10:48.031590,1765285848.03159,s,15.263646,s,73.0,°C
2025-12-09,14:10:48.280454,1765285848.280454,s,15.51251,s,73.0,°C
2025-12-09,14:10:48.531964,1765285848.531964,s,15.76402,s,73.0,°C
2025-12-09,14:10:48.780803,1765285848.780803,s,16.012859,s,73.0,°C
2025-12-09,14:10:49.032495,1765285849.032495,s,16.264551,s,73.0,°C
2025-12-09,14:10:49.281030,1765285849.28103,s,16.513086,s,73.0,°C
2025-12-09,14:10:49.532909,1765285849.532909,s,16.764965,s,73.0,°C
2025-12-09,14:10:49.781523,1765285849.781523,s,17.013579,s,73.0,°C
2025-12-09,14:10:50.033467,1765285850.033467,s,17.265523,s,73.0,°C
2025-12-09,14:10:50.282095,1765285850.282095,s,17.514151,s,73.0,°C
2025-12-09,14:10:50.533954,1765285850.533954,s,17.76601,s,73.0,°C
2025-12-09,14:10:50.782621,1765285850.782621,s,18.014677,s,73.0,°C
2025-12-09,14:10:51.034445,1765285851.034445,s,18.266501,s,73.0,°C
2025-12-09,14:10:51.283085,1765285851.283085,s,18.515141,s,73.0,°C
2025-12-09,14:10:51.534821,1765285851.534821,s,18.766877,s,73.0,°C
2025-12-09,14:10:51.783619,1765285851.783619,s,19.015675,s,73.0,°C
2025-12-09,14:10:52.035197,1765285852.035197,s,19.267253,s,73.0,°C
2025-12-09,14:10:52.284078,1765285852.284078,s,19.516134,s,73.0,°C
2025-12-09,14:10:52.535476,1765285852.535476,s,19.767532,s,73.0,°C
2025-12-09,14:10:52.784367,1765285852.784367,s,20.016423,s,73.0,°C
2025-12-09,14:10:53.035827,1765285853.035827,s,20.267883,s,73.0,°C
2025-12-09,14:10:53.284863,1765285853.284863,s,20.516919,s,73.0,°C
2025-12-09,14:10:53.536219,1765285853.536219,s,20.768275,s,73.0,°C
2025-12-09,14:10:53.785239,1765285853.785239,s,21.017295,s,73.0,°C
2025-12-09,14:10:54.036625,1765285854.036625,s,21.268681,s,73.0,°C
2025-12-09,14:10:54.295434,1765285854.295434,s,21.52749,s,73.0,°C
2025-12-09,14:10:54.537005,1765285854.537005,s,21.769061,s,73.0,°C
2025-12-09,14:10:54.795876,1765285854.795876,s,22.027932,s,73.0,°C
2025-12-09,14:10:55.037285,1765285855.037285,s,22.269341,s,73.0,°C
2025-12-09,14:10:55.296246,1765285855.296246,s,22.528302,s,73.0,°C
2025-12-09,14:10:55.537601,1765285855.537601,s,22.769657,s,73.0,°C
2025-12-09,14:10:55.796722,1765285855.796722,s,23.028778,s,73.0,°C
2025-12-09,14:10:56.037912,1765285856.037912,s,23.269968,s,73.0,°C
2025-12-09,14:10:56.297100,1765285856.2971,s,23.529156,s,73.0,°C
2025-12-09,14:10:56.538147,1765285856.538147,s,23.770203,s,73.0,°C
2025-12-09,14:10:56.797576,1765285856.797576,s,24.029632,s,73.0,°C
2025-12-09,14:10:57.038449,1765285857.038449,s,24.270505,s,73.0,°C
2025-12-09,14:10:57.298038,1765285857.298038,s,24.530094,s,73.0,°C
2025-12-09,14:10:57.538963,1765285857.538963,s,24.771019,s,73.0,°C
2025-12-09,14:10:57.798549,1765285857.798549,s,25.030605,s,73.0,°C
2025-12-09,14:10:58.039249,1765285858.039249,s,25.271305,s,73.0,°C
2025-12-09,14:10:58.299065,1765285858.299065,s,25.531121,s,73.0,°C
2025-12-09,14:10:58.539740,1765285858.53974,s,25.771796,s,73.0,°C
2025-12-09,14:10:58.799575,1765285858.799575,s,26.031631,s,73.0,°C
2025-12-09,14:10:59.040139,1765285859.040139,s,26.272195,s,73.0,°C
2025-12-09,14:10:59.300083,1765285859.300083,s,26.532139,s,73.0,°C
2025-12-09,14:10:59.540577,1765285859.540577,s,26.772633,s,73.0,°C
2025-12-09,14:10:59.800540,1765285859.80054,s,27.032596,s,73.0,°C
2025-12-09,14:11:00.041018,1765285860.041018,s,27.273074,s,73.0,°C
2025-12-09,14:11:00.301007,1765285860.301007,s,27.533063,s,73.0,°C
2025-12-09,14:11:00.541513,1765285860.541513,s,27.773569,s,73.0,°C
2025-12-09,14:11:00.801477,1765285860.801477,s,28.033533,s,73.0,°C
2025-12-09,14:11:01.042009,1765285861.042009,s,28.274065,s,73.0,°C
2025-12-09,14:11:01.301959,1765285861.301959,s,28.534015,s,73.0,°C
2025-12-09,14:11:01.542529,1765285861.542529,s,28.774585,s,73.0,°C
2025-12-09,14:11:01.802436,1765285861.802436,s,29.034492,s,73.0,°C
2025-12-09,14:11:02.043063,1765285862.043063,s,29.275119,s,73.0,°C
2025-12-09,14:11:02.302913,1765285862.302913,s,29.534969,s,73.0,°C
2025-12-09,14:11:02.543460,1765285862.54346,s,29.775516,s,73.0,°C
2025-12-09,14:11:02.803146,1765285862.803146,s,30.035202,s,73.0,°C
2025-12-09,14:11:03.043978,1765285863.043978,s,30.276034,s,72.0,°C
2025-12-09,14:11:03.303645,1765285863.303645,s,30.535701,s,72.0,°C
2025-12-09,14:11:03.544455,1765285863.544455,s,30.776511,s,72.0,°C
2025-12-09,14:11:03.804083,1765285863.804083,s,31.036139,s,72.0,°C
2025-12-09,14:11:04.044960,1765285864.04496,s,31.277016,s,72.0,°C
2025-12-09,14:11:04.304377,1765285864.304377,s,31.536433,s,73.0,°C
2025-12-09,14:11:04.545476,1765285864.545476,s,31.777532,s,73.0,°C
2025-12-09,14:11:04.804748,1765285864.804748,s,32.036804,s,73.0,°C
2025-12-09,14:11:05.045832,1765285865.045832,s,32.277888,s,73.0,°C
2025-12-09,14:11:05.305126,1765285865.305126,s,32.537182,s,73.0,°C
2025-12-09,14:11:05.546288,1765285865.546288,s,32.778344,s,73.0,°C
2025-12-09,14:11:05.805644,1765285865.805644,s,33.0377,s,73.0,°C
2025-12-09,14:11:06.046780,1765285866.04678,s,33.278836,s,73.0,°C
2025-12-09,14:11:06.306161,1765285866.306161,s,33.538217,s,73.0,°C
2025-12-09,14:11:06.547160,1765285866.54716,s,33.779216,s,73.0,°C
2025-12-09,14:11:06.806619,1765285866.806619,s,34.038675,s,73.0,°C
2025-12-09,14:11:07.047439,1765285867.047439,s,34.279495,s,73.0,°C
2025-12-09,14:11:07.307081,1765285867.307081,s,34.539137,s,73.0,°C
2025-12-09,14:11:07.547811,1765285867.547811,s,34.779867,s,73.0,°C
2025-12-09,14:11:07.807631,1765285867.807631,s,35.039687,s,73.0,°C
2025-12-09,14:11:08.048200,1765285868.0482,s,35.280256,s,73.0,°C
2025-12-09,14:11:08.307961,1765285868.307961,s,35.540017,s,73.0,°C
2025-12-09,14:11:08.548479,1765285868.548479,s,35.780535,s,73.0,°C
2025-12-09,14:11:08.808441,1765285868.808441,s,36.040497,s,73.0,°C
2025-12-09,14:11:09.048835,1765285869.048835,s,36.280891,s,73.0,°C
2025-12-09,14:11:09.308867,1765285869.308867,s,36.540923,s,73.0,°C
2025-12-09,14:11:09.549158,1765285869.549158,s,36.781214,s,73.0,°C
2025-12-09,14:11:09.809358,1765285869.809358,s,37.041414,s,73.0,°C
2025-12-09,14:11:10.049385,1765285870.049385,s,37.281441,s,73.0,°C
2025-12-09,14:11:10.309875,1765285870.309875,s,37.541931,s,73.0,°C
2025-12-09,14:11:10.549623,1765285870.549623,s,37.781679,s,73.0,°C
2025-12-09,14:11:10.810365,1765285870.810365,s,38.042421,s,73.0,°C
2025-12-09,14:11:11.049900,1765285871.0499,s,38.281956,s,73.0,°C
2025-12-09,14:11:11.310877,1765285871.310877,s,38.542933,s,72.0,°C
2025-12-09,14:11:11.550281,1765285871.550281,s,38.782337,s,72.0,°C
2025-12-09,14:11:11.811366,1765285871.811366,s,39.043422,s,72.0,°C
2025-12-09,14:11:12.050767,1765285872.050767,s,39.282823,s,72.0,°C
2025-12-09,14:11:12.311731,1765285872.311731,s,39.543787,s,72.0,°C
2025-12-09,14:11:12.551267,1765285872.551267,s,39.783323,s,73.0,°C
2025-12-09,14:11:12.812209,1765285872.812209,s,40.044265,s,73.0,°C
2025-12-09,14:11:13.051752,1765285873.051752,s,40.283808,s,72.0,°C
2025-12-09,14:11:13.312635,1765285873.312635,s,40.544691,s,72.0,°C
2025-12-09,14:11:13.552232,1765285873.552232,s,40.784288,s,72.0,°C
2025-12-09,14:11:13.813126,1765285873.813126,s,41.045182,s,72.0,°C
2025-12-09,14:11:14.052661,1765285874.052661,s,41.284717,s,72.0,°C
2025-12-09,14:11:14.313633,1765285874.313633,s,41.545689,s,72.0,°C
2025-12-09,14:11:14.553056,1765285874.553056,s,41.785112,s,72.0,°C
2025-12-09,14:11:14.814096,1765285874.814096,s,42.046152,s,72.0,°C
2025-12-09,14:11:15.053588,1765285875.053588,s,42.285644,s,72.0,°C
2025-12-09,14:11:15.314630,1765285875.31463,s,42.546686,s,72.0,°C
2025-12-09,14:11:15.554096,1765285875.554096,s,42.786152,s,72.0,°C
2025-12-09,14:11:15.815030,1765285875.81503,s,43.047086,s,72.0,°C
2025-12-09,14:11:16.054391,1765285876.054391,s,43.286447,s,72.0,°C
2025-12-09,14:11:16.315544,1765285876.315544,s,43.5476,s,72.0,°C
2025-12-09,14:11:16.554893,1765285876.554893,s,43.786949,s,72.0,°C
2025-12-09,14:11:16.816028,1765285876.816028,s,44.048084,s,72.0,°C
2025-12-09,14:11:17.055376,1765285877.055376,s,44.287432,s,72.0,°C
2025-12-09,14:11:17.316516,1765285877.316516,s,44.548572,s,72.0,°C
2025-12-09,14:11:17.555828,1765285877.555828,s,44.787884,s,72.0,°C
2025-12-09,14:11:17.816883,1765285877.816883,s,45.048939,s,72.0,°C
2025-12-09,14:11:18.056236,1765285878.056236,s,45.288292,s,72.0,°C
2025-12-09,14:11:18.317125,1765285878.317125,s,45.549181,s,72.0,°C
2025-12-09,14:11:18.556709,1765285878.556709,s,45.788765,s,72.0,°C
2025-12-09,14:11:18.817514,1765285878.817514,s,46.04957,s,72.0,°C
2025-12-09,14:11:19.057182,1765285879.057182,s,46.289238,s,72.0,°C
2025-12-09,14:11:19.317879,1765285879.317879,s,46.549935,s,72.0,°C
2025-12-09,14:11:19.557643,1765285879.557643,s,46.789699,s,72.0,°C
2025-12-09,14:11:19.818404,1765285879.818404,s,47.05046,s,72.0,°C
2025-12-09,14:11:20.058016,1765285880.058016,s,47.290072,s,72.0,°C
2025-12-09,14:11:20.318881,1765285880.318881,s,47.550937,s,72.0,°C
2025-12-09,14:11:20.558311,1765285880.558311,s,47.790367,s,72.0,°C
2025-12-09,14:11:20.819369,1765285880.819369,s,48.051425,s,72.0,°C
2025-12-09,14:11:21.058594,1765285881.058594,s,48.29065,s,72.0,°C
2025-12-09,14:11:21.319847,1765285881.319847,s,48.551903,s,72.0,°C
2025-12-09,14:11:21.558970,1765285881.55897,s,48.791026,s,72.0,°C
2025-12-09,14:11:21.820364,1765285881.820364,s,49.05242,s,72.0,°C
2025-12-09,14:11:22.059237,1765285882.059237,s,49.291293,s,72.0,°C
2025-12-09,14:11:22.320791,1765285882.320791,s,49.552847,s,73.0,°C
2025-12-09,14:11:22.559603,1765285882.559603,s,49.791659,s,73.0,°C
2025-12-09,14:11:22.821231,1765285882.821231,s,50.053287,s,73.0,°C
2025-12-09,14:11:23.060139,1765285883.060139,s,50.292195,s,73.0,°C
2025-12-09,14:11:23.321491,1765285883.321491,s,50.553547,s,73.0,°C
2025-12-09,14:11:23.560393,1765285883.560393,s,50.792449,s,72.0,°C
2025-12-09,14:11:23.822010,1765285883.82201,s,51.054066,s,72.0,°C
2025-12-09,14:11:24.060688,1765285884.060688,s,51.292744,s,72.0,°C
2025-12-09,14:11:24.322490,1765285884.32249,s,51.554546,s,72.0,°C
2025-12-09,14:11:24.560962,1765285884.560962,s,51.793018,s,72.0,°C
2025-12-09,14:11:24.822999,1765285884.822999,s,52.055055,s,72.0,°C
2025-12-09,14:11:25.061339,1765285885.061339,s,52.293395,s,72.0,°C
2025-12-09,14:11:25.323462,1765285885.323462,s,52.555518,s,72.0,°C
2025-12-09,14:11:25.561800,1765285885.5618,s,52.793856,s,72.0,°C
2025-12-09,14:11:25.823950,1765285885.82395,s,53.056006,s,72.0,°C
2025-12-09,14:11:26.062278,1765285886.062278,s,53.294334,s,72.0,°C
2025-12-09,14:11:26.324358,1765285886.324358,s,53.556414,s,72.0,°C
2025-12-09,14:11:26.562778,1765285886.562778,s,53.794834,s,72.0,°C
2025-12-09,14:11:26.824845,1765285886.824845,s,54.056901,s,72.0,°C
2025-12-09,14:11:27.063163,1765285887.063163,s,54.295219,s,72.0,°C
2025-12-09,14:11:27.325294,1765285887.325294,s,54.55735,s,72.0,°C
2025-12-09,14:11:27.563674,1765285887.563674,s,54.79573,s,72.0,°C
2025-12-09,14:11:27.825701,1765285887.825701,s,55.057757,s,72.0,°C
2025-12-09,14:11:28.064046,1765285888.064046,s,55.296102,s,72.0,°C
2025-12-09,14:11:28.326103,1765285888.326103,s,55.558159,s,72.0,°C
2025-12-09,14:11:28.564546,1765285888.564546,s,55.796602,s,72.0,°C
2025-12-09,14:11:28.826582,1765285888.826582,s,56.058638,s,72.0,°C
2025-12-09,14:11:29.064983,1765285889.064983,s,56.297039,s,72.0,°C
2025-12-09,14:11:29.327011,1765285889.327011,s,56.559067,s,72.0,°C
2025-12-09,14:11:29.565462,1765285889.565462,s,56.797518,s,72.0,°C
2025-12-09,14:11:29.827292,1765285889.827292,s,57.059348,s,72.0,°C
2025-12-09,14:11:30.065822,1765285890.065822,s,57.297878,s,72.0,°C
2025-12-09,14:11:30.327715,1765285890.327715,s,57.559771,s,72.0,°C
2025-12-09,14:11:30.566284,1765285890.566284,s,57.79834,s,72.0,°C
2025-12-09,14:11:30.828403,1765285890.828403,s,58.060459,s,72.0,°C
2025-12-09,14:11:31.066659,1765285891.066659,s,58.298715,s,72.0,°C
2025-12-09,14:11:31.328800,1765285891.3288,s,58.560856,s,72.0,°C
2025-12-09,14:11:31.567022,1765285891.567022,s,58.799078,s,72.0,°C
2025-12-09,14:11:31.829379,1765285891.829379,s,59.061435,s,72.0,°C
2025-12-09,14:11:32.067303,1765285892.067303,s,59.299359,s,72.0,°C
2025-12-09,14:11:32.329769,1765285892.329769,s,59.561825,s,72.0,°C
2025-12-09,14:11:32.567675,1765285892.567675,s,59.799731,s,72.0,°C
2025-12-09,14:11:32.830275,1765285892.830275,s,60.062331,s,72.0,°C
2025-12-09,14:11:33.068149,1765285893.068149,s,60.300205,s,72.0,°C
2025-12-09,14:11:33.330862,1765285893.330862,s,60.562918,s,72.0,°C
2025-12-09,14:11:33.568523,1765285893.568523,s,60.800579,s,72.0,°C
2025-12-09,14:11:33.831387,1765285893.831387,s,61.063443,s,72.0,°C
2025-12-09,14:11:34.068836,1765285894.068836,s,61.300892,s,72.0,°C
2025-12-09,14:11:34.331864,1765285894.331864,s,61.56392,s,72.0,°C
2025-12-09,14:11:34.569164,1765285894.569164,s,61.80122,s,72.0,°C
2025-12-09,14:11:34.832251,1765285894.832251,s,62.064307,s,72.0,°C
2025-12-09,14:11:35.069418,1765285895.069418,s,62.301474,s,72.0,°C
2025-12-09,14:11:35.332852,1765285895.332852,s,62.564908,s,72.0,°C
2025-12-09,14:11:35.569685,1765285895.569685,s,62.801741,s,72.0,°C
2025-12-09,14:11:35.833374,1765285895.833374,s,63.06543,s,72.0,°C
2025-12-09,14:11:36.070165,1765285896.070165,s,63.302221,s,72.0,°C
2025-12-09,14:11:36.333768,1765285896.333768,s,63.565824,s,72.0,°C
2025-12-09,14:11:36.570665,1765285896.570665,s,63.802721,s,72.0,°C
2025-12-09,14:11:36.834263,1765285896.834263,s,64.066319,s,72.0,°C
2025-12-09,14:11:37.071157,1765285897.071157,s,64.303213,s,72.0,°C
2025-12-09,14:11:37.334721,1765285897.334721,s,64.566777,s,72.0,°C
2025-12-09,14:11:37.571652,1765285897.571652,s,64.803708,s,72.0,°C
2025-12-09,14:11:37.835192,1765285897.835192,s,65.067248,s,72.0,°C
2025-12-09,14:11:38.072121,1765285898.072121,s,65.304177,s,72.0,°C
2025-12-09,14:11:38.335652,1765285898.335652,s,65.567708,s,72.0,°C
2025-12-09,14:11:38.572590,1765285898.57259,s,65.804646,s,72.0,°C
2025-12-09,14:11:38.836063,1765285898.836063,s,66.068119,s,72.0,°C
2025-12-09,14:11:39.073090,1765285899.07309,s,66.305146,s,72.0,°C
2025-12-09,14:11:39.336411,1765285899.336411,s,66.568467,s,72.0,°C
2025-12-09,14:11:39.573371,1765285899.573371,s,66.805427,s,72.0,°C
2025-12-09,14:11:39.836763,1765285899.836763,s,67.068819,s,72.0,°C
2025-12-09,14:11:40.073849,1765285900.073849,s,67.305905,s,72.0,°C
2025-12-09,14:11:40.337208,1765285900.337208,s,67.569264,s,72.0,°C
2025-12-09,14:11:40.574246,1765285900.574246,s,67.806302,s,72.0,°C
2025-12-09,14:11:40.837675,1765285900.837675,s,68.069731,s,72.0,°C
2025-12-09,14:11:41.074734,1765285901.074734,s,68.30679,s,72.0,°C
2025-12-09,14:11:41.338158,1765285901.338158,s,68.570214,s,72.0,°C
2025-12-09,14:11:41.575216,1765285901.575216,s,68.807272,s,72.0,°C
2025-12-09,14:11:41.838514,1765285901.838514,s,69.07057,s,72.0,°C
2025-12-09,14:11:42.075712,1765285902.075712,s,69.307768,s,72.0,°C
2025-12-09,14:11:42.339019,1765285902.339019,s,69.571075,s,72.0,°C
2025-12-09,14:11:42.576218,1765285902.576218,s,69.808274,s,72.0,°C
2025-12-09,14:11:42.839464,1765285902.839464,s,70.07152,s,72.0,°C
2025-12-09,14:11:43.076704,1765285903.076704,s,70.30876,s,72.0,°C
2025-12-09,14:11:43.339920,1765285903.33992,s,70.571976,s,72.0,°C
2025-12-09,14:11:43.577175,1765285903.577175,s,70.809231,s,72.0,°C
2025-12-09,14:11:43.840229,1765285903.840229,s,71.072285,s,72.0,°C
2025-12-09,14:11:44.077534,1765285904.077534,s,71.30959,s,72.0,°C
2025-12-09,14:11:44.340549,1765285904.340549,s,71.572605,s,72.0,°C
2025-12-09,14:11:44.578001,1765285904.578001,s,71.810057,s,72.0,°C
2025-12-09,14:11:44.841001,1765285904.841001,s,72.073057,s,72.0,°C
2025-12-09,14:11:45.078290,1765285905.07829,s,72.310346,s,72.0,°C
2025-12-09,14:11:45.341473,1765285905.341473,s,72.573529,s,72.0,°C
2025-12-09,14:11:45.578737,1765285905.578737,s,72.810793,s,72.0,°C
2025-12-09,14:11:45.841926,1765285905.841926,s,73.073982,s,72.0,°C
2025-12-09,14:11:46.079131,1765285906.079131,s,73.311187,s,72.0,°C
2025-12-09,14:11:46.342262,1765285906.342262,s,73.574318,s,72.0,°C
2025-12-09,14:11:46.579418,1765285906.579418,s,73.811474,s,72.0,°C
2025-12-09,14:11:46.842758,1765285906.842758,s,74.074814,s,72.0,°C
2025-12-09,14:11:47.079793,1765285907.079793,s,74.311849,s,72.0,°C
2025-12-09,14:11:47.343182,1765285907.343182,s,74.575238,s,72.0,°C
2025-12-09,14:11:47.580173,1765285907.580173,s,74.812229,s,72.0,°C
2025-12-09,14:11:47.843660,1765285907.84366,s,75.075716,s,72.0,°C
2025-12-09,14:11:48.080497,1765285908.080497,s,75.312553,s,72.0,°C
2025-12-09,14:11:48.344133,1765285908.344133,s,75.576189,s,72.0,°C
2025-12-09,14:11:48.580850,1765285908.58085,s,75.812906,s,72.0,°C
2025-12-09,14:11:48.844480,1765285908.84448,s,76.076536,s,72.0,°C
2025-12-09,14:11:49.081240,1765285909.08124,s,76.313296,s,72.0,°C
2025-12-09,14:11:49.344990,1765285909.34499,s,76.577046,s,72.0,°C
2025-12-09,14:11:49.581521,1765285909.581521,s,76.813577,s,72.0,°C
2025-12-09,14:11:49.845242,1765285909.845242,s,77.077298,s,72.0,°C
2025-12-09,14:11:50.081897,1765285910.081897,s,77.313953,s,72.0,°C
2025-12-09,14:11:50.345633,1765285910.345633,s,77.577689,s,72.0,°C
2025-12-09,14:11:50.582401,1765285910.582401,s,77.814457,s,72.0,°C
2025-12-09,14:11:50.846140,1765285910.84614,s,78.078196,s,72.0,°C
2025-12-09,14:11:51.082788,1765285911.082788,s,78.314844,s,72.0,°C
2025-12-09,14:11:51.346416,1765285911.346416,s,78.578472,s,72.0,°C
2025-12-09,14:11:51.583254,1765285911.583254,s,78.81531,s,72.0,°C
2025-12-09,14:11:51.846867,1765285911.846867,s,79.078923,s,72.0,°C
2025-12-09,14:11:52.083668,1765285912.083668,s,79.315724,s,72.0,°C
2025-12-09,14:11:52.347360,1765285912.34736,s,79.579416,s,72.0,°C
2025-12-09,14:11:52.584146,1765285912.584146,s,79.816202,s,72.0,°C
2025-12-09,14:11:52.847832,1765285912.847832,s,80.079888,s,72.0,°C
2025-12-09,14:11:53.084522,1765285913.084522,s,80.316578,s,72.0,°C
2025-12-09,14:11:53.348276,1765285913.348276,s,80.580332,s,72.0,°C
2025-12-09,14:11:53.585012,1765285913.585012,s,80.817068,s,72.0,°C
2025-12-09,14:11:53.848587,1765285913.848587,s,81.080643,s,72.0,°C
2025-12-09,14:11:54.085259,1765285914.085259,s,81.317315,s,72.0,°C
2025-12-09,14:11:54.349097,1765285914.349097,s,81.581153,s,72.0,°C
2025-12-09,14:11:54.585739,1765285914.585739,s,81.817795,s,72.0,°C
2025-12-09,14:11:54.849408,1765285914.849408,s,82.081464,s,72.0,°C
2025-12-09,14:11:55.086132,1765285915.086132,s,82.318188,s,72.0,°C
2025-12-09,14:11:55.349981,1765285915.349981,s,82.582037,s,72.0,°C
2025-12-09,14:11:55.586588,1765285915.586588,s,82.818644,s,72.0,°C
2025-12-09,14:11:55.850430,1765285915.85043,s,83.082486,s,72.0,°C
2025-12-09,14:11:56.087002,1765285916.087002,s,83.319058,s,72.0,°C
2025-12-09,14:11:56.350903,1765285916.350903,s,83.582959,s,72.0,°C
2025-12-09,14:11:56.587248,1765285916.587248,s,83.819304,s,72.0,°C
2025-12-09,14:11:56.851320,1765285916.85132,s,84.083376,s,72.0,°C
2025-12-09,14:11:57.087652,1765285917.087652,s,84.319708,s,72.0,°C
2025-12-09,14:11:57.351662,1765285917.351662,s,84.583718,s,72.0,°C
2025-12-09,14:11:57.588066,1765285917.588066,s,84.820122,s,72.0,°C
2025-12-09,14:11:57.852055,1765285917.852055,s,85.084111,s,72.0,°C
2025-12-09,14:11:58.088381,1765285918.088381,s,85.320437,s,72.0,°C
2025-12-09,14:11:58.352301,1765285918.352301,s,85.584357,s,72.0,°C
2025-12-09,14:11:58.588768,1765285918.588768,s,85.820824,s,72.0,°C
2025-12-09,14:11:58.852758,1765285918.852758,s,86.084814,s,72.0,°C
2025-12-09,14:11:59.089133,1765285919.089133,s,86.321189,s,72.0,°C
2025-12-09,14:11:59.353220,1765285919.35322,s,86.585276,s,72.0,°C
2025-12-09,14:11:59.589496,1765285919.589496,s,86.821552,s,72.0,°C
2025-12-09,14:11:59.853754,1765285919.853754,s,87.08581,s,72.0,°C
2025-12-09,14:12:00.089913,1765285920.089913,s,87.321969,s,72.0,°C
2025-12-09,14:12:00.354289,1765285920.354289,s,87.586345,s,72.0,°C
2025-12-09,14:12:00.590218,1765285920.590218,s,87.822274,s,72.0,°C
2025-12-09,14:12:00.854705,1765285920.854705,s,88.086761,s,72.0,°C
2025-12-09,14:12:01.090598,1765285921.090598,s,88.322654,s,72.0,°C
2025-12-09,14:12:01.355201,1765285921.355201,s,88.587257,s,72.0,°C
2025-12-09,14:12:01.590970,1765285921.59097,s,88.823026,s,72.0,°C
2025-12-09,14:12:01.855705,1765285921.855705,s,89.087761,s,72.0,°C
2025-12-09,14:12:02.091320,1765285922.09132,s,89.323376,s,72.0,°C
2025-12-09,14:12:02.356216,1765285922.356216,s,89.588272,s,72.0,°C
2025-12-09,14:12:02.591713,1765285922.591713,s,89.823769,s,72.0,°C
2025-12-09,14:12:02.856708,1765285922.856708,s,90.088764,s,72.0,°C
2025-12-09,14:12:03.091963,1765285923.091963,s,90.324019,s,72.0,°C
2025-12-09,14:12:03.357242,1765285923.357242,s,90.589298,s,72.0,°C
2025-12-09,14:12:03.592271,1765285923.592271,s,90.824327,s,72.0,°C
2025-12-09,14:12:03.857703,1765285923.857703,s,91.089759,s,72.0,°C
2025-12-09,14:12:04.093016,1765285924.093016,s,91.325072,s,72.0,°C
2025-12-09,14:12:04.358151,1765285924.358151,s,91.590207,s,72.0,°C
2025-12-09,14:12:04.593492,1765285924.593492,s,91.825548,s,72.0,°C
2025-12-09,14:12:04.858623,1765285924.858623,s,92.090679,s,72.0,°C
2025-12-09,14:12:05.094004,1765285925.094004,s,92.32606,s,72.0,°C
2025-12-09,14:12:05.359130,1765285925.35913,s,92.591186,s,72.0,°C
2025-12-09,14:12:05.594523,1765285925.594523,s,92.826579,s,72.0,°C
2025-12-09,14:12:05.859639,1765285925.859639,s,93.091695,s,72.0,°C
2025-12-09,14:12:06.095067,1765285926.095067,s,93.327123,s,72.0,°C
2025-12-09,14:12:06.360011,1765285926.360011,s,93.592067,s,72.0,°C
2025-12-09,14:12:06.595626,1765285926.595626,s,93.827682,s,72.0,°C
2025-12-09,14:12:06.860419,1765285926.860419,s,94.092475,s,72.0,°C
2025-12-09,14:12:07.096145,1765285927.096145,s,94.328201,s,72.0,°C
2025-12-09,14:12:07.360699,1765285927.360699,s,94.592755,s,72.0,°C
2025-12-09,14:12:07.596670,1765285927.59667,s,94.828726,s,72.0,°C
2025-12-09,14:12:07.861095,1765285927.861095,s,95.093151,s,72.0,°C
2025-12-09,14:12:08.096940,1765285928.09694,s,95.328996,s,72.0,°C
2025-12-09,14:12:08.361510,1765285928.36151,s,95.593566,s,72.0,°C
2025-12-09,14:12:08.597456,1765285928.597456,s,95.829512,s,72.0,°C
2025-12-09,14:12:08.861924,1765285928.861924,s,96.09398,s,72.0,°C
2025-12-09,14:12:09.097965,1765285929.097965,s,96.330021,s,72.0,°C
2025-12-09,14:12:09.362193,1765285929.362193,s,96.594249,s,72.0,°C
2025-12-09,14:12:09.598304,1765285929.598304,s,96.83036,s,72.0,°C
2025-12-09,14:12:09.862512,1765285929.862512,s,97.094568,s,72.0,°C
2025-12-09,14:12:10.098817,1765285930.098817,s,97.330873,s,72.0,°C
2025-12-09,14:12:10.362857,1765285930.362857,s,97.594913,s,72.0,°C
2025-12-09,14:12:10.599214,1765285930.599214,s,97.83127,s,72.0,°C
2025-12-09,14:12:10.863225,1765285930.863225,s,98.095281,s,72.0,°C
2025-12-09,14:12:11.099510,1765285931.09951,s,98.331566,s,72.0,°C
2025-12-09,14:12:11.363608,1765285931.363608,s,98.595664,s,72.0,°C
2025-12-09,14:12:11.600060,1765285931.60006,s,98.832116,s,72.0,°C
2025-12-09,14:12:11.864035,1765285931.864035,s,99.096091,s,72.0,°C
2025-12-09,14:12:12.100572,1765285932.100572,s,99.332628,s,72.0,°C
2025-12-09,14:12:12.364311,1765285932.364311,s,99.596367,s,72.0,°C
2025-12-09,14:12:12.600930,1765285932.60093,s,99.832986,s,72.0,°C
2025-12-09,14:12:12.864612,1765285932.864612,s,100.096668,s,72.0,°C
2025-12-09,14:12:13.101619,1765285933.101619,s,100.333675,s,72.0,°C
2025-12-09,14:12:13.365222,1765285933.365222,s,100.597278,s,72.0,°C
2025-12-09,14:12:13.601979,1765285933.601979,s,100.834035,s,72.0,°C
2025-12-09,14:12:13.865717,1765285933.865717,s,101.097773,s,72.0,°C
2025-12-09,14:12:14.102250,1765285934.10225,s,101.334306,s,72.0,°C
2025-12-09,14:12:14.366174,1765285934.366174,s,101.59823,s,72.0,°C
2025-12-09,14:12:14.602779,1765285934.602779,s,101.834835,s,72.0,°C
2025-12-09,14:12:14.866453,1765285934.866453,s,102.098509,s,72.0,°C
2025-12-09,14:12:15.103167,1765285935.103167,s,102.335223,s,72.0,°C
2025-12-09,14:12:15.367026,1765285935.367026,s,102.599082,s,72.0,°C
2025-12-09,14:12:15.603468,1765285935.603468,s,102.835524,s,72.0,°C
2025-12-09,14:12:15.867337,1765285935.867337,s,103.099393,s,72.0,°C
2025-12-09,14:12:16.103855,1765285936.103855,s,103.335911,s,71.0,°C
2025-12-09,14:12:16.367885,1765285936.367885,s,103.599941,s,71.0,°C
2025-12-09,14:12:16.604242,1765285936.604242,s,103.836298,s,71.0,°C
2025-12-09,14:12:16.868350,1765285936.86835,s,104.100406,s,71.0,°C
2025-12-09,14:12:17.104487,1765285937.104487,s,104.336543,s,71.0,°C
2025-12-09,14:12:17.368827,1765285937.368827,s,104.600883,s,72.0,°C
2025-12-09,14:12:17.604781,1765285937.604781,s,104.836837,s,72.0,°C
2025-12-09,14:12:17.869307,1765285937.869307,s,105.101363,s,72.0,°C
2025-12-09,14:12:18.105354,1765285938.105354,s,105.33741,s,72.0,°C
2025-12-09,14:12:18.369819,1765285938.369819,s,105.601875,s,72.0,°C
2025-12-09,14:12:18.605882,1765285938.605882,s,105.837938,s,72.0,°C
2025-12-09,14:12:18.870288,1765285938.870288,s,106.102344,s,72.0,°C
2025-12-09,14:12:19.106406,1765285939.106406,s,106.338462,s,72.0,°C
2025-12-09,14:12:19.370810,1765285939.37081,s,106.602866,s,72.0,°C
2025-12-09,14:12:19.606880,1765285939.60688,s,106.838936,s,72.0,°C
2025-12-09,14:12:19.871273,1765285939.871273,s,107.103329,s,72.0,°C
2025-12-09,14:12:20.107386,1765285940.107386,s,107.339442,s,72.0,°C
2025-12-09,14:12:20.371657,1765285940.371657,s,107.603713,s,72.0,°C
2025-12-09,14:12:20.607877,1765285940.607877,s,107.839933,s,72.0,°C
2025-12-09,14:12:20.872048,1765285940.872048,s,108.104104,s,72.0,°C
2025-12-09,14:12:21.108343,1765285941.108343,s,108.340399,s,72.0,°C
2025-12-09,14:12:21.372456,1765285941.372456,s,108.604512,s,72.0,°C
2025-12-09,14:12:21.608799,1765285941.608799,s,108.840855,s,72.0,°C
2025-12-09,14:12:21.872875,1765285941.872875,s,109.104931,s,72.0,°C
2025-12-09,14:12:22.109215,1765285942.109215,s,109.341271,s,72.0,°C
2025-12-09,14:12:22.373142,1765285942.373142,s,109.605198,s,72.0,°C
2025-12-09,14:12:22.609765,1765285942.609765,s,109.841821,s,72.0,°C
2025-12-09,14:12:22.873472,1765285942.873472,s,110.105528,s,72.0,°C
2025-12-09,14:12:23.110240,1765285943.11024,s,110.342296,s,72.0,°C
2025-12-09,14:12:23.373828,1765285943.373828,s,110.605884,s,72.0,°C
2025-12-09,14:12:23.610769,1765285943.610769,s,110.842825,s,72.0,°C
2025-12-09,14:12:23.874174,1765285943.874174,s,111.10623,s,72.0,°C
2025-12-09,14:12:24.111182,1765285944.111182,s,111.343238,s,72.0,°C
2025-12-09,14:12:24.374532,1765285944.374532,s,111.606588,s,72.0,°C
2025-12-09,14:12:24.611671,1765285944.611671,s,111.843727,s,72.0,°C
2025-12-09,14:12:24.874947,1765285944.874947,s,112.107003,s,72.0,°C
2025-12-09,14:12:25.112044,1765285945.112044,s,112.3441,s,72.0,°C
2025-12-09,14:12:25.375224,1765285945.375224,s,112.60728,s,72.0,°C
2025-12-09,14:12:25.612311,1765285945.612311,s,112.844367,s,72.0,°C
2025-12-09,14:12:25.875595,1765285945.875595,s,113.107651,s,72.0,°C
2025-12-09,14:12:26.112773,1765285946.112773,s,113.344829,s,72.0,°C
2025-12-09,14:12:26.376060,1765285946.37606,s,113.608116,s,72.0,°C
2025-12-09,14:12:26.613073,1765285946.613073,s,113.845129,s,72.0,°C
2025-12-09,14:12:26.876658,1765285946.876658,s,114.108714,s,72.0,°C
2025-12-09,14:12:27.113402,1765285947.113402,s,114.345458,s,72.0,°C
2025-12-09,14:12:27.377201,1765285947.377201,s,114.609257,s,72.0,°C
2025-12-09,14:12:27.613766,1765285947.613766,s,114.845822,s,72.0,°C
2025-12-09,14:12:27.877639,1765285947.877639,s,115.109695,s,72.0,°C
2025-12-09,14:12:28.114137,1765285948.114137,s,115.346193,s,72.0,°C
2025-12-09,14:12:28.378017,1765285948.378017,s,115.610073,s,72.0,°C
2025-12-09,14:12:28.614478,1765285948.614478,s,115.846534,s,72.0,°C
2025-12-09,14:12:28.878312,1765285948.878312,s,116.110368,s,72.0,°C
2025-12-09,14:12:29.114928,1765285949.114928,s,116.346984,s,72.0,°C
2025-12-09,14:12:29.378795,1765285949.378795,s,116.610851,s,72.0,°C
2025-12-09,14:12:29.615296,1765285949.615296,s,116.847352,s,72.0,°C
2025-12-09,14:12:29.879180,1765285949.87918,s,117.111236,s,72.0,°C
2025-12-09,14:12:30.115560,1765285950.11556,s,117.347616,s,72.0,°C
2025-12-09,14:12:30.379729,1765285950.379729,s,117.611785,s,72.0,°C
2025-12-09,14:12:30.615856,1765285950.615856,s,117.847912,s,72.0,°C
2025-12-09,14:12:30.880229,1765285950.880229,s,118.112285,s,72.0,°C
2025-12-09,14:12:31.116425,1765285951.116425,s,118.348481,s,72.0,°C
2025-12-09,14:12:31.380756,1765285951.380756,s,118.612812,s,72.0,°C
2025-12-09,14:12:31.616835,1765285951.616835,s,118.848891,s,72.0,°C
2025-12-09,14:12:31.881178,1765285951.881178,s,119.113234,s,72.0,°C
2025-12-09,14:12:32.117244,1765285952.117244,s,119.3493,s,72.0,°C
2025-12-09,14:12:32.381665,1765285952.381665,s,119.613721,s,72.0,°C
2025-12-09,14:12:32.617622,1765285952.617622,s,119.849678,s,72.0,°C
2025-12-09,14:12:32.882036,1765285952.882036,s,120.114092,s,72.0,°C
2025-12-09,14:12:33.118000,1765285953.118,s,120.350056,s,72.0,°C
2025-12-09,14:12:33.382321,1765285953.382321,s,120.614377,s,72.0,°C
2025-12-09,14:12:33.618325,1765285953.618325,s,120.850381,s,72.0,°C
2025-12-09,14:12:33.882721,1765285953.882721,s,121.114777,s,72.0,°C
2025-12-09,14:12:34.118825,1765285954.118825,s,121.350881,s,72.0,°C
2025-12-09,14:12:34.383010,1765285954.38301,s,121.615066,s,72.0,°C
2025-12-09,14:12:34.619257,1765285954.619257,s,121.851313,s,72.0,°C
2025-12-09,14:12:34.883335,1765285954.883335,s,122.115391,s,72.0,°C
2025-12-09,14:12:35.119836,1765285955.119836,s,122.351892,s,72.0,°C
2025-12-09,14:12:35.383782,1765285955.383782,s,122.615838,s,72.0,°C
2025-12-09,14:12:35.620288,1765285955.620288,s,122.852344,s,72.0,°C
2025-12-09,14:12:35.884281,1765285955.884281,s,123.116337,s,72.0,°C
2025-12-09,14:12:36.120668,1765285956.120668,s,123.352724,s,72.0,°C
2025-12-09,14:12:36.384728,1765285956.384728,s,123.616784,s,72.0,°C
2025-12-09,14:12:36.621173,1765285956.621173,s,123.853229,s,72.0,°C
2025-12-09,14:12:36.885198,1765285956.885198,s,124.117254,s,72.0,°C
2025-12-09,14:12:37.121443,1765285957.121443,s,124.353499,s,72.0,°C
2025-12-09,14:12:37.385518,1765285957.385518,s,124.617574,s,72.0,°C
2025-12-09,14:12:37.621821,1765285957.621821,s,124.853877,s,72.0,°C
2025-12-09,14:12:37.886082,1765285957.886082,s,125.118138,s,71.0,°C
2025-12-09,14:12:38.122209,1765285958.122209,s,125.354265,s,71.0,°C
2025-12-09,14:12:38.386417,1765285958.386417,s,125.618473,s,71.0,°C
2025-12-09,14:12:38.622580,1765285958.62258,s,125.854636,s,71.0,°C
2025-12-09,14:12:38.886802,1765285958.886802,s,126.118858,s,71.0,°C
2025-12-09,14:12:39.122961,1765285959.122961,s,126.355017,s,71.0,°C
2025-12-09,14:12:39.387305,1765285959.387305,s,126.619361,s,72.0,°C
2025-12-09,14:12:39.623435,1765285959.623435,s,126.855491,s,72.0,°C
2025-12-09,14:12:39.887859,1765285959.887859,s,127.119915,s,72.0,°C
2025-12-09,14:12:40.123822,1765285960.123822,s,127.355878,s,72.0,°C
2025-12-09,14:12:40.388317,1765285960.388317,s,127.620373,s,72.0,°C
2025-12-09,14:12:40.624310,1765285960.62431,s,127.856366,s,72.0,°C
2025-12-09,14:12:40.888806,1765285960.888806,s,128.120862,s,72.0,°C
2025-12-09,14:12:41.124831,1765285961.124831,s,128.356887,s,71.0,°C
2025-12-09,14:12:41.389325,1765285961.389325,s,128.621381,s,71.0,°C
2025-12-09,14:12:41.625232,1765285961.625232,s,128.857288,s,71.0,°C
2025-12-09,14:12:41.889813,1765285961.889813,s,129.121869,s,71.0,°C
2025-12-09,14:12:42.125610,1765285962.12561,s,129.357666,s,72.0,°C
2025-12-09,14:12:42.390310,1765285962.39031,s,129.622366,s,72.0,°C
2025-12-09,14:12:42.625917,1765285962.625917,s,129.857973,s,72.0,°C
2025-12-09,14:12:42.890797,1765285962.890797,s,130.122853,s,72.0,°C
2025-12-09,14:12:43.126321,1765285963.126321,s,130.358377,s,72.0,°C
2025-12-09,14:12:43.391244,1765285963.391244,s,130.6233,s,72.0,°C
2025-12-09,14:12:43.626734,1765285963.626734,s,130.85879,s,72.0,°C
2025-12-09,14:12:43.891725,1765285963.891725,s,131.123781,s,71.0,°C
2025-12-09,14:12:44.126974,1765285964.126974,s,131.35903,s,71.0,°C
2025-12-09,14:12:44.392248,1765285964.392248,s,131.624304,s,71.0,°C
2025-12-09,14:12:44.627518,1765285964.627518,s,131.859574,s,71.0,°C
2025-12-09,14:12:44.892713,1765285964.892713,s,132.124769,s,71.0,°C
2025-12-09,14:12:45.127841,1765285965.127841,s,132.359897,s,71.0,°C
2025-12-09,14:12:45.393135,1765285965.393135,s,132.625191,s,71.0,°C
2025-12-09,14:12:45.628387,1765285965.628387,s,132.860443,s,71.0,°C
2025-12-09,14:12:45.893440,1765285965.89344,s,133.125496,s,71.0,°C
2025-12-09,14:12:46.128818,1765285966.128818,s,133.360874,s,71.0,°C
2025-12-09,14:12:46.393804,1765285966.393804,s,133.62586,s,71.0,°C
2025-12-09,14:12:46.629322,1765285966.629322,s,133.861378,s,72.0,°C
2025-12-09,14:12:46.894191,1765285966.894191,s,134.126247,s,72.0,°C
2025-12-09,14:12:47.129725,1765285967.129725,s,134.361781,s,72.0,°C
2025-12-09,14:12:47.394612,1765285967.394612,s,134.626668,s,72.0,°C
2025-12-09,14:12:47.630181,1765285967.630181,s,134.862237,s,71.0,°C
2025-12-09,14:12:47.895003,1765285967.895003,s,135.127059,s,71.0,°C
2025-12-09,14:12:48.130687,1765285968.130687,s,135.362743,s,71.0,°C
2025-12-09,14:12:48.395305,1765285968.395305,s,135.627361,s,71.0,°C
2025-12-09,14:12:48.631123,1765285968.631123,s,135.863179,s,71.0,°C
2025-12-09,14:12:48.895574,1765285968.895574,s,136.12763,s,71.0,°C
2025-12-09,14:12:49.131612,1765285969.131612,s,136.363668,s,71.0,°C
2025-12-09,14:12:49.395938,1765285969.395938,s,136.627994,s,71.0,°C
2025-12-09,14:12:49.632150,1765285969.63215,s,136.864206,s,71.0,°C
2025-12-09,14:12:49.896329,1765285969.896329,s,137.128385,s,71.0,°C
2025-12-09,14:12:50.132625,1765285970.132625,s,137.364681,s,71.0,°C
2025-12-09,14:12:50.396779,1765285970.396779,s,137.628835,s,72.0,°C
2025-12-09,14:12:50.633085,1765285970.633085,s,137.865141,s,72.0,°C
2025-12-09,14:12:50.897160,1765285970.89716,s,138.129216,s,72.0,°C
2025-12-09,14:12:51.133590,1765285971.13359,s,138.365646,s,71.0,°C
2025-12-09,14:12:51.397470,1765285971.39747,s,138.629526,s,71.0,°C
2025-12-09,14:12:51.634102,1765285971.634102,s,138.866158,s,71.0,°C
2025-12-09,14:12:51.898021,1765285971.898021,s,139.130077,s,71.0,°C
2025-12-09,14:12:52.134397,1765285972.134397,s,139.366453,s,71.0,°C
2025-12-09,14:12:52.398520,1765285972.39852,s,139.630576,s,71.0,°C
2025-12-09,14:12:52.634766,1765285972.634766,s,139.866822,s,71.0,°C
2025-12-09,14:12:52.899027,1765285972.899027,s,140.131083,s,71.0,°C
2025-12-09,14:12:53.135148,1765285973.135148,s,140.367204,s,71.0,°C
2025-12-09,14:12:53.399520,1765285973.39952,s,140.631576,s,71.0,°C
2025-12-09,14:12:53.635522,1765285973.635522,s,140.867578,s,71.0,°C
2025-12-09,14:12:53.900010,1765285973.90001,s,141.132066,s,71.0,°C
2025-12-09,14:12:54.136026,1765285974.136026,s,141.368082,s,71.0,°C
2025-12-09,14:12:54.400587,1765285974.400587,s,141.632643,s,71.0,°C
2025-12-09,14:12:54.636351,1765285974.636351,s,141.868407,s,71.0,°C
2025-12-09,14:12:54.901153,1765285974.901153,s,142.133209,s,71.0,°C
2025-12-09,14:12:55.136793,1765285975.136793,s,142.368849,s,71.0,°C
2025-12-09,14:12:55.401652,1765285975.401652,s,142.633708,s,71.0,°C
2025-12-09,14:12:55.637157,1765285975.637157,s,142.869213,s,71.0,°C
2025-12-09,14:12:55.902143,1765285975.902143,s,143.134199,s,71.0,°C
2025-12-09,14:12:56.137390,1765285976.13739,s,143.369446,s,71.0,°C
2025-12-09,14:12:56.402402,1765285976.402402,s,143.634458,s,71.0,°C
2025-12-09,14:12:56.637783,1765285976.637783,s,143.869839,s,71.0,°C
2025-12-09,14:12:56.902933,1765285976.902933,s,144.134989,s,71.0,°C
2025-12-09,14:12:57.138231,1765285977.138231,s,144.370287,s,71.0,°C
2025-12-09,14:12:57.403371,1765285977.403371,s,144.635427,s,71.0,°C
2025-12-09,14:12:57.638634,1765285977.638634,s,144.87069,s,72.0,°C
2025-12-09,14:12:57.903921,1765285977.903921,s,145.135977,s,72.0,°C
2025-12-09,14:12:58.139051,1765285978.139051,s,145.371107,s,71.0,°C
2025-12-09,14:12:58.404384,1765285978.404384,s,145.63644,s,71.0,°C
2025-12-09,14:12:58.639377,1765285978.639377,s,145.871433,s,71.0,°C
2025-12-09,14:12:58.904818,1765285978.904818,s,146.136874,s,71.0,°C
2025-12-09,14:12:59.139899,1765285979.139899,s,146.371955,s,71.0,°C
2025-12-09,14:12:59.405250,1765285979.40525,s,146.637306,s,71.0,°C
2025-12-09,14:12:59.640433,1765285979.640433,s,146.872489,s,71.0,°C
2025-12-09,14:12:59.905625,1765285979.905625,s,147.137681,s,71.0,°C
2025-12-09,14:13:00.140950,1765285980.14095,s,147.373006,s,71.0,°C
2025-12-09,14:13:00.405993,1765285980.405993,s,147.638049,s,71.0,°C
2025-12-09,14:13:00.641275,1765285980.641275,s,147.873331,s,71.0,°C
2025-12-09,14:13:00.906401,1765285980.906401,s,148.138457,s,71.0,°C
2025-12-09,14:13:01.141696,1765285981.141696,s,148.373752,s,71.0,°C
2025-12-09,14:13:01.406809,1765285981.406809,s,148.638865,s,71.0,°C
2025-12-09,14:13:01.642174,1765285981.642174,s,148.87423,s,71.0,°C
2025-12-09,14:13:01.907198,1765285981.907198,s,149.139254,s,71.0,°C
2025-12-09,14:13:02.142638,1765285982.142638,s,149.374694,s,71.0,°C
2025-12-09,14:13:02.407555,1765285982.407555,s,149.639611,s,71.0,°C
2025-12-09,14:13:02.643041,1765285982.643041,s,149.875097,s,71.0,°C
2025-12-09,14:13:02.907924,1765285982.907924,s,150.13998,s,71.0,°C
2025-12-09,14:13:03.143576,1765285983.143576,s,150.375632,s,71.0,°C
2025-12-09,14:13:03.408224,1765285983.408224,s,150.64028,s,71.0,°C
2025-12-09,14:13:03.644049,1765285983.644049,s,150.876105,s,71.0,°C
2025-12-09,14:13:03.908601,1765285983.908601,s,151.140657,s,71.0,°C
2025-12-09,14:13:04.144530,1765285984.14453,s,151.376586,s,71.0,°C
2025-12-09,14:13:04.408983,1765285984.408983,s,151.641039,s,71.0,°C
2025-12-09,14:13:04.645021,1765285984.645021,s,151.877077,s,71.0,°C
2025-12-09,14:13:04.909411,1765285984.909411,s,152.141467,s,71.0,°C
2025-12-09,14:13:05.145524,1765285985.145524,s,152.37758,s,71.0,°C
2025-12-09,14:13:05.410057,1765285985.410057,s,152.642113,s,71.0,°C
2025-12-09,14:13:05.645885,1765285985.645885,s,152.877941,s,71.0,°C
2025-12-09,14:13:05.910320,1765285985.91032,s,153.142376,s,71.0,°C
2025-12-09,14:13:06.146249,1765285986.146249,s,153.378305,s,71.0,°C
2025-12-09,14:13:06.410770,1765285986.41077,s,153.642826,s,71.0,°C
2025-12-09,14:13:06.646655,1765285986.646655,s,153.878711,s,71.0,°C
2025-12-09,14:13:06.911164,1765285986.911164,s,154.14322,s,71.0,°C
2025-12-09,14:13:07.147064,1765285987.147064,s,154.37912,s,71.0,°C
2025-12-09,14:13:07.411565,1765285987.411565,s,154.643621,s,71.0,°C
2025-12-09,14:13:07.647357,1765285987.647357,s,154.879413,s,71.0,°C
2025-12-09,14:13:07.912040,1765285987.91204,s,155.144096,s,71.0,°C
2025-12-09,14:13:08.147767,1765285988.147767,s,155.379823,s,71.0,°C
2025-12-09,14:13:08.412347,1765285988.412347,s,155.644403,s,71.0,°C
2025-12-09,14:13:08.648098,1765285988.648098,s,155.880154,s,71.0,°C
2025-12-09,14:13:08.912828,1765285988.912828,s,156.144884,s,71.0,°C
2025-12-09,14:13:09.148344,1765285989.148344,s,156.3804,s,71.0,°C
2025-12-09,14:13:09.413389,1765285989.413389,s,156.645445,s,71.0,°C
2025-12-09,14:13:09.648816,1765285989.648816,s,156.880872,s,71.0,°C
2025-12-09,14:13:09.913889,1765285989.913889,s,157.145945,s,71.0,°C
2025-12-09,14:13:10.149340,1765285990.14934,s,157.381396,s,71.0,°C
2025-12-09,14:13:10.414240,1765285990.41424,s,157.646296,s,71.0,°C
2025-12-09,14:13:10.649889,1765285990.649889,s,157.881945,s,71.0,°C
2025-12-09,14:13:10.914724,1765285990.914724,s,158.14678,s,71.0,°C
2025-12-09,14:13:11.150135,1765285991.150135,s,158.382191,s,71.0,°C
2025-12-09,14:13:11.415176,1765285991.415176,s,158.647232,s,71.0,°C
2025-12-09,14:13:11.650653,1765285991.650653,s,158.882709,s,71.0,°C
2025-12-09,14:13:11.915688,1765285991.915688,s,159.147744,s,71.0,°C
2025-12-09,14:13:12.151041,1765285992.151041,s,159.383097,s,71.0,°C
2025-12-09,14:13:12.416180,1765285992.41618,s,159.648236,s,71.0,°C
2025-12-09,14:13:12.651599,1765285992.651599,s,159.883655,s,71.0,°C
2025-12-09,14:13:12.916630,1765285992.91663,s,160.148686,s,71.0,°C
2025-12-09,14:13:13.152074,1765285993.152074,s,160.38413,s,71.0,°C
2025-12-09,14:13:13.417098,1765285993.417098,s,160.649154,s,71.0,°C
2025-12-09,14:13:13.652629,1765285993.652629,s,160.884685,s,71.0,°C
2025-12-09,14:13:13.917606,1765285993.917606,s,161.149662,s,71.0,°C
2025-12-09,14:13:14.153155,1765285994.153155,s,161.385211,s,71.0,°C
2025-12-09,14:13:14.417922,1765285994.417922,s,161.649978,s,71.0,°C
2025-12-09,14:13:14.653637,1765285994.653637,s,161.885693,s,71.0,°C
2025-12-09,14:13:14.918234,1765285994.918234,s,162.15029,s,71.0,°C
2025-12-09,14:13:15.154052,1765285995.154052,s,162.386108,s,71.0,°C
2025-12-09,14:13:15.418595,1765285995.418595,s,162.650651,s,71.0,°C
2025-12-09,14:13:15.654587,1765285995.654587,s,162.886643,s,71.0,°C
2025-12-09,14:13:15.918976,1765285995.918976,s,163.151032,s,71.0,°C
2025-12-09,14:13:16.154964,1765285996.154964,s,163.38702,s,71.0,°C
2025-12-09,14:13:16.419264,1765285996.419264,s,163.65132,s,71.0,°C
2025-12-09,14:13:16.655453,1765285996.655453,s,163.887509,s,71.0,°C
2025-12-09,14:13:16.919545,1765285996.919545,s,164.151601,s,71.0,°C
2025-12-09,14:13:17.155955,1765285997.155955,s,164.388011,s,71.0,°C
2025-12-09,14:13:17.419953,1765285997.419953,s,164.652009,s,71.0,°C
2025-12-09,14:13:17.656438,1765285997.656438,s,164.888494,s,71.0,°C
2025-12-09,14:13:17.920309,1765285997.920309,s,165.152365,s,71.0,°C
2025-12-09,14:13:18.156900,1765285998.1569,s,165.388956,s,71.0,°C
2025-12-09,14:13:18.420584,1765285998.420584,s,165.65264,s,71.0,°C
2025-12-09,14:13:18.657363,1765285998.657363,s,165.889419,s,71.0,°C
2025-12-09,14:13:18.921078,1765285998.921078,s,166.153134,s,71.0,°C
2025-12-09,14:13:19.157813,1765285999.157813,s,166.389869,s,71.0,°C
2025-12-09,14:13:19.421636,1765285999.421636,s,166.653692,s,71.0,°C
2025-12-09,14:13:19.658232,1765285999.658232,s,166.890288,s,71.0,°C
2025-12-09,14:13:19.922039,1765285999.922039,s,167.154095,s,71.0,°C
2025-12-09,14:13:20.158605,1765286000.158605,s,167.390661,s,71.0,°C
2025-12-09,14:13:20.422431,1765286000.422431,s,167.654487,s,71.0,°C
2025-12-09,14:13:20.658983,1765286000.658983,s,167.891039,s,71.0,°C
2025-12-09,14:13:20.922897,1765286000.922897,s,168.154953,s,71.0,°C
2025-12-09,14:13:21.159309,1765286001.159309,s,168.391365,s,71.0,°C
2025-12-09,14:13:21.423380,1765286001.42338,s,168.655436,s,71.0,°C
2025-12-09,14:13:21.659796,1765286001.659796,s,168.891852,s,71.0,°C
2025-12-09,14:13:21.923849,1765286001.923849,s,169.155905,s,71.0,°C
2025-12-09,14:13:22.160095,1765286002.160095,s,169.392151,s,71.0,°C
2025-12-09,14:13:22.424352,1765286002.424352,s,169.656408,s,71.0,°C
2025-12-09,14:13:22.660363,1765286002.660363,s,169.892419,s,71.0,°C
2025-12-09,14:13:22.924851,1765286002.924851,s,170.156907,s,71.0,°C
2025-12-09,14:13:23.160692,1765286003.160692,s,170.392748,s,71.0,°C
2025-12-09,14:13:23.425376,1765286003.425376,s,170.657432,s,71.0,°C
2025-12-09,14:13:23.661232,1765286003.661232,s,170.893288,s,71.0,°C
2025-12-09,14:13:23.925864,1765286003.925864,s,171.15792,s,71.0,°C
2025-12-09,14:13:24.161698,1765286004.161698,s,171.393754,s,71.0,°C
2025-12-09,14:13:24.426167,1765286004.426167,s,171.658223,s,71.0,°C
2025-12-09,14:13:24.662076,1765286004.662076,s,171.894132,s,71.0,°C
2025-12-09,14:13:24.926673,1765286004.926673,s,172.158729,s,71.0,°C
2025-12-09,14:13:25.162530,1765286005.16253,s,172.394586,s,71.0,°C
2025-12-09,14:13:25.427081,1765286005.427081,s,172.659137,s,71.0,°C
2025-12-09,14:13:25.663037,1765286005.663037,s,172.895093,s,71.0,°C
2025-12-09,14:13:25.927565,1765286005.927565,s,173.159621,s,71.0,°C
2025-12-09,14:13:26.163534,1765286006.163534,s,173.39559,s,71.0,°C
2025-12-09,14:13:26.427982,1765286006.427982,s,173.660038,s,71.0,°C
2025-12-09,14:13:26.663923,1765286006.663923,s,173.895979,s,71.0,°C
2025-12-09,14:13:26.928475,1765286006.928475,s,174.160531,s,71.0,°C
2025-12-09,14:13:27.164456,1765286007.164456,s,174.396512,s,71.0,°C
2025-12-09,14:13:27.428888,1765286007.428888,s,174.660944,s,71.0,°C
2025-12-09,14:13:27.664993,1765286007.664993,s,174.897049,s,71.0,°C
2025-12-09,14:13:27.929196,1765286007.929196,s,175.161252,s,71.0,°C
2025-12-09,14:13:28.165495,1765286008.165495,s,175.397551,s,71.0,°C
2025-12-09,14:13:28.429555,1765286008.429555,s,175.661611,s,71.0,°C
2025-12-09,14:13:28.665959,1765286008.665959,s,175.898015,s,71.0,°C
2025-12-09,14:13:28.929915,1765286008.929915,s,176.161971,s,71.0,°C
2025-12-09,14:13:29.166439,1765286009.166439,s,176.398495,s,71.0,°C
2025-12-09,14:13:29.430146,1765286009.430146,s,176.662202,s,71.0,°C
2025-12-09,14:13:29.666811,1765286009.666811,s,176.898867,s,71.0,°C
2025-12-09,14:13:29.930458,1765286009.930458,s,177.162514,s,71.0,°C
2025-12-09,14:13:30.167255,1765286010.167255,s,177.399311,s,71.0,°C
2025-12-09,14:13:30.430744,1765286010.430744,s,177.6628,s,71.0,°C
2025-12-09,14:13:30.667757,1765286010.667757,s,177.899813,s,71.0,°C
2025-12-09,14:13:30.931132,1765286010.931132,s,178.163188,s,71.0,°C
2025-12-09,14:13:31.168122,1765286011.168122,s,178.400178,s,71.0,°C
2025-12-09,14:13:31.431373,1765286011.431373,s,178.663429,s,71.0,°C
2025-12-09,14:13:31.668603,1765286011.668603,s,178.900659,s,71.0,°C
2025-12-09,14:13:31.931730,1765286011.93173,s,179.163786,s,71.0,°C
2025-12-09,14:13:32.169034,1765286012.169034,s,179.40109,s,71.0,°C
2025-12-09,14:13:32.432365,1765286012.432365,s,179.664421,s,71.0,°C
2025-12-09,14:13:32.669319,1765286012.669319,s,179.901375,s,71.0,°C
2025-12-09,14:13:32.932767,1765286012.932767,s,180.164823,s,71.0,°C
2025-12-09,14:13:33.169710,1765286013.16971,s,180.401766,s,71.0,°C
2025-12-09,14:13:33.433184,1765286013.433184,s,180.66524,s,71.0,°C
2025-12-09,14:13:33.670098,1765286013.670098,s,180.902154,s,71.0,°C
2025-12-09,14:13:33.933620,1765286013.93362,s,181.165676,s,71.0,°C
2025-12-09,14:13:34.171081,1765286014.171081,s,181.403137,s,71.0,°C
2025-12-09,14:13:34.434175,1765286014.434175,s,181.666231,s,71.0,°C
2025-12-09,14:13:34.671376,1765286014.671376,s,181.903432,s,71.0,°C
2025-12-09,14:13:34.934442,1765286014.934442,s,182.166498,s,71.0,°C
2025-12-09,14:13:35.171656,1765286015.171656,s,182.403712,s,71.0,°C
2025-12-09,14:13:35.434881,1765286015.434881,s,182.666937,s,71.0,°C
2025-12-09,14:13:35.671961,1765286015.671961,s,182.904017,s,71.0,°C
2025-12-09,14:13:35.935303,1765286015.935303,s,183.167359,s,71.0,°C
2025-12-09,14:13:36.172213,1765286016.172213,s,183.404269,s,71.0,°C
2025-12-09,14:13:36.435774,1765286016.435774,s,183.66783,s,71.0,°C
2025-12-09,14:13:36.672472,1765286016.672472,s,183.904528,s,71.0,°C
2025-12-09,14:13:36.936274,1765286016.936274,s,184.16833,s,71.0,°C
2025-12-09,14:13:37.173059,1765286017.173059,s,184.405115,s,71.0,°C
2025-12-09,14:13:37.436744,1765286017.436744,s,184.6688,s,71.0,°C
2025-12-09,14:13:37.673634,1765286017.673634,s,184.90569,s,71.0,°C
2025-12-09,14:13:37.937136,1765286017.937136,s,185.169192,s,71.0,°C
2025-12-09,14:13:38.174151,1765286018.174151,s,185.406207,s,71.0,°C
2025-12-09,14:13:38.437424,1765286018.437424,s,185.66948,s,71.0,°C
2025-12-09,14:13:38.674642,1765286018.674642,s,185.906698,s,71.0,°C
2025-12-09,14:13:38.938014,1765286018.938014,s,186.17007,s,71.0,°C
2025-12-09,14:13:39.175151,1765286019.175151,s,186.407207,s,71.0,°C
2025-12-09,14:13:39.438315,1765286019.438315,s,186.670371,s,71.0,°C
2025-12-09,14:13:39.675694,1765286019.675694,s,186.90775,s,71.0,°C
2025-12-09,14:13:39.938697,1765286019.938697,s,187.170753,s,71.0,°C
2025-12-09,14:13:40.176192,1765286020.176192,s,187.408248,s,71.0,°C
2025-12-09,14:13:40.439076,1765286020.439076,s,187.671132,s,71.0,°C
2025-12-09,14:13:40.676655,1765286020.676655,s,187.908711,s,71.0,°C
2025-12-09,14:13:40.939457,1765286020.939457,s,188.171513,s,71.0,°C
2025-12-09,14:13:41.177092,1765286021.177092,s,188.409148,s,71.0,°C
2025-12-09,14:13:41.439919,1765286021.439919,s,188.671975,s,71.0,°C
2025-12-09,14:13:41.677581,1765286021.677581,s,188.909637,s,71.0,°C
2025-12-09,14:13:41.940330,1765286021.94033,s,189.172386,s,71.0,°C
2025-12-09,14:13:42.178086,1765286022.178086,s,189.410142,s,71.0,°C
2025-12-09,14:13:42.440720,1765286022.44072,s,189.672776,s,71.0,°C
2025-12-09,14:13:42.678416,1765286022.678416,s,189.910472,s,71.0,°C
2025-12-09,14:13:42.941091,1765286022.941091,s,190.173147,s,71.0,°C
2025-12-09,14:13:43.178818,1765286023.178818,s,190.410874,s,71.0,°C
2025-12-09,14:13:43.441508,1765286023.441508,s,190.673564,s,71.0,°C
2025-12-09,14:13:43.679262,1765286023.679262,s,190.911318,s,71.0,°C
2025-12-09,14:13:43.941929,1765286023.941929,s,191.173985,s,71.0,°C
2025-12-09,14:13:44.179679,1765286024.179679,s,191.411735,s,71.0,°C
2025-12-09,14:13:44.442421,1765286024.442421,s,191.674477,s,71.0,°C
2025-12-09,14:13:44.680152,1765286024.680152,s,191.912208,s,71.0,°C
2025-12-09,14:13:44.942854,1765286024.942854,s,192.17491,s,71.0,°C
2025-12-09,14:13:45.180564,1765286025.180564,s,192.41262,s,71.0,°C
2025-12-09,14:13:45.443218,1765286025.443218,s,192.675274,s,71.0,°C
2025-12-09,14:13:45.681061,1765286025.681061,s,192.913117,s,71.0,°C
2025-12-09,14:13:45.943667,1765286025.943667,s,193.175723,s,71.0,°C
2025-12-09,14:13:46.181386,1765286026.181386,s,193.413442,s,71.0,°C
2025-12-09,14:13:46.444146,1765286026.444146,s,193.676202,s,71.0,°C
2025-12-09,14:13:46.681759,1765286026.681759,s,193.913815,s,71.0,°C
2025-12-09,14:13:46.944623,1765286026.944623,s,194.176679,s,71.0,°C
2025-12-09,14:13:47.182183,1765286027.182183,s,194.414239,s,71.0,°C
2025-12-09,14:13:47.445092,1765286027.445092,s,194.677148,s,71.0,°C
2025-12-09,14:13:47.682490,1765286027.68249,s,194.914546,s,71.0,°C
2025-12-09,14:13:47.945577,1765286027.945577,s,195.177633,s,71.0,°C
2025-12-09,14:13:48.182863,1765286028.182863,s,195.414919,s,71.0,°C
2025-12-09,14:13:48.446058,1765286028.446058,s,195.678114,s,71.0,°C
2025-12-09,14:13:48.683229,1765286028.683229,s,195.915285,s,71.0,°C
2025-12-09,14:13:48.946544,1765286028.946544,s,196.1786,s,71.0,°C
2025-12-09,14:13:49.183543,1765286029.183543,s,196.415599,s,71.0,°C
2025-12-09,14:13:49.446918,1765286029.446918,s,196.678974,s,71.0,°C
2025-12-09,14:13:49.683829,1765286029.683829,s,196.915885,s,71.0,°C
2025-12-09,14:13:49.947392,1765286029.947392,s,197.179448,s,71.0,°C
2025-12-09,14:13:50.184049,1765286030.184049,s,197.416105,s,71.0,°C
2025-12-09,14:13:50.447863,1765286030.447863,s,197.679919,s,71.0,°C
2025-12-09,14:13:50.684323,1765286030.684323,s,197.916379,s,71.0,°C
2025-12-09,14:13:50.948225,1765286030.948225,s,198.180281,s,71.0,°C
2025-12-09,14:13:51.185015,1765286031.185015,s,198.417071,s,71.0,°C
2025-12-09,14:13:51.448708,1765286031.448708,s,198.680764,s,71.0,°C
2025-12-09,14:13:51.685492,1765286031.685492,s,198.917548,s,71.0,°C
2025-12-09,14:13:51.949218,1765286031.949218,s,199.181274,s,71.0,°C
2025-12-09,14:13:52.185980,1765286032.18598,s,199.418036,s,71.0,°C
2025-12-09,14:13:52.449701,1765286032.449701,s,199.681757,s,71.0,°C
2025-12-09,14:13:52.686515,1765286032.686515,s,199.918571,s,71.0,°C
2025-12-09,14:13:52.950201,1765286032.950201,s,200.182257,s,71.0,°C
2025-12-09,14:13:53.187189,1765286033.187189,s,200.419245,s,71.0,°C
2025-12-09,14:13:53.450670,1765286033.45067,s,200.682726,s,71.0,°C
2025-12-09,14:13:53.687618,1765286033.687618,s,200.919674,s,71.0,°C
2025-12-09,14:13:53.951040,1765286033.95104,s,201.183096,s,71.0,°C
2025-12-09,14:13:54.188146,1765286034.188146,s,201.420202,s,71.0,°C
2025-12-09,14:13:54.451494,1765286034.451494,s,201.68355,s,71.0,°C
2025-12-09,14:13:54.688425,1765286034.688425,s,201.920481,s,71.0,°C
2025-12-09,14:13:54.951871,1765286034.951871,s,202.183927,s,71.0,°C
2025-12-09,14:13:55.188895,1765286035.188895,s,202.420951,s,71.0,°C
2025-12-09,14:13:55.452336,1765286035.452336,s,202.684392,s,71.0,°C
2025-12-09,14:13:55.689236,1765286035.689236,s,202.921292,s,71.0,°C
2025-12-09,14:13:55.952689,1765286035.952689,s,203.184745,s,71.0,°C
2025-12-09,14:13:56.189688,1765286036.189688,s,203.421744,s,71.0,°C
2025-12-09,14:13:56.453067,1765286036.453067,s,203.685123,s,71.0,°C
2025-12-09,14:13:56.690134,1765286036.690134,s,203.92219,s,71.0,°C
2025-12-09,14:13:56.953388,1765286036.953388,s,204.185444,s,71.0,°C
2025-12-09,14:13:57.190582,1765286037.190582,s,204.422638,s,71.0,°C
2025-12-09,14:13:57.453701,1765286037.453701,s,204.685757,s,71.0,°C
2025-12-09,14:13:57.690968,1765286037.690968,s,204.923024,s,71.0,°C
2025-12-09,14:13:57.953997,1765286037.953997,s,205.186053,s,71.0,°C
2025-12-09,14:13:58.191501,1765286038.191501,s,205.423557,s,71.0,°C
2025-12-09,14:13:58.454314,1765286038.454314,s,205.68637,s,71.0,°C
2025-12-09,14:13:58.691994,1765286038.691994,s,205.92405,s,71.0,°C
2025-12-09,14:13:58.954655,1765286038.954655,s,206.186711,s,71.0,°C
2025-12-09,14:13:59.192478,1765286039.192478,s,206.424534,s,71.0,°C
2025-12-09,14:13:59.454915,1765286039.454915,s,206.686971,s,71.0,°C
2025-12-09,14:13:59.692950,1765286039.69295,s,206.925006,s,71.0,°C
2025-12-09,14:13:59.955438,1765286039.955438,s,207.187494,s,71.0,°C
2025-12-09,14:14:00.193303,1765286040.193303,s,207.425359,s,71.0,°C
2025-12-09,14:14:00.455915,1765286040.455915,s,207.687971,s,71.0,°C
2025-12-09,14:14:00.693678,1765286040.693678,s,207.925734,s,71.0,°C
2025-12-09,14:14:00.956423,1765286040.956423,s,208.188479,s,71.0,°C
2025-12-09,14:14:01.194067,1765286041.194067,s,208.426123,s,71.0,°C
2025-12-09,14:14:01.456891,1765286041.456891,s,208.688947,s,71.0,°C
2025-12-09,14:14:01.694618,1765286041.694618,s,208.926674,s,71.0,°C
2025-12-09,14:14:01.957421,1765286041.957421,s,209.189477,s,71.0,°C
2025-12-09,14:14:02.195012,1765286042.195012,s,209.427068,s,71.0,°C
2025-12-09,14:14:02.457973,1765286042.457973,s,209.690029,s,71.0,°C
2025-12-09,14:14:02.695296,1765286042.695296,s,209.927352,s,71.0,°C
2025-12-09,14:14:02.958549,1765286042.958549,s,210.190605,s,71.0,°C
2025-12-09,14:14:03.195656,1765286043.195656,s,210.427712,s,71.0,°C
2025-12-09,14:14:03.459015,1765286043.459015,s,210.691071,s,71.0,°C
2025-12-09,14:14:03.695922,1765286043.695922,s,210.927978,s,71.0,°C
2025-12-09,14:14:03.959501,1765286043.959501,s,211.191557,s,71.0,°C
2025-12-09,14:14:04.196229,1765286044.196229,s,211.428285,s,71.0,°C
2025-12-09,14:14:04.459868,1765286044.459868,s,211.691924,s,71.0,°C
2025-12-09,14:14:04.696612,1765286044.696612,s,211.928668,s,71.0,°C
2025-12-09,14:14:04.960237,1765286044.960237,s,212.192293,s,71.0,°C
2025-12-09,14:14:05.197139,1765286045.197139,s,212.429195,s,71.0,°C
2025-12-09,14:14:05.460707,1765286045.460707,s,212.692763,s,71.0,°C
2025-12-09,14:14:05.697612,1765286045.697612,s,212.929668,s,71.0,°C
2025-12-09,14:14:05.961189,1765286045.961189,s,213.193245,s,71.0,°C
2025-12-09,14:14:06.198103,1765286046.198103,s,213.430159,s,71.0,°C
2025-12-09,14:14:06.461469,1765286046.461469,s,213.693525,s,71.0,°C
2025-12-09,14:14:06.698410,1765286046.69841,s,213.930466,s,71.0,°C
2025-12-09,14:14:06.961978,1765286046.961978,s,214.194034,s,71.0,°C
2025-12-09,14:14:07.198948,1765286047.198948,s,214.431004,s,71.0,°C
2025-12-09,14:14:07.462251,1765286047.462251,s,214.694307,s,71.0,°C
2025-12-09,14:14:07.699268,1765286047.699268,s,214.931324,s,71.0,°C
2025-12-09,14:14:07.962562,1765286047.962562,s,215.194618,s,71.0,°C
2025-12-09,14:14:08.199757,1765286048.199757,s,215.431813,s,71.0,°C
2025-12-09,14:14:08.462905,1765286048.462905,s,215.694961,s,71.0,°C
2025-12-09,14:14:08.700242,1765286048.700242,s,215.932298,s,71.0,°C
2025-12-09,14:14:08.963182,1765286048.963182,s,216.195238,s,71.0,°C
2025-12-09,14:14:09.200772,1765286049.200772,s,216.432828,s,71.0,°C
2025-12-09,14:14:09.463618,1765286049.463618,s,216.695674,s,71.0,°C
2025-12-09,14:14:09.701251,1765286049.701251,s,216.933307,s,71.0,°C
2025-12-09,14:14:09.963990,1765286049.96399,s,217.196046,s,71.0,°C
2025-12-09,14:14:10.201656,1765286050.201656,s,217.433712,s,71.0,°C
2025-12-09,14:14:10.464524,1765286050.464524,s,217.69658,s,71.0,°C
2025-12-09,14:14:10.702160,1765286050.70216,s,217.934216,s,71.0,°C
2025-12-09,14:14:10.964913,1765286050.964913,s,218.196969,s,71.0,°C
2025-12-09,14:14:11.202664,1765286051.202664,s,218.43472,s,71.0,°C
2025-12-09,14:14:11.465317,1765286051.465317,s,218.697373,s,71.0,°C
2025-12-09,14:14:11.703054,1765286051.703054,s,218.93511,s,71.0,°C
2025-12-09,14:14:11.965669,1765286051.965669,s,219.197725,s,71.0,°C
2025-12-09,14:14:12.203580,1765286052.20358,s,219.435636,s,71.0,°C
2025-12-09,14:14:12.466074,1765286052.466074,s,219.69813,s,71.0,°C
2025-12-09,14:14:12.704056,1765286052.704056,s,219.936112,s,71.0,°C
2025-12-09,14:14:12.966313,1765286052.966313,s,220.198369,s,71.0,°C
2025-12-09,14:14:13.204571,1765286053.204571,s,220.436627,s,71.0,°C
2025-12-09,14:14:13.466681,1765286053.466681,s,220.698737,s,71.0,°C
2025-12-09,14:14:13.704958,1765286053.704958,s,220.937014,s,71.0,°C
2025-12-09,14:14:13.967303,1765286053.967303,s,221.199359,s,71.0,°C
2025-12-09,14:14:14.205236,1765286054.205236,s,221.437292,s,71.0,°C
2025-12-09,14:14:14.467777,1765286054.467777,s,221.699833,s,71.0,°C
2025-12-09,14:14:14.705702,1765286054.705702,s,221.937758,s,71.0,°C
2025-12-09,14:14:14.968377,1765286054.968377,s,222.200433,s,71.0,°C
2025-12-09,14:14:15.206064,1765286055.206064,s,222.43812,s,71.0,°C
2025-12-09,14:14:15.468910,1765286055.46891,s,222.700966,s,71.0,°C
2025-12-09,14:14:15.706554,1765286055.706554,s,222.93861,s,71.0,°C
2025-12-09,14:14:15.969438,1765286055.969438,s,223.201494,s,71.0,°C
2025-12-09,14:14:16.206908,1765286056.206908,s,223.438964,s,71.0,°C
2025-12-09,14:14:16.469902,1765286056.469902,s,223.701958,s,71.0,°C
2025-12-09,14:14:16.707184,1765286056.707184,s,223.93924,s,71.0,°C
2025-12-09,14:14:16.970253,1765286056.970253,s,224.202309,s,71.0,°C
2025-12-09,14:14:17.207497,1765286057.207497,s,224.439553,s,71.0,°C
2025-12-09,14:14:17.470675,1765286057.470675,s,224.702731,s,71.0,°C
2025-12-09,14:14:17.707783,1765286057.707783,s,224.939839,s,71.0,°C
2025-12-09,14:14:17.971049,1765286057.971049,s,225.203105,s,71.0,°C
2025-12-09,14:14:18.208193,1765286058.208193,s,225.440249,s,71.0,°C
2025-12-09,14:14:18.471512,1765286058.471512,s,225.703568,s,71.0,°C
2025-12-09,14:14:18.708729,1765286058.708729,s,225.940785,s,71.0,°C
2025-12-09,14:14:18.971914,1765286058.971914,s,226.20397,s,71.0,°C
2025-12-09,14:14:19.209170,1765286059.20917,s,226.441226,s,71.0,°C
2025-12-09,14:14:19.472318,1765286059.472318,s,226.704374,s,71.0,°C
2025-12-09,14:14:19.709600,1765286059.7096,s,226.941656,s,71.0,°C
2025-12-09,14:14:19.972875,1765286059.972875,s,227.204931,s,71.0,°C
2025-12-09,14:14:20.209873,1765286060.209873,s,227.441929,s,71.0,°C
2025-12-09,14:14:20.473407,1765286060.473407,s,227.705463,s,71.0,°C
2025-12-09,14:14:20.710357,1765286060.710357,s,227.942413,s,71.0,°C
2025-12-09,14:14:20.973795,1765286060.973795,s,228.205851,s,71.0,°C
2025-12-09,14:14:21.210859,1765286061.210859,s,228.442915,s,71.0,°C
2025-12-09,14:14:21.474226,1765286061.474226,s,228.706282,s,71.0,°C
2025-12-09,14:14:21.711132,1765286061.711132,s,228.943188,s,71.0,°C
2025-12-09,14:14:21.974501,1765286061.974501,s,229.206557,s,71.0,°C
2025-12-09,14:14:22.211499,1765286062.211499,s,229.443555,s,71.0,°C
2025-12-09,14:14:22.474830,1765286062.47483,s,229.706886,s,71.0,°C
2025-12-09,14:14:22.711910,1765286062.71191,s,229.943966,s,71.0,°C
2025-12-09,14:14:22.975143,1765286062.975143,s,230.207199,s,71.0,°C
2025-12-09,14:14:23.212436,1765286063.212436,s,230.444492,s,71.0,°C
2025-12-09,14:14:23.475578,1765286063.475578,s,230.707634,s,71.0,°C
2025-12-09,14:14:23.712855,1765286063.712855,s,230.944911,s,71.0,°C
2025-12-09,14:14:23.975924,1765286063.975924,s,231.20798,s,71.0,°C
2025-12-09,14:14:24.213243,1765286064.213243,s,231.445299,s,71.0,°C
2025-12-09,14:14:24.476256,1765286064.476256,s,231.708312,s,71.0,°C
2025-12-09,14:14:24.713733,1765286064.713733,s,231.945789,s,71.0,°C
2025-12-09,14:14:24.976669,1765286064.976669,s,232.208725,s,71.0,°C
2025-12-09,14:14:25.214221,1765286065.214221,s,232.446277,s,71.0,°C
2025-12-09,14:14:25.477011,1765286065.477011,s,232.709067,s,71.0,°C
2025-12-09,14:14:25.714678,1765286065.714678,s,232.946734,s,71.0,°C
2025-12-09,14:14:25.977515,1765286065.977515,s,233.209571,s,71.0,°C
2025-12-09,14:14:26.215184,1765286066.215184,s,233.44724,s,71.0,°C
2025-12-09,14:14:26.477930,1765286066.47793,s,233.709986,s,71.0,°C
2025-12-09,14:14:26.715575,1765286066.715575,s,233.947631,s,70.0,°C
2025-12-09,14:14:26.978502,1765286066.978502,s,234.210558,s,70.0,°C
2025-12-09,14:14:27.215941,1765286067.215941,s,234.447997,s,70.0,°C
2025-12-09,14:14:27.479046,1765286067.479046,s,234.711102,s,70.0,°C
2025-12-09,14:14:27.716233,1765286067.716233,s,234.948289,s,70.0,°C
2025-12-09,14:14:27.979433,1765286067.979433,s,235.211489,s,70.0,°C
2025-12-09,14:14:28.216603,1765286068.216603,s,235.448659,s,70.0,°C
2025-12-09,14:14:28.479971,1765286068.479971,s,235.712027,s,70.0,°C
2025-12-09,14:14:28.717019,1765286068.717019,s,235.949075,s,70.0,°C
2025-12-09,14:14:28.980491,1765286068.980491,s,236.212547,s,70.0,°C
2025-12-09,14:14:29.217377,1765286069.217377,s,236.449433,s,70.0,°C
2025-12-09,14:14:29.481005,1765286069.481005,s,236.713061,s,70.0,°C
2025-12-09,14:14:29.717694,1765286069.717694,s,236.94975,s,70.0,°C
2025-12-09,14:14:29.981322,1765286069.981322,s,237.213378,s,70.0,°C
2025-12-09,14:14:30.218056,1765286070.218056,s,237.450112,s,69.0,°C
2025-12-09,14:14:30.481815,1765286070.481815,s,237.713871,s,69.0,°C
2025-12-09,14:14:30.718344,1765286070.718344,s,237.9504,s,69.0,°C
2025-12-09,14:14:30.982321,1765286070.982321,s,238.214377,s,69.0,°C
2025-12-09,14:14:31.218886,1765286071.218886,s,238.450942,s,68.0,°C
2025-12-09,14:14:31.482844,1765286071.482844,s,238.7149,s,68.0,°C
2025-12-09,14:14:31.719236,1765286071.719236,s,238.951292,s,68.0,°C
2025-12-09,14:14:31.983420,1765286071.98342,s,239.215476,s,68.0,°C
2025-12-09,14:14:32.219639,1765286072.219639,s,239.451695,s,68.0,°C
2025-12-09,14:14:32.483796,1765286072.483796,s,239.715852,s,68.0,°C
2025-12-09,14:14:32.720149,1765286072.720149,s,239.952205,s,68.0,°C
2025-12-09,14:14:32.984232,1765286072.984232,s,240.216288,s,68.0,°C
2025-12-09,14:14:33.220612,1765286073.220612,s,240.452668,s,68.0,°C
2025-12-09,14:14:33.484585,1765286073.484585,s,240.716641,s,68.0,°C
2025-12-09,14:14:33.721136,1765286073.721136,s,240.953192,s,68.0,°C
2025-12-09,14:14:33.985012,1765286073.985012,s,241.217068,s,68.0,°C
2025-12-09,14:14:34.221398,1765286074.221398,s,241.453454,s,67.0,°C
2025-12-09,14:14:34.485415,1765286074.485415,s,241.717471,s,67.0,°C
2025-12-09,14:14:34.721878,1765286074.721878,s,241.953934,s,67.0,°C
2025-12-09,14:14:34.985835,1765286074.985835,s,242.217891,s,67.0,°C
2025-12-09,14:14:35.222152,1765286075.222152,s,242.454208,s,65.0,°C
2025-12-09,14:14:35.486277,1765286075.486277,s,242.718333,s,65.0,°C
2025-12-09,14:14:35.722603,1765286075.722603,s,242.954659,s,65.0,°C
2025-12-09,14:14:35.986633,1765286075.986633,s,243.218689,s,64.0,°C
2025-12-09,14:14:36.223004,1765286076.223004,s,243.45506,s,64.0,°C
2025-12-09,14:14:36.486898,1765286076.486898,s,243.718954,s,63.0,°C
2025-12-09,14:14:36.723547,1765286076.723547,s,243.955603,s,63.0,°C
2025-12-09,14:14:36.987255,1765286076.987255,s,244.219311,s,63.0,°C
2025-12-09,14:14:37.223940,1765286077.22394,s,244.455996,s,63.0,°C
2025-12-09,14:14:37.487549,1765286077.487549,s,244.719605,s,62.0,°C
2025-12-09,14:14:37.724426,1765286077.724426,s,244.956482,s,62.0,°C
2025-12-09,14:14:37.987887,1765286077.987887,s,245.219943,s,61.0,°C
2025-12-09,14:14:38.224893,1765286078.224893,s,245.456949,s,61.0,°C
2025-12-09,14:14:38.488233,1765286078.488233,s,245.720289,s,60.0,°C
2025-12-09,14:14:38.725343,1765286078.725343,s,245.957399,s,60.0,°C
2025-12-09,14:14:38.988620,1765286078.98862,s,246.220676,s,60.0,°C
2025-12-09,14:14:39.225699,1765286079.225699,s,246.457755,s,59.0,°C
2025-12-09,14:14:39.489273,1765286079.489273,s,246.721329,s,59.0,°C
2025-12-09,14:14:39.726164,1765286079.726164,s,246.95822,s,57.0,°C
2025-12-09,14:14:39.990001,1765286079.990001,s,247.222057,s,57.0,°C
2025-12-09,14:14:40.226454,1765286080.226454,s,247.45851,s,58.0,°C
2025-12-09,14:14:40.490537,1765286080.490537,s,247.722593,s,58.0,°C
2025-12-09,14:14:40.726819,1765286080.726819,s,247.958875,s,58.0,°C
2025-12-09,14:14:40.991081,1765286080.991081,s,248.223137,s,59.0,°C
2025-12-09,14:14:41.227199,1765286081.227199,s,248.459255,s,59.0,°C
2025-12-09,14:14:41.491581,1765286081.491581,s,248.723637,s,59.0,°C
2025-12-09,14:14:41.727553,1765286081.727553,s,248.959609,s,59.0,°C
2025-12-09,14:14:41.992084,1765286081.992084,s,249.22414,s,59.0,°C
2025-12-09,14:14:42.227939,1765286082.227939,s,249.459995,s,59.0,°C
2025-12-09,14:14:42.492418,1765286082.492418,s,249.724474,s,59.0,°C
2025-12-09,14:14:42.728199,1765286082.728199,s,249.960255,s,59.0,°C
2025-12-09,14:14:42.992812,1765286082.992812,s,250.224868,s,59.0,°C
2025-12-09,14:14:43.228496,1765286083.228496,s,250.460552,s,59.0,°C
2025-12-09,14:14:43.493368,1765286083.493368,s,250.725424,s,59.0,°C
2025-12-09,14:14:43.728894,1765286083.728894,s,250.96095,s,58.0,°C
2025-12-09,14:14:43.993763,1765286083.993763,s,251.225819,s,58.0,°C
2025-12-09,14:14:44.229155,1765286084.229155,s,251.461211,s,58.0,°C
2025-12-09,14:14:44.494300,1765286084.4943,s,251.726356,s,58.0,°C
2025-12-09,14:14:44.729515,1765286084.729515,s,251.961571,s,58.0,°C
2025-12-09,14:14:44.994726,1765286084.994726,s,252.226782,s,57.0,°C
2025-12-09,14:14:45.229997,1765286085.229997,s,252.462053,s,57.0,°C
2025-12-09,14:14:45.495247,1765286085.495247,s,252.727303,s,57.0,°C
2025-12-09,14:14:45.730274,1765286085.730274,s,252.96233,s,57.0,°C
2025-12-09,14:14:45.995652,1765286085.995652,s,253.227708,s,57.0,°C
2025-12-09,14:14:46.230691,1765286086.230691,s,253.462747,s,57.0,°C
2025-12-09,14:14:46.496175,1765286086.496175,s,253.728231,s,56.0,°C
2025-12-09,14:14:46.730963,1765286086.730963,s,253.963019,s,56.0,°C
2025-12-09,14:14:46.996549,1765286086.996549,s,254.228605,s,56.0,°C
2025-12-09,14:14:47.231505,1765286087.231505,s,254.463561,s,56.0,°C
2025-12-09,14:14:47.497002,1765286087.497002,s,254.729058,s,56.0,°C
2025-12-09,14:14:47.731947,1765286087.731947,s,254.964003,s,56.0,°C
2025-12-09,14:14:47.997492,1765286087.997492,s,255.229548,s,56.0,°C
2025-12-09,14:14:48.232332,1765286088.232332,s,255.464388,s,56.0,°C
2025-12-09,14:14:48.497941,1765286088.497941,s,255.729997,s,56.0,°C
2025-12-09,14:14:48.732792,1765286088.732792,s,255.964848,s,55.0,°C
2025-12-09,14:14:48.998405,1765286088.998405,s,256.230461,s,55.0,°C
2025-12-09,14:14:49.233318,1765286089.233318,s,256.465374,s,55.0,°C
2025-12-09,14:14:49.498870,1765286089.49887,s,256.730926,s,55.0,°C
2025-12-09,14:14:49.733798,1765286089.733798,s,256.965854,s,55.0,°C
2025-12-09,14:14:49.999231,1765286089.999231,s,257.231287,s,55.0,°C
2025-12-09,14:14:50.234258,1765286090.234258,s,257.466314,s,55.0,°C
2025-12-09,14:14:50.499606,1765286090.499606,s,257.731662,s,55.0,°C
2025-12-09,14:14:50.734741,1765286090.734741,s,257.966797,s,55.0,°C
2025-12-09,14:14:50.999989,1765286090.999989,s,258.232045,s,55.0,°C
2025-12-09,14:14:51.235250,1765286091.23525,s,258.467306,s,55.0,°C
2025-12-09,14:14:51.500233,1765286091.500233,s,258.732289,s,55.0,°C
2025-12-09,14:14:51.735534,1765286091.735534,s,258.96759,s,55.0,°C
2025-12-09,14:14:52.000585,1765286092.000585,s,259.232641,s,55.0,°C
2025-12-09,14:14:52.235959,1765286092.235959,s,259.468015,s,54.0,°C
2025-12-09,14:14:52.500895,1765286092.500895,s,259.732951,s,54.0,°C
2025-12-09,14:14:52.736462,1765286092.736462,s,259.968518,s,54.0,°C
2025-12-09,14:14:53.001224,1765286093.001224,s,260.23328,s,54.0,°C
2025-12-09,14:14:53.236894,1765286093.236894,s,260.46895,s,54.0,°C
2025-12-09,14:14:53.501501,1765286093.501501,s,260.733557,s,54.0,°C
2025-12-09,14:14:53.737332,1765286093.737332,s,260.969388,s,54.0,°C
2025-12-09,14:14:54.001898,1765286094.001898,s,261.233954,s,54.0,°C
2025-12-09,14:14:54.237637,1765286094.237637,s,261.469693,s,54.0,°C
2025-12-09,14:14:54.502365,1765286094.502365,s,261.734421,s,54.0,°C
2025-12-09,14:14:54.738023,1765286094.738023,s,261.970079,s,54.0,°C
2025-12-09,14:14:55.002903,1765286095.002903,s,262.234959,s,54.0,°C
2025-12-09,14:14:55.238304,1765286095.238304,s,262.47036,s,54.0,°C
2025-12-09,14:14:55.503446,1765286095.503446,s,262.735502,s,54.0,°C
2025-12-09,14:14:55.738662,1765286095.738662,s,262.970718,s,54.0,°C
2025-12-09,14:14:56.004075,1765286096.004075,s,263.236131,s,54.0,°C
2025-12-09,14:14:56.239020,1765286096.23902,s,263.471076,s,54.0,°C
2025-12-09,14:14:56.504375,1765286096.504375,s,263.736431,s,54.0,°C
2025-12-09,14:14:56.739312,1765286096.739312,s,263.971368,s,54.0,°C
2025-12-09,14:14:57.004757,1765286097.004757,s,264.236813,s,54.0,°C
2025-12-09,14:14:57.239669,1765286097.239669,s,264.471725,s,54.0,°C
2025-12-09,14:14:57.505248,1765286097.505248,s,264.737304,s,54.0,°C
2025-12-09,14:14:57.740013,1765286097.740013,s,264.972069,s,54.0,°C
2025-12-09,14:14:58.005616,1765286098.005616,s,265.237672,s,54.0,°C
2025-12-09,14:14:58.240338,1765286098.240338,s,265.472394,s,54.0,°C
2025-12-09,14:14:58.506135,1765286098.506135,s,265.738191,s,54.0,°C
2025-12-09,14:14:58.740761,1765286098.740761,s,265.972817,s,54.0,°C
2025-12-09,14:14:59.006648,1765286099.006648,s,266.238704,s,54.0,°C
2025-12-09,14:14:59.241143,1765286099.241143,s,266.473199,s,54.0,°C
2025-12-09,14:14:59.507165,1765286099.507165,s,266.739221,s,54.0,°C
2025-12-09,14:14:59.741645,1765286099.741645,s,266.973701,s,54.0,°C
2025-12-09,14:15:00.007443,1765286100.007443,s,267.239499,s,54.0,°C
2025-12-09,14:15:00.242098,1765286100.242098,s,267.474154,s,54.0,°C
2025-12-09,14:15:00.507720,1765286100.50772,s,267.739776,s,54.0,°C
2025-12-09,14:15:00.742616,1765286100.742616,s,267.974672,s,54.0,°C
2025-12-09,14:15:01.008084,1765286101.008084,s,268.24014,s,54.0,°C
2025-12-09,14:15:01.243053,1765286101.243053,s,268.475109,s,54.0,°C
2025-12-09,14:15:01.508475,1765286101.508475,s,268.740531,s,54.0,°C
2025-12-09,14:15:01.743549,1765286101.743549,s,268.975605,s,54.0,°C
2025-12-09,14:15:02.008888,1765286102.008888,s,269.240944,s,54.0,°C
2025-12-09,14:15:02.243959,1765286102.243959,s,269.476015,s,54.0,°C
2025-12-09,14:15:02.509287,1765286102.509287,s,269.741343,s,54.0,°C
2025-12-09,14:15:02.744479,1765286102.744479,s,269.976535,s,54.0,°C
2025-12-09,14:15:03.009689,1765286103.009689,s,270.241745,s,54.0,°C
2025-12-09,14:15:03.244881,1765286103.244881,s,270.476937,s,54.0,°C
2025-12-09,14:15:03.510088,1765286103.510088,s,270.742144,s,54.0,°C
2025-12-09,14:15:03.745328,1765286103.745328,s,270.977384,s,54.0,°C
2025-12-09,14:15:04.010331,1765286104.010331,s,271.242387,s,54.0,°C
2025-12-09,14:15:04.245609,1765286104.245609,s,271.477665,s,54.0,°C
2025-12-09,14:15:04.510596,1765286104.510596,s,271.742652,s,54.0,°C
2025-12-09,14:15:04.746121,1765286104.746121,s,271.978177,s,54.0,°C
2025-12-09,14:15:05.010865,1765286105.010865,s,272.242921,s,54.0,°C
2025-12-09,14:15:05.246615,1765286105.246615,s,272.478671,s,54.0,°C
2025-12-09,14:15:05.511160,1765286105.51116,s,272.743216,s,54.0,°C
2025-12-09,14:15:05.747114,1765286105.747114,s,272.97917,s,54.0,°C
2025-12-09,14:15:06.011470,1765286106.01147,s,273.243526,s,54.0,°C
2025-12-09,14:15:06.247611,1765286106.247611,s,273.479667,s,54.0,°C
2025-12-09,14:15:06.511725,1765286106.511725,s,273.743781,s,54.0,°C
2025-12-09,14:15:06.748143,1765286106.748143,s,273.980199,s,54.0,°C
2025-12-09,14:15:07.011982,1765286107.011982,s,274.244038,s,54.0,°C
2025-12-09,14:15:07.248421,1765286107.248421,s,274.480477,s,54.0,°C
2025-12-09,14:15:07.512317,1765286107.512317,s,274.744373,s,54.0,°C
2025-12-09,14:15:07.748799,1765286107.748799,s,274.980855,s,54.0,°C
2025-12-09,14:15:08.012829,1765286108.012829,s,275.244885,s,54.0,°C
2025-12-09,14:15:08.249170,1765286108.24917,s,275.481226,s,54.0,°C
2025-12-09,14:15:08.513387,1765286108.513387,s,275.745443,s,54.0,°C
2025-12-09,14:15:08.749599,1765286108.749599,s,275.981655,s,54.0,°C
2025-12-09,14:15:09.013895,1765286109.013895,s,276.245951,s,54.0,°C
2025-12-09,14:15:09.249999,1765286109.249999,s,276.482055,s,54.0,°C
2025-12-09,14:15:09.514250,1765286109.51425,s,276.746306,s,54.0,°C
2025-12-09,14:15:09.750315,1765286109.750315,s,276.982371,s,54.0,°C
2025-12-09,14:15:10.014750,1765286110.01475,s,277.246806,s,54.0,°C
2025-12-09,14:15:10.250688,1765286110.250688,s,277.482744,s,54.0,°C
2025-12-09,14:15:10.515312,1765286110.515312,s,277.747368,s,54.0,°C
2025-12-09,14:15:10.751062,1765286110.751062,s,277.983118,s,54.0,°C
2025-12-09,14:15:11.015722,1765286111.015722,s,278.247778,s,54.0,°C
2025-12-09,14:15:11.251434,1765286111.251434,s,278.48349,s,54.0,°C
2025-12-09,14:15:11.516011,1765286111.516011,s,278.748067,s,54.0,°C
2025-12-09,14:15:11.751795,1765286111.751795,s,278.983851,s,54.0,°C
2025-12-09,14:15:12.016320,1765286112.01632,s,279.248376,s,54.0,°C
2025-12-09,14:15:12.252156,1765286112.252156,s,279.484212,s,54.0,°C
2025-12-09,14:15:12.516767,1765286112.516767,s,279.748823,s,54.0,°C
2025-12-09,14:15:12.752415,1765286112.752415,s,279.984471,s,54.0,°C
2025-12-09,14:15:13.017167,1765286113.017167,s,280.249223,s,54.0,°C
2025-12-09,14:15:13.252799,1765286113.252799,s,280.484855,s,54.0,°C
2025-12-09,14:15:13.517677,1765286113.517677,s,280.749733,s,54.0,°C
2025-12-09,14:15:13.753406,1765286113.753406,s,280.985462,s,54.0,°C
2025-12-09,14:15:14.018184,1765286114.018184,s,281.25024,s,54.0,°C
2025-12-09,14:15:14.253995,1765286114.253995,s,281.486051,s,54.0,°C
2025-12-09,14:15:14.518464,1765286114.518464,s,281.75052,s,54.0,°C
2025-12-09,14:15:14.754311,1765286114.754311,s,281.986367,s,54.0,°C
2025-12-09,14:15:15.018852,1765286115.018852,s,282.250908,s,54.0,°C
2025-12-09,14:15:15.254819,1765286115.254819,s,282.486875,s,54.0,°C
2025-12-09,14:15:15.519367,1765286115.519367,s,282.751423,s,54.0,°C
2025-12-09,14:15:15.755213,1765286115.755213,s,282.987269,s,54.0,°C
2025-12-09,14:15:16.019739,1765286116.019739,s,283.251795,s,54.0,°C
2025-12-09,14:15:16.255745,1765286116.255745,s,283.487801,s,54.0,°C
2025-12-09,14:15:16.520026,1765286116.520026,s,283.752082,s,54.0,°C
2025-12-09,14:15:16.756356,1765286116.756356,s,283.988412,s,54.0,°C
2025-12-09,14:15:17.020664,1765286117.020664,s,284.25272,s,54.0,°C
2025-12-09,14:15:17.256762,1765286117.256762,s,284.488818,s,54.0,°C
2025-12-09,14:15:17.521157,1765286117.521157,s,284.753213,s,54.0,°C
2025-12-09,14:15:17.757235,1765286117.757235,s,284.989291,s,54.0,°C
2025-12-09,14:15:18.021484,1765286118.021484,s,285.25354,s,54.0,°C
2025-12-09,14:15:18.257691,1765286118.257691,s,285.489747,s,54.0,°C
2025-12-09,14:15:18.521952,1765286118.521952,s,285.754008,s,54.0,°C
2025-12-09,14:15:18.758116,1765286118.758116,s,285.990172,s,54.0,°C
2025-12-09,14:15:19.022274,1765286119.022274,s,286.25433,s,54.0,°C
2025-12-09,14:15:19.258504,1765286119.258504,s,286.49056,s,54.0,°C
2025-12-09,14:15:19.522809,1765286119.522809,s,286.754865,s,54.0,°C
2025-12-09,14:15:19.758934,1765286119.758934,s,286.99099,s,54.0,°C
2025-12-09,14:15:20.023254,1765286120.023254,s,287.25531,s,54.0,°C
2025-12-09,14:15:20.259312,1765286120.259312,s,287.491368,s,54.0,°C
2025-12-09,14:15:20.523705,1765286120.523705,s,287.755761,s,54.0,°C
2025-12-09,14:15:20.759822,1765286120.759822,s,287.991878,s,54.0,°C
2025-12-09,14:15:21.024136,1765286121.024136,s,288.256192,s,54.0,°C
2025-12-09,14:15:21.260101,1765286121.260101,s,288.492157,s,54.0,°C
2025-12-09,14:15:21.524535,1765286121.524535,s,288.756591,s,54.0,°C
2025-12-09,14:15:21.760370,1765286121.76037,s,288.992426,s,54.0,°C
2025-12-09,14:15:22.024901,1765286122.024901,s,289.256957,s,54.0,°C
2025-12-09,14:15:22.260719,1765286122.260719,s,289.492775,s,54.0,°C
2025-12-09,14:15:22.525326,1765286122.525326,s,289.757382,s,54.0,°C
2025-12-09,14:15:22.761072,1765286122.761072,s,289.993128,s,54.0,°C
2025-12-09,14:15:23.025698,1765286123.025698,s,290.257754,s,54.0,°C
2025-12-09,14:15:23.261370,1765286123.26137,s,290.493426,s,54.0,°C
2025-12-09,14:15:23.526060,1765286123.52606,s,290.758116,s,54.0,°C
2025-12-09,14:15:23.761734,1765286123.761734,s,290.99379,s,54.0,°C
2025-12-09,14:15:24.026377,1765286124.026377,s,291.258433,s,54.0,°C
2025-12-09,14:15:24.262122,1765286124.262122,s,291.494178,s,54.0,°C
2025-12-09,14:15:24.526875,1765286124.526875,s,291.758931,s,54.0,°C
2025-12-09,14:15:24.762402,1765286124.762402,s,291.994458,s,54.0,°C
2025-12-09,14:15:25.027345,1765286125.027345,s,292.259401,s,54.0,°C
2025-12-09,14:15:25.262774,1765286125.262774,s,292.49483,s,54.0,°C
2025-12-09,14:15:25.527836,1765286125.527836,s,292.759892,s,54.0,°C
2025-12-09,14:15:25.763221,1765286125.763221,s,292.995277,s,54.0,°C
2025-12-09,14:15:26.028371,1765286126.028371,s,293.260427,s,54.0,°C
2025-12-09,14:15:26.263614,1765286126.263614,s,293.49567,s,54.0,°C
2025-12-09,14:15:26.528840,1765286126.52884,s,293.760896,s,54.0,°C
2025-12-09,14:15:26.763921,1765286126.763921,s,293.995977,s,54.0,°C
2025-12-09,14:15:27.029221,1765286127.029221,s,294.261277,s,54.0,°C
2025-12-09,14:15:27.264191,1765286127.264191,s,294.496247,s,54.0,°C
2025-12-09,14:15:27.529597,1765286127.529597,s,294.761653,s,54.0,°C
2025-12-09,14:15:27.764834,1765286127.764834,s,294.99689,s,54.0,°C
2025-12-09,14:15:28.029994,1765286128.029994,s,295.26205,s,54.0,°C
2025-12-09,14:15:28.265284,1765286128.265284,s,295.49734,s,54.0,°C
2025-12-09,14:15:28.530349,1765286128.530349,s,295.762405,s,54.0,°C
2025-12-09,14:15:28.765871,1765286128.765871,s,295.997927,s,54.0,°C
2025-12-09,14:15:29.030728,1765286129.030728,s,296.262784,s,54.0,°C
2025-12-09,14:15:29.266352,1765286129.266352,s,296.498408,s,54.0,°C
2025-12-09,14:15:29.531150,1765286129.53115,s,296.763206,s,54.0,°C
2025-12-09,14:15:29.766904,1765286129.766904,s,296.99896,s,54.0,°C
2025-12-09,14:15:30.031447,1765286130.031447,s,297.263503,s,54.0,°C
2025-12-09,14:15:30.267250,1765286130.26725,s,297.499306,s,54.0,°C
2025-12-09,14:15:30.531930,1765286130.53193,s,297.763986,s,54.0,°C
2025-12-09,14:15:30.767725,1765286130.767725,s,297.999781,s,54.0,°C
2025-12-09,14:15:31.032563,1765286131.032563,s,298.264619,s,54.0,°C
2025-12-09,14:15:31.268001,1765286131.268001,s,298.500057,s,54.0,°C
2025-12-09,14:15:31.533091,1765286131.533091,s,298.765147,s,54.0,°C
2025-12-09,14:15:31.768517,1765286131.768517,s,299.000573,s,54.0,°C
2025-12-09,14:15:32.033561,1765286132.033561,s,299.265617,s,54.0,°C
2025-12-09,14:15:32.268964,1765286132.268964,s,299.50102,s,54.0,°C
2025-12-09,14:15:32.533890,1765286132.53389,s,299.765946,s,54.0,°C
2025-12-09,14:15:32.769492,1765286132.769492,s,300.001548,s,54.0,°C
2025-12-09,14:15:33.034259,1765286133.034259,s,300.266315,s,54.0,°C
2025-12-09,14:15:33.270014,1765286133.270014,s,300.50207,s,54.0,°C
2025-12-09,14:15:33.534765,1765286133.534765,s,300.766821,s,54.0,°C
2025-12-09,14:15:33.770590,1765286133.77059,s,301.002646,s,54.0,°C
2025-12-09,14:15:34.035255,1765286134.035255,s,301.267311,s,54.0,°C
2025-12-09,14:15:34.271125,1765286134.271125,s,301.503181,s,54.0,°C
2025-12-09,14:15:34.535640,1765286134.53564,s,301.767696,s,54.0,°C
2025-12-09,14:15:34.771468,1765286134.771468,s,302.003524,s,54.0,°C
2025-12-09,14:15:35.036057,1765286135.036057,s,302.268113,s,54.0,°C
2025-12-09,14:15:35.271849,1765286135.271849,s,302.503905,s,54.0,°C
2025-12-09,14:15:35.536406,1765286135.536406,s,302.768462,s,54.0,°C
2025-12-09,14:15:35.772155,1765286135.772155,s,303.004211,s,54.0,°C
2025-12-09,14:15:36.036815,1765286136.036815,s,303.268871,s,54.0,°C
2025-12-09,14:15:36.272636,1765286136.272636,s,303.504692,s,54.0,°C
2025-12-09,14:15:36.537166,1765286136.537166,s,303.769222,s,54.0,°C
2025-12-09,14:15:36.773002,1765286136.773002,s,304.005058,s,54.0,°C
2025-12-09,14:15:37.037443,1765286137.037443,s,304.269499,s,54.0,°C
2025-12-09,14:15:37.273306,1765286137.273306,s,304.505362,s,54.0,°C
2025-12-09,14:15:37.537836,1765286137.537836,s,304.769892,s,54.0,°C
2025-12-09,14:15:37.773677,1765286137.773677,s,305.005733,s,54.0,°C
2025-12-09,14:15:38.038408,1765286138.038408,s,305.270464,s,54.0,°C
2025-12-09,14:15:38.274051,1765286138.274051,s,305.506107,s,54.0,°C
2025-12-09,14:15:38.538876,1765286138.538876,s,305.770932,s,54.0,°C
2025-12-09,14:15:38.774309,1765286138.774309,s,306.006365,s,54.0,°C
2025-12-09,14:15:39.039375,1765286139.039375,s,306.271431,s,54.0,°C
2025-12-09,14:15:39.274674,1765286139.274674,s,306.50673,s,54.0,°C
2025-12-09,14:15:39.539755,1765286139.539755,s,306.771811,s,54.0,°C
2025-12-09,14:15:39.775030,1765286139.77503,s,307.007086,s,54.0,°C
2025-12-09,14:15:40.040147,1765286140.040147,s,307.272203,s,54.0,°C
2025-12-09,14:15:40.275228,1765286140.275228,s,307.507284,s,54.0,°C
2025-12-09,14:15:40.540426,1765286140.540426,s,307.772482,s,54.0,°C
2025-12-09,14:15:40.775575,1765286140.775575,s,308.007631,s,54.0,°C
2025-12-09,14:15:41.040895,1765286141.040895,s,308.272951,s,54.0,°C
2025-12-09,14:15:41.276135,1765286141.276135,s,308.508191,s,54.0,°C
2025-12-09,14:15:41.541237,1765286141.541237,s,308.773293,s,54.0,°C
2025-12-09,14:15:41.776722,1765286141.776722,s,309.008778,s,54.0,°C
2025-12-09,14:15:42.041742,1765286142.041742,s,309.273798,s,54.0,°C
2025-12-09,14:15:42.277210,1765286142.27721,s,309.509266,s,54.0,°C
2025-12-09,14:15:42.542132,1765286142.542132,s,309.774188,s,54.0,°C
2025-12-09,14:15:42.777749,1765286142.777749,s,310.009805,s,54.0,°C
2025-12-09,14:15:43.042589,1765286143.042589,s,310.274645,s,54.0,°C
2025-12-09,14:15:43.278235,1765286143.278235,s,310.510291,s,54.0,°C
2025-12-09,14:15:43.542990,1765286143.54299,s,310.775046,s,54.0,°C
2025-12-09,14:15:43.778793,1765286143.778793,s,311.010849,s,54.0,°C
2025-12-09,14:15:44.043537,1765286144.043537,s,311.275593,s,54.0,°C
2025-12-09,14:15:44.279339,1765286144.279339,s,311.511395,s,54.0,°C
2025-12-09,14:15:44.543960,1765286144.54396,s,311.776016,s,54.0,°C
2025-12-09,14:15:44.779888,1765286144.779888,s,312.011944,s,54.0,°C
2025-12-09,14:15:45.044353,1765286145.044353,s,312.276409,s,54.0,°C
2025-12-09,14:15:45.280483,1765286145.280483,s,312.512539,s,54.0,°C
2025-12-09,14:15:45.544749,1765286145.544749,s,312.776805,s,54.0,°C
2025-12-09,14:15:45.781077,1765286145.781077,s,313.013133,s,54.0,°C
2025-12-09,14:15:46.045248,1765286146.045248,s,313.277304,s,54.0,°C
2025-12-09,14:15:46.281375,1765286146.281375,s,313.513431,s,54.0,°C
2025-12-09,14:15:46.545642,1765286146.545642,s,313.777698,s,54.0,°C
2025-12-09,14:15:46.781881,1765286146.781881,s,314.013937,s,54.0,°C
2025-12-09,14:15:47.046174,1765286147.046174,s,314.27823,s,54.0,°C
2025-12-09,14:15:47.282266,1765286147.282266,s,314.514322,s,54.0,°C
2025-12-09,14:15:47.546608,1765286147.546608,s,314.778664,s,54.0,°C
2025-12-09,14:15:47.782741,1765286147.782741,s,315.014797,s,54.0,°C
2025-12-09,14:15:48.046998,1765286148.046998,s,315.279054,s,54.0,°C
2025-12-09,14:15:48.283299,1765286148.283299,s,315.515355,s,54.0,°C
2025-12-09,14:15:48.547388,1765286148.547388,s,315.779444,s,54.0,°C
2025-12-09,14:15:48.783794,1765286148.783794,s,316.01585,s,54.0,°C
2025-12-09,14:15:49.047844,1765286149.047844,s,316.2799,s,54.0,°C
2025-12-09,14:15:49.284168,1765286149.284168,s,316.516224,s,54.0,°C
2025-12-09,14:15:49.548226,1765286149.548226,s,316.780282,s,54.0,°C
2025-12-09,14:15:49.784430,1765286149.78443,s,317.016486,s,54.0,°C
2025-12-09,14:15:50.048454,1765286150.048454,s,317.28051,s,54.0,°C
2025-12-09,14:15:50.284789,1765286150.284789,s,317.516845,s,54.0,°C
2025-12-09,14:15:50.548974,1765286150.548974,s,317.78103,s,54.0,°C
2025-12-09,14:15:50.785208,1765286150.785208,s,318.017264,s,54.0,°C
2025-12-09,14:15:51.049356,1765286151.049356,s,318.281412,s,54.0,°C
2025-12-09,14:15:51.285484,1765286151.285484,s,318.51754,s,54.0,°C
2025-12-09,14:15:51.549891,1765286151.549891,s,318.781947,s,54.0,°C
2025-12-09,14:15:51.785850,1765286151.78585,s,319.017906,s,54.0,°C
2025-12-09,14:15:52.050354,1765286152.050354,s,319.28241,s,54.0,°C
2025-12-09,14:15:52.286195,1765286152.286195,s,319.518251,s,54.0,°C
2025-12-09,14:15:52.550845,1765286152.550845,s,319.782901,s,54.0,°C
2025-12-09,14:15:52.786505,1765286152.786505,s,320.018561,s,54.0,°C
2025-12-09,14:15:53.051364,1765286153.051364,s,320.28342,s,54.0,°C
2025-12-09,14:15:53.286892,1765286153.286892,s,320.518948,s,54.0,°C
2025-12-09,14:15:53.551845,1765286153.551845,s,320.783901,s,54.0,°C
2025-12-09,14:15:53.787252,1765286153.787252,s,321.019308,s,54.0,°C
2025-12-09,14:15:54.052293,1765286154.052293,s,321.284349,s,54.0,°C
2025-12-09,14:15:54.287638,1765286154.287638,s,321.519694,s,54.0,°C
2025-12-09,14:15:54.552677,1765286154.552677,s,321.784733,s,54.0,°C
2025-12-09,14:15:54.787986,1765286154.787986,s,322.020042,s,54.0,°C
2025-12-09,14:15:55.053116,1765286155.053116,s,322.285172,s,54.0,°C
2025-12-09,14:15:55.288277,1765286155.288277,s,322.520333,s,54.0,°C
2025-12-09,14:15:55.553399,1765286155.553399,s,322.785455,s,54.0,°C
2025-12-09,14:15:55.788601,1765286155.788601,s,323.020657,s,54.0,°C
2025-12-09,14:15:56.053927,1765286156.053927,s,323.285983,s,54.0,°C
2025-12-09,14:15:56.288985,1765286156.288985,s,323.521041,s,54.0,°C
2025-12-09,14:15:56.554414,1765286156.554414,s,323.78647,s,54.0,°C
2025-12-09,14:15:56.789511,1765286156.789511,s,324.021567,s,54.0,°C
2025-12-09,14:15:57.054914,1765286157.054914,s,324.28697,s,54.0,°C
2025-12-09,14:15:57.289890,1765286157.28989,s,324.521946,s,54.0,°C
2025-12-09,14:15:57.555383,1765286157.555383,s,324.787439,s,54.0,°C
2025-12-09,14:15:57.790265,1765286157.790265,s,325.022321,s,54.0,°C
2025-12-09,14:15:58.055883,1765286158.055883,s,325.287939,s,54.0,°C
2025-12-09,14:15:58.290804,1765286158.290804,s,325.52286,s,54.0,°C
2025-12-09,14:15:58.556168,1765286158.556168,s,325.788224,s,54.0,°C
2025-12-09,14:15:58.791325,1765286158.791325,s,326.023381,s,54.0,°C
2025-12-09,14:15:59.056453,1765286159.056453,s,326.288509,s,54.0,°C
2025-12-09,14:15:59.291765,1765286159.291765,s,326.523821,s,54.0,°C
2025-12-09,14:15:59.556836,1765286159.556836,s,326.788892,s,54.0,°C
2025-12-09,14:15:59.792153,1765286159.792153,s,327.024209,s,54.0,°C
2025-12-09,14:16:00.057146,1765286160.057146,s,327.289202,s,54.0,°C
2025-12-09,14:16:00.292697,1765286160.292697,s,327.524753,s,54.0,°C
2025-12-09,14:16:00.557633,1765286160.557633,s,327.789689,s,54.0,°C
2025-12-09,14:16:00.793180,1765286160.79318,s,328.025236,s,54.0,°C
2025-12-09,14:16:01.058008,1765286161.058008,s,328.290064,s,54.0,°C
2025-12-09,14:16:01.293617,1765286161.293617,s,328.525673,s,54.0,°C
2025-12-09,14:16:01.558555,1765286161.558555,s,328.790611,s,54.0,°C
2025-12-09,14:16:01.794137,1765286161.794137,s,329.026193,s,54.0,°C
2025-12-09,14:16:02.058937,1765286162.058937,s,329.290993,s,54.0,°C
2025-12-09,14:16:02.294463,1765286162.294463,s,329.526519,s,54.0,°C
2025-12-09,14:16:02.559390,1765286162.55939,s,329.791446,s,54.0,°C
2025-12-09,14:16:02.794930,1765286162.79493,s,330.026986,s,54.0,°C
2025-12-09,14:16:03.059866,1765286163.059866,s,330.291922,s,54.0,°C
2025-12-09,14:16:03.295376,1765286163.295376,s,330.527432,s,54.0,°C
2025-12-09,14:16:03.560219,1765286163.560219,s,330.792275,s,54.0,°C
2025-12-09,14:16:03.795838,1765286163.795838,s,331.027894,s,54.0,°C
2025-12-09,14:16:04.060456,1765286164.060456,s,331.292512,s,54.0,°C
2025-12-09,14:16:04.296283,1765286164.296283,s,331.528339,s,54.0,°C
2025-12-09,14:16:04.560882,1765286164.560882,s,331.792938,s,54.0,°C
2025-12-09,14:16:04.796554,1765286164.796554,s,332.02861,s,54.0,°C
2025-12-09,14:16:05.061257,1765286165.061257,s,332.293313,s,54.0,°C
2025-12-09,14:16:05.296914,1765286165.296914,s,332.52897,s,54.0,°C
2025-12-09,14:16:05.561684,1765286165.561684,s,332.79374,s,54.0,°C
2025-12-09,14:16:05.797227,1765286165.797227,s,333.029283,s,54.0,°C
2025-12-09,14:16:06.062150,1765286166.06215,s,333.294206,s,54.0,°C
2025-12-09,14:16:06.297601,1765286166.297601,s,333.529657,s,54.0,°C
2025-12-09,14:16:06.562418,1765286166.562418,s,333.794474,s,54.0,°C
2025-12-09,14:16:06.798005,1765286166.798005,s,334.030061,s,54.0,°C
2025-12-09,14:16:07.062936,1765286167.062936,s,334.294992,s,54.0,°C
2025-12-09,14:16:07.298277,1765286167.298277,s,334.530333,s,54.0,°C
2025-12-09,14:16:07.563535,1765286167.563535,s,334.795591,s,54.0,°C
2025-12-09,14:16:07.798664,1765286167.798664,s,335.03072,s,54.0,°C
2025-12-09,14:16:08.064068,1765286168.064068,s,335.296124,s,54.0,°C
2025-12-09,14:16:08.299021,1765286168.299021,s,335.531077,s,54.0,°C
2025-12-09,14:16:08.564547,1765286168.564547,s,335.796603,s,54.0,°C
2025-12-09,14:16:08.799276,1765286168.799276,s,336.031332,s,54.0,°C
2025-12-09,14:16:09.064853,1765286169.064853,s,336.296909,s,54.0,°C
2025-12-09,14:16:09.299651,1765286169.299651,s,336.531707,s,54.0,°C
2025-12-09,14:16:09.565382,1765286169.565382,s,336.797438,s,54.0,°C
2025-12-09,14:16:09.800071,1765286169.800071,s,337.032127,s,54.0,°C
2025-12-09,14:16:10.065823,1765286170.065823,s,337.297879,s,54.0,°C
2025-12-09,14:16:10.300649,1765286170.300649,s,337.532705,s,54.0,°C
2025-12-09,14:16:10.566271,1765286170.566271,s,337.798327,s,54.0,°C
2025-12-09,14:16:10.801175,1765286170.801175,s,338.033231,s,54.0,°C
2025-12-09,14:16:11.066788,1765286171.066788,s,338.298844,s,54.0,°C
2025-12-09,14:16:11.301650,1765286171.30165,s,338.533706,s,54.0,°C
2025-12-09,14:16:11.567417,1765286171.567417,s,338.799473,s,54.0,°C
2025-12-09,14:16:11.802122,1765286171.802122,s,339.034178,s,54.0,°C
2025-12-09,14:16:12.067922,1765286172.067922,s,339.299978,s,54.0,°C
2025-12-09,14:16:12.302648,1765286172.302648,s,339.534704,s,54.0,°C
2025-12-09,14:16:12.568314,1765286172.568314,s,339.80037,s,54.0,°C
2025-12-09,14:16:12.803099,1765286172.803099,s,340.035155,s,54.0,°C
2025-12-09,14:16:13.068736,1765286173.068736,s,340.300792,s,54.0,°C
2025-12-09,14:16:13.303687,1765286173.303687,s,340.535743,s,54.0,°C
2025-12-09,14:16:13.569162,1765286173.569162,s,340.801218,s,54.0,°C
2025-12-09,14:16:13.804233,1765286173.804233,s,341.036289,s,54.0,°C
2025-12-09,14:16:14.069580,1765286174.06958,s,341.301636,s,54.0,°C
2025-12-09,14:16:14.304715,1765286174.304715,s,341.536771,s,54.0,°C
2025-12-09,14:16:14.569851,1765286174.569851,s,341.801907,s,54.0,°C
2025-12-09,14:16:14.805143,1765286174.805143,s,342.037199,s,54.0,°C
2025-12-09,14:16:15.070142,1765286175.070142,s,342.302198,s,54.0,°C
2025-12-09,14:16:15.305628,1765286175.305628,s,342.537684,s,54.0,°C
2025-12-09,14:16:15.570514,1765286175.570514,s,342.80257,s,54.0,°C
2025-12-09,14:16:15.806008,1765286175.806008,s,343.038064,s,54.0,°C
2025-12-09,14:16:16.070812,1765286176.070812,s,343.302868,s,54.0,°C
2025-12-09,14:16:16.306474,1765286176.306474,s,343.53853,s,54.0,°C
2025-12-09,14:16:16.571165,1765286176.571165,s,343.803221,s,54.0,°C
2025-12-09,14:16:16.806880,1765286176.80688,s,344.038936,s,54.0,°C
2025-12-09,14:16:17.071567,1765286177.071567,s,344.303623,s,54.0,°C
2025-12-09,14:16:17.307365,1765286177.307365,s,344.539421,s,54.0,°C
2025-12-09,14:16:17.572000,1765286177.572,s,344.804056,s,54.0,°C
2025-12-09,14:16:17.807855,1765286177.807855,s,345.039911,s,54.0,°C
2025-12-09,14:16:18.072235,1765286178.072235,s,345.304291,s,54.0,°C
2025-12-09,14:16:18.308307,1765286178.308307,s,345.540363,s,54.0,°C
2025-12-09,14:16:18.572486,1765286178.572486,s,345.804542,s,54.0,°C
2025-12-09,14:16:18.808680,1765286178.80868,s,346.040736,s,54.0,°C
2025-12-09,14:16:19.072837,1765286179.072837,s,346.304893,s,54.0,°C
2025-12-09,14:16:19.309061,1765286179.309061,s,346.541117,s,54.0,°C
2025-12-09,14:16:19.573296,1765286179.573296,s,346.805352,s,54.0,°C
2025-12-09,14:16:19.809343,1765286179.809343,s,347.041399,s,54.0,°C
2025-12-09,14:16:20.073859,1765286180.073859,s,347.305915,s,54.0,°C
2025-12-09,14:16:20.309713,1765286180.309713,s,347.541769,s,54.0,°C
2025-12-09,14:16:20.574336,1765286180.574336,s,347.806392,s,54.0,°C
2025-12-09,14:16:20.810074,1765286180.810074,s,348.04213,s,54.0,°C
2025-12-09,14:16:21.074795,1765286181.074795,s,348.306851,s,54.0,°C
2025-12-09,14:16:21.310389,1765286181.310389,s,348.542445,s,54.0,°C
2025-12-09,14:16:21.575307,1765286181.575307,s,348.807363,s,54.0,°C
2025-12-09,14:16:21.810784,1765286181.810784,s,349.04284,s,54.0,°C
2025-12-09,14:16:22.075864,1765286182.075864,s,349.30792,s,54.0,°C
2025-12-09,14:16:22.311154,1765286182.311154,s,349.54321,s,54.0,°C
2025-12-09,14:16:22.576330,1765286182.57633,s,349.808386,s,54.0,°C
2025-12-09,14:16:22.811389,1765286182.811389,s,350.043445,s,54.0,°C
2025-12-09,14:16:23.076867,1765286183.076867,s,350.308923,s,54.0,°C
2025-12-09,14:16:23.311832,1765286183.311832,s,350.543888,s,54.0,°C
2025-12-09,14:16:23.577311,1765286183.577311,s,350.809367,s,54.0,°C
2025-12-09,14:16:23.812322,1765286183.812322,s,351.044378,s,54.0,°C
2025-12-09,14:16:24.077801,1765286184.077801,s,351.309857,s,54.0,°C
2025-12-09,14:16:24.312682,1765286184.312682,s,351.544738,s,54.0,°C
2025-12-09,14:16:24.578342,1765286184.578342,s,351.810398,s,54.0,°C
2025-12-09,14:16:24.812955,1765286184.812955,s,352.045011,s,54.0,°C
2025-12-09,14:16:25.078727,1765286185.078727,s,352.310783,s,54.0,°C
2025-12-09,14:16:25.313240,1765286185.31324,s,352.545296,s,54.0,°C
2025-12-09,14:16:25.579214,1765286185.579214,s,352.81127,s,54.0,°C
2025-12-09,14:16:25.813682,1765286185.813682,s,353.045738,s,54.0,°C
2025-12-09,14:16:26.079707,1765286186.079707,s,353.311763,s,54.0,°C
2025-12-09,14:16:26.314197,1765286186.314197,s,353.546253,s,54.0,°C
2025-12-09,14:16:26.580104,1765286186.580104,s,353.81216,s,54.0,°C
2025-12-09,14:16:26.814678,1765286186.814678,s,354.046734,s,54.0,°C
2025-12-09,14:16:27.080522,1765286187.080522,s,354.312578,s,54.0,°C
2025-12-09,14:16:27.315189,1765286187.315189,s,354.547245,s,54.0,°C
2025-12-09,14:16:27.580895,1765286187.580895,s,354.812951,s,54.0,°C
2025-12-09,14:16:27.815614,1765286187.815614,s,355.04767,s,54.0,°C
2025-12-09,14:16:28.081239,1765286188.081239,s,355.313295,s,54.0,°C
2025-12-09,14:16:28.316172,1765286188.316172,s,355.548228,s,54.0,°C
2025-12-09,14:16:28.581516,1765286188.581516,s,355.813572,s,54.0,°C
2025-12-09,14:16:28.816672,1765286188.816672,s,356.048728,s,54.0,°C
2025-12-09,14:16:29.081863,1765286189.081863,s,356.313919,s,54.0,°C
2025-12-09,14:16:29.317012,1765286189.317012,s,356.549068,s,54.0,°C
2025-12-09,14:16:29.582260,1765286189.58226,s,356.814316,s,54.0,°C
2025-12-09,14:16:29.817427,1765286189.817427,s,357.049483,s,54.0,°C
2025-12-09,14:16:30.082642,1765286190.082642,s,357.314698,s,54.0,°C
2025-12-09,14:16:30.317809,1765286190.317809,s,357.549865,s,54.0,°C
2025-12-09,14:16:30.583026,1765286190.583026,s,357.815082,s,54.0,°C
2025-12-09,14:16:30.818257,1765286190.818257,s,358.050313,s,54.0,°C
2025-12-09,14:16:31.083362,1765286191.083362,s,358.315418,s,54.0,°C
2025-12-09,14:16:31.318708,1765286191.318708,s,358.550764,s,54.0,°C
2025-12-09,14:16:31.583708,1765286191.583708,s,358.815764,s,54.0,°C
2025-12-09,14:16:31.819156,1765286191.819156,s,359.051212,s,54.0,°C
2025-12-09,14:16:32.084238,1765286192.084238,s,359.316294,s,54.0,°C
2025-12-09,14:16:32.319432,1765286192.319432,s,359.551488,s,54.0,°C
2025-12-09,14:16:32.584809,1765286192.584809,s,359.816865,s,54.0,°C
2025-12-09,14:16:32.819799,1765286192.819799,s,360.051855,s,54.0,°C
2025-12-09,14:16:33.085300,1765286193.0853,s,360.317356,s,54.0,°C
2025-12-09,14:16:33.320176,1765286193.320176,s,360.552232,s,54.0,°C
2025-12-09,14:16:33.585787,1765286193.585787,s,360.817843,s,54.0,°C
2025-12-09,14:16:33.820537,1765286193.820537,s,361.052593,s,54.0,°C
2025-12-09,14:16:34.086163,1765286194.086163,s,361.318219,s,54.0,°C
2025-12-09,14:16:34.320900,1765286194.3209,s,361.552956,s,54.0,°C
2025-12-09,14:16:34.586696,1765286194.586696,s,361.818752,s,54.0,°C
2025-12-09,14:16:34.821209,1765286194.821209,s,362.053265,s,54.0,°C
2025-12-09,14:16:35.087141,1765286195.087141,s,362.319197,s,54.0,°C
2025-12-09,14:16:35.321570,1765286195.32157,s,362.553626,s,54.0,°C
2025-12-09,14:16:35.587553,1765286195.587553,s,362.819609,s,54.0,°C
2025-12-09,14:16:35.821987,1765286195.821987,s,363.054043,s,54.0,°C
2025-12-09,14:16:36.088084,1765286196.088084,s,363.32014,s,54.0,°C
2025-12-09,14:16:36.322251,1765286196.322251,s,363.554307,s,54.0,°C
2025-12-09,14:16:36.588369,1765286196.588369,s,363.820425,s,54.0,°C
2025-12-09,14:16:36.822692,1765286196.822692,s,364.054748,s,54.0,°C
2025-12-09,14:16:37.088847,1765286197.088847,s,364.320903,s,54.0,°C
2025-12-09,14:16:37.323185,1765286197.323185,s,364.555241,s,54.0,°C
2025-12-09,14:16:37.589345,1765286197.589345,s,364.821401,s,54.0,°C
2025-12-09,14:16:37.823719,1765286197.823719,s,365.055775,s,54.0,°C
2025-12-09,14:16:38.089757,1765286198.089757,s,365.321813,s,54.0,°C
2025-12-09,14:16:38.324256,1765286198.324256,s,365.556312,s,54.0,°C
2025-12-09,14:16:38.590211,1765286198.590211,s,365.822267,s,54.0,°C
2025-12-09,14:16:38.824723,1765286198.824723,s,366.056779,s,54.0,°C
2025-12-09,14:16:39.090621,1765286199.090621,s,366.322677,s,54.0,°C
2025-12-09,14:16:39.325198,1765286199.325198,s,366.557254,s,54.0,°C
2025-12-09,14:16:39.591010,1765286199.59101,s,366.823066,s,54.0,°C
2025-12-09,14:16:39.825699,1765286199.825699,s,367.057755,s,54.0,°C
2025-12-09,14:16:40.091407,1765286200.091407,s,367.323463,s,54.0,°C
2025-12-09,14:16:40.326209,1765286200.326209,s,367.558265,s,54.0,°C
2025-12-09,14:16:40.591682,1765286200.591682,s,367.823738,s,54.0,°C
2025-12-09,14:16:40.826735,1765286200.826735,s,368.058791,s,54.0,°C
2025-12-09,14:16:41.091969,1765286201.091969,s,368.324025,s,54.0,°C
2025-12-09,14:16:41.327176,1765286201.327176,s,368.559232,s,54.0,°C
2025-12-09,14:16:41.592448,1765286201.592448,s,368.824504,s,54.0,°C
2025-12-09,14:16:41.827718,1765286201.827718,s,369.059774,s,54.0,°C
2025-12-09,14:16:42.092865,1765286202.092865,s,369.324921,s,54.0,°C
2025-12-09,14:16:42.328185,1765286202.328185,s,369.560241,s,54.0,°C
2025-12-09,14:16:42.593223,1765286202.593223,s,369.825279,s,54.0,°C
2025-12-09,14:16:42.828717,1765286202.828717,s,370.060773,s,54.0,°C
2025-12-09,14:16:43.093568,1765286203.093568,s,370.325624,s,54.0,°C
2025-12-09,14:16:43.329150,1765286203.32915,s,370.561206,s,54.0,°C
2025-12-09,14:16:43.593929,1765286203.593929,s,370.825985,s,54.0,°C
2025-12-09,14:16:43.829601,1765286203.829601,s,371.061657,s,54.0,°C
2025-12-09,14:16:44.094235,1765286204.094235,s,371.326291,s,54.0,°C
2025-12-09,14:16:44.330053,1765286204.330053,s,371.562109,s,54.0,°C
2025-12-09,14:16:44.594698,1765286204.594698,s,371.826754,s,54.0,°C
2025-12-09,14:16:44.830512,1765286204.830512,s,372.062568,s,54.0,°C
2025-12-09,14:16:45.095158,1765286205.095158,s,372.327214,s,54.0,°C
2025-12-09,14:16:45.330926,1765286205.330926,s,372.562982,s,54.0,°C
2025-12-09,14:16:45.595441,1765286205.595441,s,372.827497,s,54.0,°C
2025-12-09,14:16:45.831366,1765286205.831366,s,373.063422,s,54.0,°C
2025-12-09,14:16:46.095960,1765286206.09596,s,373.328016,s,54.0,°C
2025-12-09,14:16:46.331752,1765286206.331752,s,373.563808,s,54.0,°C
2025-12-09,14:16:46.596521,1765286206.596521,s,373.828577,s,54.0,°C
2025-12-09,14:16:46.832116,1765286206.832116,s,374.064172,s,54.0,°C
2025-12-09,14:16:47.096942,1765286207.096942,s,374.328998,s,54.0,°C
2025-12-09,14:16:47.332382,1765286207.332382,s,374.564438,s,54.0,°C
2025-12-09,14:16:47.597488,1765286207.597488,s,374.829544,s,54.0,°C
2025-12-09,14:16:47.832752,1765286207.832752,s,375.064808,s,54.0,°C
2025-12-09,14:16:48.097967,1765286208.097967,s,375.330023,s,54.0,°C
2025-12-09,14:16:48.333163,1765286208.333163,s,375.565219,s,54.0,°C
2025-12-09,14:16:48.599445,1765286208.599445,s,375.831501,s,54.0,°C
2025-12-09,14:16:48.833612,1765286208.833612,s,376.065668,s,54.0,°C
2025-12-09,14:16:49.099825,1765286209.099825,s,376.331881,s,54.0,°C
2025-12-09,14:16:49.333996,1765286209.333996,s,376.566052,s,54.0,°C
2025-12-09,14:16:49.600288,1765286209.600288,s,376.832344,s,54.0,°C
2025-12-09,14:16:49.834317,1765286209.834317,s,377.066373,s,54.0,°C
2025-12-09,14:16:50.100678,1765286210.100678,s,377.332734,s,54.0,°C
2025-12-09,14:16:50.334815,1765286210.334815,s,377.566871,s,54.0,°C
2025-12-09,14:16:50.601217,1765286210.601217,s,377.833273,s,54.0,°C
2025-12-09,14:16:50.835276,1765286210.835276,s,378.067332,s,54.0,°C
2025-12-09,14:16:51.101660,1765286211.10166,s,378.333716,s,54.0,°C
2025-12-09,14:16:51.335743,1765286211.335743,s,378.567799,s,54.0,°C
2025-12-09,14:16:51.602059,1765286211.602059,s,378.834115,s,54.0,°C
2025-12-09,14:16:51.836225,1765286211.836225,s,379.068281,s,54.0,°C
2025-12-09,14:16:52.102560,1765286212.10256,s,379.334616,s,54.0,°C
2025-12-09,14:16:52.336609,1765286212.336609,s,379.568665,s,54.0,°C
2025-12-09,14:16:52.602962,1765286212.602962,s,379.835018,s,54.0,°C
2025-12-09,14:16:52.837127,1765286212.837127,s,380.069183,s,54.0,°C
2025-12-09,14:16:53.103477,1765286213.103477,s,380.335533,s,54.0,°C
2025-12-09,14:16:53.337409,1765286213.337409,s,380.569465,s,54.0,°C
2025-12-09,14:16:53.603906,1765286213.603906,s,380.835962,s,54.0,°C
2025-12-09,14:16:53.837797,1765286213.837797,s,381.069853,s,54.0,°C
2025-12-09,14:16:54.104265,1765286214.104265,s,381.336321,s,54.0,°C
2025-12-09,14:16:54.338310,1765286214.33831,s,381.570366,s,54.0,°C
2025-12-09,14:16:54.604738,1765286214.604738,s,381.836794,s,54.0,°C
2025-12-09,14:16:54.838803,1765286214.838803,s,382.070859,s,54.0,°C
2025-12-09,14:16:55.105240,1765286215.10524,s,382.337296,s,54.0,°C
2025-12-09,14:16:55.339290,1765286215.33929,s,382.571346,s,54.0,°C
2025-12-09,14:16:55.605648,1765286215.605648,s,382.837704,s,54.0,°C
2025-12-09,14:16:55.839673,1765286215.839673,s,383.071729,s,54.0,°C
2025-12-09,14:16:56.106014,1765286216.106014,s,383.33807,s,54.0,°C
2025-12-09,14:16:56.340145,1765286216.340145,s,383.572201,s,54.0,°C
2025-12-09,14:16:56.606296,1765286216.606296,s,383.838352,s,54.0,°C
2025-12-09,14:16:56.840619,1765286216.840619,s,384.072675,s,54.0,°C
2025-12-09,14:16:57.106660,1765286217.10666,s,384.338716,s,54.0,°C
2025-12-09,14:16:57.341141,1765286217.341141,s,384.573197,s,54.0,°C
2025-12-09,14:16:57.607018,1765286217.607018,s,384.839074,s,54.0,°C
2025-12-09,14:16:57.841687,1765286217.841687,s,385.073743,s,54.0,°C
2025-12-09,14:16:58.107302,1765286218.107302,s,385.339358,s,54.0,°C
2025-12-09,14:16:58.342041,1765286218.342041,s,385.574097,s,54.0,°C
2025-12-09,14:16:58.607667,1765286218.607667,s,385.839723,s,54.0,°C
2025-12-09,14:16:58.842306,1765286218.842306,s,386.074362,s,54.0,°C
2025-12-09,14:16:59.108033,1765286219.108033,s,386.340089,s,54.0,°C
2025-12-09,14:16:59.342753,1765286219.342753,s,386.574809,s,54.0,°C
2025-12-09,14:16:59.608310,1765286219.60831,s,386.840366,s,54.0,°C
2025-12-09,14:16:59.843130,1765286219.84313,s,387.075186,s,54.0,°C
2025-12-09,14:17:00.108688,1765286220.108688,s,387.340744,s,54.0,°C
2025-12-09,14:17:00.343421,1765286220.343421,s,387.575477,s,54.0,°C
2025-12-09,14:17:00.609180,1765286220.60918,s,387.841236,s,54.0,°C
2025-12-09,14:17:00.843813,1765286220.843813,s,388.075869,s,54.0,°C
2025-12-09,14:17:01.109492,1765286221.109492,s,388.341548,s,54.0,°C
2025-12-09,14:17:01.344192,1765286221.344192,s,388.576248,s,54.0,°C
2025-12-09,14:17:01.610157,1765286221.610157,s,388.842213,s,54.0,°C
2025-12-09,14:17:01.844495,1765286221.844495,s,389.076551,s,54.0,°C
2025-12-09,14:17:02.110633,1765286222.110633,s,389.342689,s,54.0,°C
2025-12-09,14:17:02.344864,1765286222.344864,s,389.57692,s,54.0,°C
2025-12-09,14:17:02.611136,1765286222.611136,s,389.843192,s,54.0,°C
2025-12-09,14:17:02.845225,1765286222.845225,s,390.077281,s,54.0,°C
2025-12-09,14:17:03.111664,1765286223.111664,s,390.34372,s,54.0,°C
2025-12-09,14:17:03.345613,1765286223.345613,s,390.577669,s,54.0,°C
2025-12-09,14:17:03.612150,1765286223.61215,s,390.844206,s,54.0,°C
2025-12-09,14:17:03.845983,1765286223.845983,s,391.078039,s,54.0,°C
2025-12-09,14:17:04.112686,1765286224.112686,s,391.344742,s,54.0,°C
2025-12-09,14:17:04.346246,1765286224.346246,s,391.578302,s,54.0,°C
2025-12-09,14:17:04.613138,1765286224.613138,s,391.845194,s,54.0,°C
2025-12-09,14:17:04.846588,1765286224.846588,s,392.078644,s,54.0,°C
2025-12-09,14:17:05.113450,1765286225.11345,s,392.345506,s,54.0,°C
2025-12-09,14:17:05.347232,1765286225.347232,s,392.579288,s,54.0,°C
2025-12-09,14:17:05.613840,1765286225.61384,s,392.845896,s,54.0,°C
2025-12-09,14:17:05.847681,1765286225.847681,s,393.079737,s,54.0,°C
2025-12-09,14:17:06.114248,1765286226.114248,s,393.346304,s,54.0,°C
2025-12-09,14:17:06.348295,1765286226.348295,s,393.580351,s,54.0,°C
2025-12-09,14:17:06.614634,1765286226.614634,s,393.84669,s,54.0,°C
2025-12-09,14:17:06.848747,1765286226.848747,s,394.080803,s,54.0,°C
2025-12-09,14:17:07.115034,1765286227.115034,s,394.34709,s,54.0,°C
2025-12-09,14:17:07.349195,1765286227.349195,s,394.581251,s,54.0,°C
2025-12-09,14:17:07.615315,1765286227.615315,s,394.847371,s,54.0,°C
2025-12-09,14:17:07.849473,1765286227.849473,s,395.081529,s,54.0,°C
2025-12-09,14:17:08.115775,1765286228.115775,s,395.347831,s,54.0,°C
2025-12-09,14:17:08.349921,1765286228.349921,s,395.581977,s,54.0,°C
2025-12-09,14:17:08.616244,1765286228.616244,s,395.8483,s,54.0,°C
2025-12-09,14:17:08.850256,1765286228.850256,s,396.082312,s,54.0,°C
2025-12-09,14:17:09.116749,1765286229.116749,s,396.348805,s,54.0,°C
2025-12-09,14:17:09.350635,1765286229.350635,s,396.582691,s,54.0,°C
2025-12-09,14:17:09.617135,1765286229.617135,s,396.849191,s,54.0,°C
2025-12-09,14:17:09.851182,1765286229.851182,s,397.083238,s,54.0,°C
2025-12-09,14:17:10.117609,1765286230.117609,s,397.349665,s,54.0,°C
2025-12-09,14:17:10.351701,1765286230.351701,s,397.583757,s,54.0,°C
2025-12-09,14:17:10.617992,1765286230.617992,s,397.850048,s,54.0,°C
2025-12-09,14:17:10.852172,1765286230.852172,s,398.084228,s,54.0,°C
2025-12-09,14:17:11.118310,1765286231.11831,s,398.350366,s,54.0,°C
2025-12-09,14:17:11.352683,1765286231.352683,s,398.584739,s,54.0,°C
2025-12-09,14:17:11.618690,1765286231.61869,s,398.850746,s,54.0,°C
2025-12-09,14:17:11.853207,1765286231.853207,s,399.085263,s,54.0,°C
2025-12-09,14:17:12.119061,1765286232.119061,s,399.351117,s,54.0,°C
2025-12-09,14:17:12.353518,1765286232.353518,s,399.585574,s,54.0,°C
2025-12-09,14:17:12.619339,1765286232.619339,s,399.851395,s,54.0,°C
2025-12-09,14:17:12.854028,1765286232.854028,s,400.086084,s,54.0,°C
2025-12-09,14:17:13.119723,1765286233.119723,s,400.351779,s,54.0,°C
2025-12-09,14:17:13.354677,1765286233.354677,s,400.586733,s,54.0,°C
2025-12-09,14:17:13.620116,1765286233.620116,s,400.852172,s,54.0,°C
2025-12-09,14:17:13.855124,1765286233.855124,s,401.08718,s,54.0,°C
2025-12-09,14:17:14.120360,1765286234.12036,s,401.352416,s,54.0,°C
2025-12-09,14:17:14.355579,1765286234.355579,s,401.587635,s,54.0,°C
2025-12-09,14:17:14.620833,1765286234.620833,s,401.852889,s,54.0,°C
2025-12-09,14:17:14.856054,1765286234.856054,s,402.08811,s,54.0,°C
2025-12-09,14:17:15.121362,1765286235.121362,s,402.353418,s,54.0,°C
2025-12-09,14:17:15.356339,1765286235.356339,s,402.588395,s,54.0,°C
2025-12-09,14:17:15.621902,1765286235.621902,s,402.853958,s,54.0,°C
2025-12-09,14:17:15.856731,1765286235.856731,s,403.088787,s,54.0,°C
2025-12-09,14:17:16.122247,1765286236.122247,s,403.354303,s,54.0,°C
2025-12-09,14:17:16.357099,1765286236.357099,s,403.589155,s,54.0,°C
2025-12-09,14:17:16.622693,1765286236.622693,s,403.854749,s,54.0,°C
2025-12-09,14:17:16.857408,1765286236.857408,s,404.089464,s,54.0,°C
2025-12-09,14:17:17.123232,1765286237.123232,s,404.355288,s,54.0,°C
2025-12-09,14:17:17.357791,1765286237.357791,s,404.589847,s,54.0,°C
2025-12-09,14:17:17.623742,1765286237.623742,s,404.855798,s,54.0,°C
2025-12-09,14:17:17.858180,1765286237.85818,s,405.090236,s,54.0,°C
2025-12-09,14:17:18.124321,1765286238.124321,s,405.356377,s,54.0,°C
2025-12-09,14:17:18.358459,1765286238.358459,s,405.590515,s,54.0,°C
2025-12-09,14:17:18.624840,1765286238.62484,s,405.856896,s,54.0,°C
2025-12-09,14:17:18.858816,1765286238.858816,s,406.090872,s,54.0,°C
2025-12-09,14:17:19.125398,1765286239.125398,s,406.357454,s,54.0,°C
2025-12-09,14:17:19.359185,1765286239.359185,s,406.591241,s,54.0,°C
2025-12-09,14:17:19.625899,1765286239.625899,s,406.857955,s,54.0,°C
2025-12-09,14:17:19.859654,1765286239.859654,s,407.09171,s,54.0,°C
2025-12-09,14:17:20.126392,1765286240.126392,s,407.358448,s,54.0,°C
2025-12-09,14:17:20.360214,1765286240.360214,s,407.59227,s,54.0,°C
2025-12-09,14:17:20.626874,1765286240.626874,s,407.85893,s,54.0,°C
2025-12-09,14:17:20.860734,1765286240.860734,s,408.09279,s,54.0,°C
2025-12-09,14:17:21.127380,1765286241.12738,s,408.359436,s,54.0,°C
2025-12-09,14:17:21.361189,1765286241.361189,s,408.593245,s,54.0,°C
2025-12-09,14:17:21.627845,1765286241.627845,s,408.859901,s,54.0,°C
2025-12-09,14:17:21.861679,1765286241.861679,s,409.093735,s,54.0,°C
2025-12-09,14:17:22.128361,1765286242.128361,s,409.360417,s,54.0,°C
2025-12-09,14:17:22.361982,1765286242.361982,s,409.594038,s,54.0,°C
2025-12-09,14:17:22.628863,1765286242.628863,s,409.860919,s,54.0,°C
2025-12-09,14:17:22.862502,1765286242.862502,s,410.094558,s,54.0,°C
2025-12-09,14:17:23.129368,1765286243.129368,s,410.361424,s,54.0,°C
2025-12-09,14:17:23.362947,1765286243.362947,s,410.595003,s,54.0,°C
2025-12-09,14:17:23.629788,1765286243.629788,s,410.861844,s,54.0,°C
2025-12-09,14:17:23.863451,1765286243.863451,s,411.095507,s,54.0,°C
2025-12-09,14:17:24.130233,1765286244.130233,s,411.362289,s,54.0,°C
2025-12-09,14:17:24.363965,1765286244.363965,s,411.596021,s,54.0,°C
2025-12-09,14:17:24.630670,1765286244.63067,s,411.862726,s,54.0,°C
2025-12-09,14:17:24.864475,1765286244.864475,s,412.096531,s,54.0,°C
2025-12-09,14:17:25.131026,1765286245.131026,s,412.363082,s,54.0,°C
2025-12-09,14:17:25.365022,1765286245.365022,s,412.597078,s,54.0,°C
2025-12-09,14:17:25.631302,1765286245.631302,s,412.863358,s,54.0,°C
2025-12-09,14:17:25.865538,1765286245.865538,s,413.097594,s,54.0,°C
2025-12-09,14:17:26.131667,1765286246.131667,s,413.363723,s,54.0,°C
2025-12-09,14:17:26.365937,1765286246.365937,s,413.597993,s,54.0,°C
2025-12-09,14:17:26.632045,1765286246.632045,s,413.864101,s,54.0,°C
2025-12-09,14:17:26.866242,1765286246.866242,s,414.098298,s,54.0,°C
2025-12-09,14:17:27.132305,1765286247.132305,s,414.364361,s,54.0,°C
2025-12-09,14:17:27.366699,1765286247.366699,s,414.598755,s,54.0,°C
2025-12-09,14:17:27.632690,1765286247.63269,s,414.864746,s,54.0,°C
2025-12-09,14:17:27.867161,1765286247.867161,s,415.099217,s,54.0,°C
2025-12-09,14:17:28.133075,1765286248.133075,s,415.365131,s,54.0,°C
2025-12-09,14:17:28.367609,1765286248.367609,s,415.599665,s,54.0,°C
2025-12-09,14:17:28.633367,1765286248.633367,s,415.865423,s,54.0,°C
2025-12-09,14:17:28.868060,1765286248.86806,s,416.100116,s,54.0,°C
2025-12-09,14:17:29.133705,1765286249.133705,s,416.365761,s,54.0,°C
2025-12-09,14:17:29.368532,1765286249.368532,s,416.600588,s,54.0,°C
2025-12-09,14:17:29.633993,1765286249.633993,s,416.866049,s,54.0,°C
2025-12-09,14:17:29.868904,1765286249.868904,s,417.10096,s,54.0,°C
2025-12-09,14:17:30.134414,1765286250.134414,s,417.36647,s,54.0,°C
2025-12-09,14:17:30.369237,1765286250.369237,s,417.601293,s,54.0,°C
2025-12-09,14:17:30.634829,1765286250.634829,s,417.866885,s,54.0,°C
2025-12-09,14:17:30.869604,1765286250.869604,s,418.10166,s,54.0,°C
2025-12-09,14:17:31.135387,1765286251.135387,s,418.367443,s,54.0,°C
2025-12-09,14:17:31.369876,1765286251.369876,s,418.601932,s,54.0,°C
2025-12-09,14:17:31.635937,1765286251.635937,s,418.867993,s,54.0,°C
2025-12-09,14:17:31.870229,1765286251.870229,s,419.102285,s,54.0,°C
2025-12-09,14:17:32.136420,1765286252.13642,s,419.368476,s,54.0,°C
2025-12-09,14:17:32.370594,1765286252.370594,s,419.60265,s,54.0,°C
2025-12-09,14:17:32.636881,1765286252.636881,s,419.868937,s,54.0,°C
2025-12-09,14:17:32.870974,1765286252.870974,s,420.10303,s,54.0,°C
2025-12-09,14:17:33.143324,1765286253.143324,s,420.37538,s,54.0,°C
2025-12-09,14:17:33.371236,1765286253.371236,s,420.603292,s,54.0,°C
2025-12-09,14:17:33.643776,1765286253.643776,s,420.875832,s,54.0,°C
2025-12-09,14:17:33.871753,1765286253.871753,s,421.103809,s,54.0,°C
2025-12-09,14:17:34.144168,1765286254.144168,s,421.376224,s,54.0,°C
2025-12-09,14:17:34.372272,1765286254.372272,s,421.604328,s,54.0,°C
2025-12-09,14:17:34.644641,1765286254.644641,s,421.876697,s,54.0,°C
2025-12-09,14:17:34.872733,1765286254.872733,s,422.104789,s,54.0,°C
2025-12-09,14:17:35.145134,1765286255.145134,s,422.37719,s,54.0,°C
2025-12-09,14:17:35.373036,1765286255.373036,s,422.605092,s,54.0,°C
2025-12-09,14:17:35.645410,1765286255.64541,s,422.877466,s,54.0,°C
2025-12-09,14:17:35.873623,1765286255.873623,s,423.105679,s,54.0,°C
2025-12-09,14:17:36.145988,1765286256.145988,s,423.378044,s,54.0,°C
2025-12-09,14:17:36.374175,1765286256.374175,s,423.606231,s,54.0,°C
2025-12-09,14:17:36.646344,1765286256.646344,s,423.8784,s,54.0,°C
2025-12-09,14:17:36.874464,1765286256.874464,s,424.10652,s,54.0,°C
2025-12-09,14:17:37.146834,1765286257.146834,s,424.37889,s,54.0,°C
2025-12-09,14:17:37.374866,1765286257.374866,s,424.606922,s,54.0,°C
2025-12-09,14:17:37.647234,1765286257.647234,s,424.87929,s,54.0,°C
2025-12-09,14:17:37.875395,1765286257.875395,s,425.107451,s,54.0,°C
2025-12-09,14:17:38.147736,1765286258.147736,s,425.379792,s,54.0,°C
2025-12-09,14:17:38.375975,1765286258.375975,s,425.608031,s,54.0,°C
2025-12-09,14:17:38.648204,1765286258.648204,s,425.88026,s,54.0,°C
2025-12-09,14:17:38.876248,1765286258.876248,s,426.108304,s,54.0,°C
2025-12-09,14:17:39.148575,1765286259.148575,s,426.380631,s,54.0,°C
2025-12-09,14:17:39.376537,1765286259.376537,s,426.608593,s,54.0,°C
2025-12-09,14:17:39.648947,1765286259.648947,s,426.881003,s,54.0,°C
2025-12-09,14:17:39.877094,1765286259.877094,s,427.10915,s,54.0,°C
2025-12-09,14:17:40.149493,1765286260.149493,s,427.381549,s,54.0,°C
2025-12-09,14:17:40.377367,1765286260.377367,s,427.609423,s,54.0,°C
2025-12-09,14:17:40.649913,1765286260.649913,s,427.881969,s,54.0,°C
2025-12-09,14:17:40.877697,1765286260.877697,s,428.109753,s,54.0,°C
2025-12-09,14:17:41.150247,1765286261.150247,s,428.382303,s,54.0,°C
