Date,Time,Time since 1970-01-01T00:00:00Z,,Time since start of measurement,,temp,
2025-12-12,10:27:39.626495,1765531659.626495,s,3e-06,s,72.0,°C
2025-12-12,10:27:39.877069,1765531659.877069,s,0.250577,s,72.0,°C
2025-12-12,10:27:40.127080,1765531660.12708,s,0.500588,s,72.0,°C
2025-12-12,10:27:40.377599,1765531660.377599,s,0.751107,s,72.0,°C
2025-12-12,10:27:40.627514,1765531660.627514,s,1.001022,s,72.0,°C
2025-12-12,10:27:40.878111,1765531660.878111,s,1.251619,s,72.0,°C
2025-12-12,10:27:41.127721,1765531661.127721,s,1.501229,s,72.0,°C
2025-12-12,10:27:41.378398,1765531661.378398,s,1.751906,s,72.0,°C
2025-12-12,10:27:41.627992,1765531661.627992,s,2.0015,s,72.0,°C
2025-12-12,10:27:41.878712,1765531661.878712,s,2.25222,s,72.0,°C
2025-12-12,10:27:42.128423,1765531662.128423,s,2.501931,s,72.0,°C
2025-12-12,10:27:42.378959,1765531662.378959,s,2.752467,s,72.0,°C
2025-12-12,10:27:42.628823,1765531662.628823,s,3.002331,s,72.0,°C
2025-12-12,10:27:42.879302,1765531662.879302,s,3.25281,s,72.0,°C
2025-12-12,10:27:43.129143,1765531663.129143,s,3.502651,s,72.0,°C
2025-12-12,10:27:43.379810,1765531663.37981,s,3.753318,s,72.0,°C
2025-12-12,10:27:43.629467,1765531663.629467,s,4.002975,s,72.0,°C
2025-12-12,10:27:43.880322,1765531663.880322,s,4.25383,s,72.0,°C
2025-12-12,10:27:44.129799,1765531664.129799,s,4.503307,s,72.0,°C
2025-12-12,10:27:44.380842,1765531664.380842,s,4.75435,s,72.0,°C
2025-12-12,10:27:44.630041,1765531664.630041,s,5.003549,s,72.0,°C
2025-12-12,10:27:44.881315,1765531664.881315,s,5.254823,s,72.0,°C
2025-12-12,10:27:45.130292,1765531665.130292,s,5.5038,s,72.0,°C
2025-12-12,10:27:45.381810,1765531665.38181,s,5.755318,s,72.0,°C
2025-12-12,10:27:45.630662,1765531665.630662,s,6.00417,s,72.0,°C
2025-12-12,10:27:45.882291,1765531665.882291,s,6.255799,s,72.0,°C
2025-12-12,10:27:46.130944,1765531666.130944,s,6.504452,s,72.0,°C
2025-12-12,10:27:46.382773,1765531666.382773,s,6.756281,s,72.0,°C
2025-12-12,10:27:46.631190,1765531666.63119,s,7.004698,s,72.0,°C
2025-12-12,10:27:46.883227,1765531666.883227,s,7.256735,s,72.0,°C
2025-12-12,10:27:47.131528,1765531667.131528,s,7.505036,s,72.0,°C
2025-12-12,10:27:47.383665,1765531667.383665,s,7.757173,s,72.0,°C
2025-12-12,10:27:47.631808,1765531667.631808,s,8.005316,s,72.0,°C
2025-12-12,10:27:47.884093,1765531667.884093,s,8.257601,s,72.0,°C
2025-12-12,10:27:48.132295,1765531668.132295,s,8.505803,s,72.0,°C
2025-12-12,10:27:48.384512,1765531668.384512,s,8.75802,s,72.0,°C
2025-12-12,10:27:48.632810,1765531668.63281,s,9.006318,s,72.0,°C
2025-12-12,10:27:48.884809,1765531668.884809,s,9.258317,s,72.0,°C
2025-12-12,10:27:49.133307,1765531669.133307,s,9.506815,s,72.0,°C
2025-12-12,10:27:49.385033,1765531669.385033,s,9.758541,s,72.0,°C
2025-12-12,10:27:49.633793,1765531669.633793,s,10.007301,s,72.0,°C
2025-12-12,10:27:49.885329,1765531669.885329,s,10.258837,s,72.0,°C
2025-12-12,10:27:50.134289,1765531670.134289,s,10.507797,s,72.0,°C
2025-12-12,10:27:50.385644,1765531670.385644,s,10.759152,s,72.0,°C
2025-12-12,10:27:50.634726,1765531670.634726,s,11.008234,s,72.0,°C
2025-12-12,10:27:50.886107,1765531670.886107,s,11.259615,s,72.0,°C
2025-12-12,10:27:51.135159,1765531671.135159,s,11.508667,s,72.0,°C
2025-12-12,10:27:51.386596,1765531671.386596,s,11.760104,s,72.0,°C
2025-12-12,10:27:51.635478,1765531671.635478,s,12.008986,s,72.0,°C
2025-12-12,10:27:51.887162,1765531671.887162,s,12.26067,s,72.0,°C
2025-12-12,10:27:52.135887,1765531672.135887,s,12.509395,s,72.0,°C
2025-12-12,10:27:52.387707,1765531672.387707,s,12.761215,s,72.0,°C
2025-12-12,10:27:52.636297,1765531672.636297,s,13.009805,s,72.0,°C
2025-12-12,10:27:52.888136,1765531672.888136,s,13.261644,s,72.0,°C
2025-12-12,10:27:53.136736,1765531673.136736,s,13.510244,s,72.0,°C
2025-12-12,10:27:53.388484,1765531673.388484,s,13.761992,s,72.0,°C
2025-12-12,10:27:53.637069,1765531673.637069,s,14.010577,s,72.0,°C
2025-12-12,10:27:53.889007,1765531673.889007,s,14.262515,s,72.0,°C
2025-12-12,10:27:54.137381,1765531674.137381,s,14.510889,s,72.0,°C
2025-12-12,10:27:54.389364,1765531674.389364,s,14.762872,s,72.0,°C
2025-12-12,10:27:54.637648,1765531674.637648,s,15.011156,s,72.0,°C
2025-12-12,10:27:54.889810,1765531674.88981,s,15.263318,s,72.0,°C
2025-12-12,10:27:55.137875,1765531675.137875,s,15.511383,s,72.0,°C
2025-12-12,10:27:55.390253,1765531675.390253,s,15.763761,s,71.0,°C
2025-12-12,10:27:55.638216,1765531675.638216,s,16.011724,s,71.0,°C
2025-12-12,10:27:55.890749,1765531675.890749,s,16.264257,s,71.0,°C
2025-12-12,10:27:56.138590,1765531676.13859,s,16.512098,s,71.0,°C
2025-12-12,10:27:56.391281,1765531676.391281,s,16.764789,s,71.0,°C
2025-12-12,10:27:56.638796,1765531676.638796,s,17.012304,s,72.0,°C
2025-12-12,10:27:56.891769,1765531676.891769,s,17.265277,s,72.0,°C
2025-12-12,10:27:57.139102,1765531677.139102,s,17.51261,s,72.0,°C
2025-12-12,10:27:57.392262,1765531677.392262,s,17.76577,s,72.0,°C
2025-12-12,10:27:57.639399,1765531677.639399,s,18.012907,s,72.0,°C
2025-12-12,10:27:57.892790,1765531677.89279,s,18.266298,s,72.0,°C
2025-12-12,10:27:58.139884,1765531678.139884,s,18.513392,s,72.0,°C
2025-12-12,10:27:58.393284,1765531678.393284,s,18.766792,s,72.0,°C
2025-12-12,10:27:58.640396,1765531678.640396,s,19.013904,s,72.0,°C
2025-12-12,10:27:58.893633,1765531678.893633,s,19.267141,s,72.0,°C
2025-12-12,10:27:59.140932,1765531679.140932,s,19.51444,s,72.0,°C
2025-12-12,10:27:59.394060,1765531679.39406,s,19.767568,s,72.0,°C
2025-12-12,10:27:59.641442,1765531679.641442,s,20.01495,s,72.0,°C
2025-12-12,10:27:59.894494,1765531679.894494,s,20.268002,s,72.0,°C
2025-12-12,10:28:00.141835,1765531680.141835,s,20.515343,s,72.0,°C
2025-12-12,10:28:00.394927,1765531680.394927,s,20.768435,s,72.0,°C
2025-12-12,10:28:00.642097,1765531680.642097,s,21.015605,s,72.0,°C
2025-12-12,10:28:00.895375,1765531680.895375,s,21.268883,s,72.0,°C
2025-12-12,10:28:01.142490,1765531681.14249,s,21.515998,s,72.0,°C
2025-12-12,10:28:01.395716,1765531681.395716,s,21.769224,s,72.0,°C
2025-12-12,10:28:01.642938,1765531681.642938,s,22.016446,s,72.0,°C
2025-12-12,10:28:01.895968,1765531681.895968,s,22.269476,s,72.0,°C
2025-12-12,10:28:02.143415,1765531682.143415,s,22.516923,s,72.0,°C
2025-12-12,10:28:02.396305,1765531682.396305,s,22.769813,s,72.0,°C
2025-12-12,10:28:02.643803,1765531682.643803,s,23.017311,s,72.0,°C
2025-12-12,10:28:02.896640,1765531682.89664,s,23.270148,s,72.0,°C
2025-12-12,10:28:03.144311,1765531683.144311,s,23.517819,s,72.0,°C
2025-12-12,10:28:03.396882,1765531683.396882,s,23.77039,s,72.0,°C
2025-12-12,10:28:03.644700,1765531683.6447,s,24.018208,s,72.0,°C
2025-12-12,10:28:03.897210,1765531683.89721,s,24.270718,s,72.0,°C
2025-12-12,10:28:04.144938,1765531684.144938,s,24.518446,s,72.0,°C
2025-12-12,10:28:04.397492,1765531684.397492,s,24.771,s,72.0,°C
2025-12-12,10:28:04.645411,1765531684.645411,s,25.018919,s,72.0,°C
2025-12-12,10:28:04.897709,1765531684.897709,s,25.271217,s,72.0,°C
2025-12-12,10:28:05.145922,1765531685.145922,s,25.51943,s,72.0,°C
2025-12-12,10:28:05.397925,1765531685.397925,s,25.771433,s,72.0,°C
2025-12-12,10:28:05.646381,1765531685.646381,s,26.019889,s,72.0,°C
2025-12-12,10:28:05.898367,1765531685.898367,s,26.271875,s,72.0,°C
2025-12-12,10:28:06.146902,1765531686.146902,s,26.52041,s,72.0,°C
2025-12-12,10:28:06.398908,1765531686.398908,s,26.772416,s,72.0,°C
2025-12-12,10:28:06.647214,1765531686.647214,s,27.020722,s,72.0,°C
2025-12-12,10:28:06.899443,1765531686.899443,s,27.272951,s,72.0,°C
2025-12-12,10:28:07.147631,1765531687.147631,s,27.521139,s,72.0,°C
2025-12-12,10:28:07.399844,1765531687.399844,s,27.773352,s,72.0,°C
2025-12-12,10:28:07.647874,1765531687.647874,s,28.021382,s,72.0,°C
2025-12-12,10:28:07.900304,1765531687.900304,s,28.273812,s,71.0,°C
2025-12-12,10:28:08.148276,1765531688.148276,s,28.521784,s,71.0,°C
2025-12-12,10:28:08.400673,1765531688.400673,s,28.774181,s,71.0,°C
2025-12-12,10:28:08.648676,1765531688.648676,s,29.022184,s,71.0,°C
2025-12-12,10:28:08.901134,1765531688.901134,s,29.274642,s,71.0,°C
2025-12-12,10:28:09.148924,1765531689.148924,s,29.522432,s,71.0,°C
2025-12-12,10:28:09.401510,1765531689.40151,s,29.775018,s,71.0,°C
2025-12-12,10:28:09.649303,1765531689.649303,s,30.022811,s,71.0,°C
2025-12-12,10:28:09.901878,1765531689.901878,s,30.275386,s,71.0,°C
2025-12-12,10:28:10.149651,1765531690.149651,s,30.523159,s,71.0,°C
2025-12-12,10:28:10.402476,1765531690.402476,s,30.775984,s,71.0,°C
2025-12-12,10:28:10.650001,1765531690.650001,s,31.023509,s,71.0,°C
2025-12-12,10:28:10.902820,1765531690.90282,s,31.276328,s,71.0,°C
2025-12-12,10:28:11.150385,1765531691.150385,s,31.523893,s,71.0,°C
2025-12-12,10:28:11.403098,1765531691.403098,s,31.776606,s,71.0,°C
2025-12-12,10:28:11.650738,1765531691.650738,s,32.024246,s,71.0,°C
2025-12-12,10:28:11.903465,1765531691.903465,s,32.276973,s,71.0,°C
2025-12-12,10:28:12.151071,1765531692.151071,s,32.524579,s,71.0,°C
2025-12-12,10:28:12.403828,1765531692.403828,s,32.777336,s,71.0,°C
2025-12-12,10:28:12.651350,1765531692.65135,s,33.024858,s,71.0,°C
2025-12-12,10:28:12.904328,1765531692.904328,s,33.277836,s,71.0,°C
2025-12-12,10:28:13.151701,1765531693.151701,s,33.525209,s,71.0,°C
2025-12-12,10:28:13.404703,1765531693.404703,s,33.778211,s,71.0,°C
2025-12-12,10:28:13.651953,1765531693.651953,s,34.025461,s,71.0,°C
2025-12-12,10:28:13.904947,1765531693.904947,s,34.278455,s,72.0,°C
2025-12-12,10:28:14.152455,1765531694.152455,s,34.525963,s,72.0,°C
2025-12-12,10:28:14.405371,1765531694.405371,s,34.778879,s,72.0,°C
2025-12-12,10:28:14.652927,1765531694.652927,s,35.026435,s,72.0,°C
2025-12-12,10:28:14.905796,1765531694.905796,s,35.279304,s,72.0,°C
2025-12-12,10:28:15.153392,1765531695.153392,s,35.5269,s,72.0,°C
2025-12-12,10:28:15.406131,1765531695.406131,s,35.779639,s,72.0,°C
2025-12-12,10:28:15.653868,1765531695.653868,s,36.027376,s,71.0,°C
2025-12-12,10:28:15.906552,1765531695.906552,s,36.28006,s,71.0,°C
2025-12-12,10:28:16.154320,1765531696.15432,s,36.527828,s,71.0,°C
2025-12-12,10:28:16.406992,1765531696.406992,s,36.7805,s,71.0,°C
2025-12-12,10:28:16.654829,1765531696.654829,s,37.028337,s,72.0,°C
2025-12-12,10:28:16.907316,1765531696.907316,s,37.280824,s,72.0,°C
2025-12-12,10:28:17.155099,1765531697.155099,s,37.528607,s,72.0,°C
2025-12-12,10:28:17.407626,1765531697.407626,s,37.781134,s,72.0,°C
2025-12-12,10:28:17.655553,1765531697.655553,s,38.029061,s,72.0,°C
2025-12-12,10:28:17.907887,1765531697.907887,s,38.281395,s,71.0,°C
2025-12-12,10:28:18.155846,1765531698.155846,s,38.529354,s,71.0,°C
2025-12-12,10:28:18.408207,1765531698.408207,s,38.781715,s,71.0,°C
2025-12-12,10:28:18.656367,1765531698.656367,s,39.029875,s,71.0,°C
2025-12-12,10:28:18.908527,1765531698.908527,s,39.282035,s,71.0,°C
2025-12-12,10:28:19.156839,1765531699.156839,s,39.530347,s,72.0,°C
2025-12-12,10:28:19.408929,1765531699.408929,s,39.782437,s,72.0,°C
2025-12-12,10:28:19.657200,1765531699.6572,s,40.030708,s,72.0,°C
2025-12-12,10:28:19.909268,1765531699.909268,s,40.282776,s,72.0,°C
2025-12-12,10:28:20.157587,1765531700.157587,s,40.531095,s,72.0,°C
2025-12-12,10:28:20.409520,1765531700.40952,s,40.783028,s,72.0,°C
2025-12-12,10:28:20.657842,1765531700.657842,s,41.03135,s,72.0,°C
2025-12-12,10:28:20.910060,1765531700.91006,s,41.283568,s,72.0,°C
2025-12-12,10:28:21.158178,1765531701.158178,s,41.531686,s,72.0,°C
2025-12-12,10:28:21.410590,1765531701.41059,s,41.784098,s,72.0,°C
2025-12-12,10:28:21.658551,1765531701.658551,s,42.032059,s,72.0,°C
2025-12-12,10:28:21.911113,1765531701.911113,s,42.284621,s,72.0,°C
2025-12-12,10:28:22.159079,1765531702.159079,s,42.532587,s,72.0,°C
2025-12-12,10:28:22.411502,1765531702.411502,s,42.78501,s,72.0,°C
2025-12-12,10:28:22.659596,1765531702.659596,s,43.033104,s,71.0,°C
2025-12-12,10:28:22.912085,1765531702.912085,s,43.285593,s,71.0,°C
2025-12-12,10:28:23.159862,1765531703.159862,s,43.53337,s,71.0,°C
2025-12-12,10:28:23.412605,1765531703.412605,s,43.786113,s,71.0,°C
2025-12-12,10:28:23.660315,1765531703.660315,s,44.033823,s,71.0,°C
2025-12-12,10:28:23.913085,1765531703.913085,s,44.286593,s,71.0,°C
2025-12-12,10:28:24.160710,1765531704.16071,s,44.534218,s,71.0,°C
2025-12-12,10:28:24.413566,1765531704.413566,s,44.787074,s,72.0,°C
2025-12-12,10:28:24.661083,1765531704.661083,s,45.034591,s,72.0,°C
2025-12-12,10:28:24.913847,1765531704.913847,s,45.287355,s,71.0,°C
2025-12-12,10:28:25.161580,1765531705.16158,s,45.535088,s,71.0,°C
2025-12-12,10:28:25.414217,1765531705.414217,s,45.787725,s,71.0,°C
2025-12-12,10:28:25.662105,1765531705.662105,s,46.035613,s,71.0,°C
2025-12-12,10:28:25.914566,1765531705.914566,s,46.288074,s,71.0,°C
2025-12-12,10:28:26.162508,1765531706.162508,s,46.536016,s,72.0,°C
2025-12-12,10:28:26.414841,1765531706.414841,s,46.788349,s,72.0,°C
2025-12-12,10:28:26.662879,1765531706.662879,s,47.036387,s,72.0,°C
2025-12-12,10:28:26.915083,1765531706.915083,s,47.288591,s,72.0,°C
2025-12-12,10:28:27.163126,1765531707.163126,s,47.536634,s,72.0,°C
2025-12-12,10:28:27.415562,1765531707.415562,s,47.78907,s,72.0,°C
2025-12-12,10:28:27.663562,1765531707.663562,s,48.03707,s,72.0,°C
2025-12-12,10:28:27.916009,1765531707.916009,s,48.289517,s,72.0,°C
2025-12-12,10:28:28.164060,1765531708.16406,s,48.537568,s,72.0,°C
2025-12-12,10:28:28.416555,1765531708.416555,s,48.790063,s,72.0,°C
2025-12-12,10:28:28.664396,1765531708.664396,s,49.037904,s,72.0,°C
2025-12-12,10:28:28.916984,1765531708.916984,s,49.290492,s,72.0,°C
2025-12-12,10:28:29.164834,1765531709.164834,s,49.538342,s,71.0,°C
2025-12-12,10:28:29.417382,1765531709.417382,s,49.79089,s,71.0,°C
2025-12-12,10:28:29.665272,1765531709.665272,s,50.03878,s,71.0,°C
2025-12-12,10:28:29.918019,1765531709.918019,s,50.291527,s,71.0,°C
2025-12-12,10:28:30.165616,1765531710.165616,s,50.539124,s,71.0,°C
2025-12-12,10:28:30.418417,1765531710.418417,s,50.791925,s,71.0,°C
2025-12-12,10:28:30.665845,1765531710.665845,s,51.039353,s,71.0,°C
2025-12-12,10:28:30.918821,1765531710.918821,s,51.292329,s,72.0,°C
2025-12-12,10:28:31.166257,1765531711.166257,s,51.539765,s,72.0,°C
2025-12-12,10:28:31.419044,1765531711.419044,s,51.792552,s,71.0,°C
2025-12-12,10:28:31.666679,1765531711.666679,s,52.040187,s,71.0,°C
2025-12-12,10:28:31.919377,1765531711.919377,s,52.292885,s,71.0,°C
2025-12-12,10:28:32.167150,1765531712.16715,s,52.540658,s,71.0,°C
2025-12-12,10:28:32.419663,1765531712.419663,s,52.793171,s,71.0,°C
2025-12-12,10:28:32.667659,1765531712.667659,s,53.041167,s,72.0,°C
2025-12-12,10:28:32.919997,1765531712.919997,s,53.293505,s,72.0,°C
2025-12-12,10:28:33.168168,1765531713.168168,s,53.541676,s,72.0,°C
2025-12-12,10:28:33.420317,1765531713.420317,s,53.793825,s,72.0,°C
2025-12-12,10:28:33.668527,1765531713.668527,s,54.042035,s,72.0,°C
2025-12-12,10:28:33.920734,1765531713.920734,s,54.294242,s,72.0,°C
2025-12-12,10:28:34.168989,1765531714.168989,s,54.542497,s,72.0,°C
2025-12-12,10:28:34.420956,1765531714.420956,s,54.794464,s,71.0,°C
2025-12-12,10:28:34.669470,1765531714.66947,s,55.042978,s,71.0,°C
2025-12-12,10:28:34.921451,1765531714.921451,s,55.294959,s,71.0,°C
2025-12-12,10:28:35.169807,1765531715.169807,s,55.543315,s,71.0,°C
2025-12-12,10:28:35.421880,1765531715.42188,s,55.795388,s,72.0,°C
2025-12-12,10:28:35.670271,1765531715.670271,s,56.043779,s,72.0,°C
2025-12-12,10:28:35.922350,1765531715.92235,s,56.295858,s,72.0,°C
2025-12-12,10:28:36.170746,1765531716.170746,s,56.544254,s,71.0,°C
2025-12-12,10:28:36.422856,1765531716.422856,s,56.796364,s,71.0,°C
2025-12-12,10:28:36.671175,1765531716.671175,s,57.044683,s,71.0,°C
2025-12-12,10:28:36.923355,1765531716.923355,s,57.296863,s,71.0,°C
2025-12-12,10:28:37.171637,1765531717.171637,s,57.545145,s,71.0,°C
2025-12-12,10:28:37.423708,1765531717.423708,s,57.797216,s,72.0,°C
2025-12-12,10:28:37.672119,1765531717.672119,s,58.045627,s,72.0,°C
2025-12-12,10:28:37.923976,1765531717.923976,s,58.297484,s,71.0,°C
2025-12-12,10:28:38.172568,1765531718.172568,s,58.546076,s,71.0,°C
2025-12-12,10:28:38.424351,1765531718.424351,s,58.797859,s,71.0,°C
2025-12-12,10:28:38.672815,1765531718.672815,s,59.046323,s,71.0,°C
2025-12-12,10:28:38.924881,1765531718.924881,s,59.298389,s,71.0,°C
2025-12-12,10:28:39.173265,1765531719.173265,s,59.546773,s,72.0,°C
2025-12-12,10:28:39.425251,1765531719.425251,s,59.798759,s,72.0,°C
2025-12-12,10:28:39.673691,1765531719.673691,s,60.047199,s,71.0,°C
2025-12-12,10:28:39.925594,1765531719.925594,s,60.299102,s,71.0,°C
2025-12-12,10:28:40.174137,1765531720.174137,s,60.547645,s,71.0,°C
2025-12-12,10:28:40.425812,1765531720.425812,s,60.79932,s,71.0,°C
2025-12-12,10:28:40.674472,1765531720.674472,s,61.04798,s,71.0,°C
2025-12-12,10:28:40.926271,1765531720.926271,s,61.299779,s,72.0,°C
2025-12-12,10:28:41.174811,1765531721.174811,s,61.548319,s,72.0,°C
2025-12-12,10:28:41.426635,1765531721.426635,s,61.800143,s,72.0,°C
2025-12-12,10:28:41.675057,1765531721.675057,s,62.048565,s,72.0,°C
2025-12-12,10:28:41.926977,1765531721.926977,s,62.300485,s,72.0,°C
2025-12-12,10:28:42.175600,1765531722.1756,s,62.549108,s,72.0,°C
2025-12-12,10:28:42.427441,1765531722.427441,s,62.800949,s,72.0,°C
2025-12-12,10:28:42.676084,1765531722.676084,s,63.049592,s,72.0,°C
2025-12-12,10:28:42.927993,1765531722.927993,s,63.301501,s,72.0,°C
2025-12-12,10:28:43.176435,1765531723.176435,s,63.549943,s,72.0,°C
2025-12-12,10:28:43.428427,1765531723.428427,s,63.801935,s,72.0,°C
2025-12-12,10:28:43.676774,1765531723.676774,s,64.050282,s,72.0,°C
2025-12-12,10:28:43.928774,1765531723.928774,s,64.302282,s,72.0,°C
2025-12-12,10:28:44.177291,1765531724.177291,s,64.550799,s,72.0,°C
2025-12-12,10:28:44.429173,1765531724.429173,s,64.802681,s,71.0,°C
2025-12-12,10:28:44.677672,1765531724.677672,s,65.05118,s,71.0,°C
2025-12-12,10:28:44.929572,1765531724.929572,s,65.30308,s,71.0,°C
2025-12-12,10:28:45.177938,1765531725.177938,s,65.551446,s,71.0,°C
2025-12-12,10:28:45.429825,1765531725.429825,s,65.803333,s,71.0,°C
2025-12-12,10:28:45.678448,1765531725.678448,s,66.051956,s,71.0,°C
2025-12-12,10:28:45.930072,1765531725.930072,s,66.30358,s,71.0,°C
2025-12-12,10:28:46.178794,1765531726.178794,s,66.552302,s,71.0,°C
2025-12-12,10:28:46.430402,1765531726.430402,s,66.80391,s,71.0,°C
2025-12-12,10:28:46.679050,1765531726.67905,s,67.052558,s,71.0,°C
2025-12-12,10:28:46.930697,1765531726.930697,s,67.304205,s,71.0,°C
2025-12-12,10:28:47.179545,1765531727.179545,s,67.553053,s,71.0,°C
2025-12-12,10:28:47.431098,1765531727.431098,s,67.804606,s,71.0,°C
2025-12-12,10:28:47.680116,1765531727.680116,s,68.053624,s,71.0,°C
2025-12-12,10:28:47.931421,1765531727.931421,s,68.304929,s,71.0,°C
2025-12-12,10:28:48.180600,1765531728.1806,s,68.554108,s,71.0,°C
2025-12-12,10:28:48.431806,1765531728.431806,s,68.805314,s,71.0,°C
2025-12-12,10:28:48.681066,1765531728.681066,s,69.054574,s,71.0,°C
2025-12-12,10:28:48.932045,1765531728.932045,s,69.305553,s,72.0,°C
2025-12-12,10:28:49.181313,1765531729.181313,s,69.554821,s,72.0,°C
2025-12-12,10:28:49.432360,1765531729.43236,s,69.805868,s,72.0,°C
2025-12-12,10:28:49.681720,1765531729.68172,s,70.055228,s,71.0,°C
2025-12-12,10:28:49.932894,1765531729.932894,s,70.306402,s,71.0,°C
2025-12-12,10:28:50.182265,1765531730.182265,s,70.555773,s,71.0,°C
2025-12-12,10:28:50.433401,1765531730.433401,s,70.806909,s,71.0,°C
2025-12-12,10:28:50.682713,1765531730.682713,s,71.056221,s,71.0,°C
2025-12-12,10:28:50.933966,1765531730.933966,s,71.307474,s,71.0,°C
2025-12-12,10:28:51.183174,1765531731.183174,s,71.556682,s,71.0,°C
2025-12-12,10:28:51.434451,1765531731.434451,s,71.807959,s,71.0,°C
2025-12-12,10:28:51.683644,1765531731.683644,s,72.057152,s,71.0,°C
2025-12-12,10:28:51.934949,1765531731.934949,s,72.308457,s,71.0,°C
2025-12-12,10:28:52.184138,1765531732.184138,s,72.557646,s,71.0,°C
2025-12-12,10:28:52.435453,1765531732.435453,s,72.808961,s,71.0,°C
2025-12-12,10:28:52.684600,1765531732.6846,s,73.058108,s,71.0,°C
2025-12-12,10:28:52.935936,1765531732.935936,s,73.309444,s,71.0,°C
2025-12-12,10:28:53.185072,1765531733.185072,s,73.55858,s,71.0,°C
2025-12-12,10:28:53.436421,1765531733.436421,s,73.809929,s,71.0,°C
2025-12-12,10:28:53.685522,1765531733.685522,s,74.05903,s,71.0,°C
2025-12-12,10:28:53.936872,1765531733.936872,s,74.31038,s,71.0,°C
2025-12-12,10:28:54.185804,1765531734.185804,s,74.559312,s,71.0,°C
2025-12-12,10:28:54.437351,1765531734.437351,s,74.810859,s,71.0,°C
2025-12-12,10:28:54.686137,1765531734.686137,s,75.059645,s,71.0,°C
2025-12-12,10:28:54.937833,1765531734.937833,s,75.311341,s,71.0,°C
2025-12-12,10:28:55.186638,1765531735.186638,s,75.560146,s,71.0,°C
2025-12-12,10:28:55.438319,1765531735.438319,s,75.811827,s,71.0,°C
2025-12-12,10:28:55.686872,1765531735.686872,s,76.06038,s,71.0,°C
2025-12-12,10:28:55.938786,1765531735.938786,s,76.312294,s,71.0,°C
2025-12-12,10:28:56.187073,1765531736.187073,s,76.560581,s,71.0,°C
2025-12-12,10:28:56.439113,1765531736.439113,s,76.812621,s,71.0,°C
2025-12-12,10:28:56.687469,1765531736.687469,s,77.060977,s,71.0,°C
2025-12-12,10:28:56.939604,1765531736.939604,s,77.313112,s,71.0,°C
2025-12-12,10:28:57.187987,1765531737.187987,s,77.561495,s,72.0,°C
2025-12-12,10:28:57.439855,1765531737.439855,s,77.813363,s,72.0,°C
2025-12-12,10:28:57.688221,1765531737.688221,s,78.061729,s,72.0,°C
2025-12-12,10:28:57.940236,1765531737.940236,s,78.313744,s,71.0,°C
2025-12-12,10:28:58.188665,1765531738.188665,s,78.562173,s,71.0,°C
2025-12-12,10:28:58.440561,1765531738.440561,s,78.814069,s,71.0,°C
2025-12-12,10:28:58.688969,1765531738.688969,s,79.062477,s,71.0,°C
2025-12-12,10:28:58.941012,1765531738.941012,s,79.31452,s,71.0,°C
2025-12-12,10:28:59.189477,1765531739.189477,s,79.562985,s,71.0,°C
2025-12-12,10:28:59.441398,1765531739.441398,s,79.814906,s,71.0,°C
2025-12-12,10:28:59.689965,1765531739.689965,s,80.063473,s,71.0,°C
2025-12-12,10:28:59.941798,1765531739.941798,s,80.315306,s,71.0,°C
2025-12-12,10:29:00.190498,1765531740.190498,s,80.564006,s,72.0,°C
2025-12-12,10:29:00.442209,1765531740.442209,s,80.815717,s,72.0,°C
2025-12-12,10:29:00.691024,1765531740.691024,s,81.064532,s,71.0,°C
2025-12-12,10:29:00.942626,1765531740.942626,s,81.316134,s,71.0,°C
2025-12-12,10:29:01.191448,1765531741.191448,s,81.564956,s,71.0,°C
2025-12-12,10:29:01.443152,1765531741.443152,s,81.81666,s,71.0,°C
2025-12-12,10:29:01.691942,1765531741.691942,s,82.06545,s,71.0,°C
2025-12-12,10:29:01.943590,1765531741.94359,s,82.317098,s,71.0,°C
2025-12-12,10:29:02.192317,1765531742.192317,s,82.565825,s,71.0,°C
2025-12-12,10:29:02.444013,1765531742.444013,s,82.817521,s,71.0,°C
2025-12-12,10:29:02.692804,1765531742.692804,s,83.066312,s,71.0,°C
2025-12-12,10:29:02.944474,1765531742.944474,s,83.317982,s,71.0,°C
2025-12-12,10:29:03.193298,1765531743.193298,s,83.566806,s,71.0,°C
2025-12-12,10:29:03.444804,1765531743.444804,s,83.818312,s,71.0,°C
2025-12-12,10:29:03.693764,1765531743.693764,s,84.067272,s,71.0,°C
2025-12-12,10:29:03.945141,1765531743.945141,s,84.318649,s,71.0,°C
2025-12-12,10:29:04.194279,1765531744.194279,s,84.567787,s,71.0,°C
2025-12-12,10:29:04.445475,1765531744.445475,s,84.818983,s,71.0,°C
2025-12-12,10:29:04.694781,1765531744.694781,s,85.068289,s,71.0,°C
2025-12-12,10:29:04.946043,1765531744.946043,s,85.319551,s,71.0,°C
2025-12-12,10:29:05.195286,1765531745.195286,s,85.568794,s,71.0,°C
2025-12-12,10:29:05.446608,1765531745.446608,s,85.820116,s,71.0,°C
2025-12-12,10:29:05.695731,1765531745.695731,s,86.069239,s,71.0,°C
2025-12-12,10:29:05.947120,1765531745.94712,s,86.320628,s,71.0,°C
2025-12-12,10:29:06.196165,1765531746.196165,s,86.569673,s,71.0,°C
2025-12-12,10:29:06.447603,1765531746.447603,s,86.821111,s,71.0,°C
2025-12-12,10:29:06.696607,1765531746.696607,s,87.070115,s,71.0,°C
2025-12-12,10:29:06.948104,1765531746.948104,s,87.321612,s,71.0,°C
2025-12-12,10:29:07.196860,1765531747.19686,s,87.570368,s,71.0,°C
2025-12-12,10:29:07.448488,1765531747.448488,s,87.821996,s,71.0,°C
2025-12-12,10:29:07.697329,1765531747.697329,s,88.070837,s,71.0,°C
2025-12-12,10:29:07.948799,1765531747.948799,s,88.322307,s,71.0,°C
2025-12-12,10:29:08.197784,1765531748.197784,s,88.571292,s,71.0,°C
2025-12-12,10:29:08.449092,1765531748.449092,s,88.8226,s,71.0,°C
2025-12-12,10:29:08.698235,1765531748.698235,s,89.071743,s,71.0,°C
2025-12-12,10:29:08.949469,1765531748.949469,s,89.322977,s,71.0,°C
2025-12-12,10:29:09.198590,1765531749.19859,s,89.572098,s,71.0,°C
2025-12-12,10:29:09.449965,1765531749.449965,s,89.823473,s,71.0,°C
2025-12-12,10:29:09.698881,1765531749.698881,s,90.072389,s,71.0,°C
2025-12-12,10:29:09.950505,1765531749.950505,s,90.324013,s,71.0,°C
2025-12-12,10:29:10.199212,1765531750.199212,s,90.57272,s,71.0,°C
2025-12-12,10:29:10.451041,1765531750.451041,s,90.824549,s,71.0,°C
2025-12-12,10:29:10.699562,1765531750.699562,s,91.07307,s,71.0,°C
2025-12-12,10:29:10.951548,1765531750.951548,s,91.325056,s,71.0,°C
2025-12-12,10:29:11.199807,1765531751.199807,s,91.573315,s,71.0,°C
2025-12-12,10:29:11.452033,1765531751.452033,s,91.825541,s,71.0,°C
2025-12-12,10:29:11.700357,1765531751.700357,s,92.073865,s,71.0,°C
2025-12-12,10:29:11.952562,1765531751.952562,s,92.32607,s,71.0,°C
2025-12-12,10:29:12.200910,1765531752.20091,s,92.574418,s,71.0,°C
2025-12-12,10:29:12.452818,1765531752.452818,s,92.826326,s,71.0,°C
2025-12-12,10:29:12.701409,1765531752.701409,s,93.074917,s,71.0,°C
2025-12-12,10:29:12.953077,1765531752.953077,s,93.326585,s,71.0,°C
2025-12-12,10:29:13.201874,1765531753.201874,s,93.575382,s,71.0,°C
2025-12-12,10:29:13.453408,1765531753.453408,s,93.826916,s,71.0,°C
2025-12-12,10:29:13.702362,1765531753.702362,s,94.07587,s,71.0,°C
2025-12-12,10:29:13.953775,1765531753.953775,s,94.327283,s,71.0,°C
2025-12-12,10:29:14.202938,1765531754.202938,s,94.576446,s,71.0,°C
2025-12-12,10:29:14.454122,1765531754.454122,s,94.82763,s,71.0,°C
2025-12-12,10:29:14.703437,1765531754.703437,s,95.076945,s,71.0,°C
2025-12-12,10:29:14.954497,1765531754.954497,s,95.328005,s,71.0,°C
2025-12-12,10:29:15.203925,1765531755.203925,s,95.577433,s,71.0,°C
2025-12-12,10:29:15.454964,1765531755.454964,s,95.828472,s,71.0,°C
2025-12-12,10:29:15.704402,1765531755.704402,s,96.07791,s,71.0,°C
2025-12-12,10:29:15.955430,1765531755.95543,s,96.328938,s,71.0,°C
2025-12-12,10:29:16.204896,1765531756.204896,s,96.578404,s,71.0,°C
2025-12-12,10:29:16.455949,1765531756.455949,s,96.829457,s,71.0,°C
2025-12-12,10:29:16.705383,1765531756.705383,s,97.078891,s,71.0,°C
2025-12-12,10:29:16.956360,1765531756.95636,s,97.329868,s,71.0,°C
2025-12-12,10:29:17.205812,1765531757.205812,s,97.57932,s,71.0,°C
2025-12-12,10:29:17.456695,1765531757.456695,s,97.830203,s,71.0,°C
2025-12-12,10:29:17.706268,1765531757.706268,s,98.079776,s,71.0,°C
2025-12-12,10:29:17.957168,1765531757.957168,s,98.330676,s,71.0,°C
2025-12-12,10:29:18.206628,1765531758.206628,s,98.580136,s,71.0,°C
2025-12-12,10:29:18.457706,1765531758.457706,s,98.831214,s,71.0,°C
2025-12-12,10:29:18.707099,1765531758.707099,s,99.080607,s,71.0,°C
2025-12-12,10:29:18.958198,1765531758.958198,s,99.331706,s,71.0,°C
2025-12-12,10:29:19.207577,1765531759.207577,s,99.581085,s,71.0,°C
2025-12-12,10:29:19.458679,1765531759.458679,s,99.832187,s,71.0,°C
2025-12-12,10:29:19.708073,1765531759.708073,s,100.081581,s,71.0,°C
2025-12-12,10:29:19.959301,1765531759.959301,s,100.332809,s,71.0,°C
2025-12-12,10:29:20.208501,1765531760.208501,s,100.582009,s,71.0,°C
2025-12-12,10:29:20.459790,1765531760.45979,s,100.833298,s,71.0,°C
2025-12-12,10:29:20.708978,1765531760.708978,s,101.082486,s,71.0,°C
2025-12-12,10:29:20.960292,1765531760.960292,s,101.3338,s,71.0,°C
2025-12-12,10:29:21.209441,1765531761.209441,s,101.582949,s,71.0,°C
2025-12-12,10:29:21.460793,1765531761.460793,s,101.834301,s,71.0,°C
2025-12-12,10:29:21.709856,1765531761.709856,s,102.083364,s,71.0,°C
2025-12-12,10:29:21.961302,1765531761.961302,s,102.33481,s,71.0,°C
2025-12-12,10:29:22.210095,1765531762.210095,s,102.583603,s,71.0,°C
2025-12-12,10:29:22.461717,1765531762.461717,s,102.835225,s,71.0,°C
2025-12-12,10:29:22.710605,1765531762.710605,s,103.084113,s,71.0,°C
2025-12-12,10:29:22.962160,1765531762.96216,s,103.335668,s,71.0,°C
2025-12-12,10:29:23.210869,1765531763.210869,s,103.584377,s,71.0,°C
2025-12-12,10:29:23.462551,1765531763.462551,s,103.836059,s,71.0,°C
2025-12-12,10:29:23.711189,1765531763.711189,s,104.084697,s,71.0,°C
2025-12-12,10:29:23.963024,1765531763.963024,s,104.336532,s,71.0,°C
2025-12-12,10:29:24.211515,1765531764.211515,s,104.585023,s,71.0,°C
2025-12-12,10:29:24.463405,1765531764.463405,s,104.836913,s,71.0,°C
2025-12-12,10:29:24.711789,1765531764.711789,s,105.085297,s,71.0,°C
2025-12-12,10:29:24.963765,1765531764.963765,s,105.337273,s,71.0,°C
2025-12-12,10:29:25.212297,1765531765.212297,s,105.585805,s,71.0,°C
2025-12-12,10:29:25.464169,1765531765.464169,s,105.837677,s,71.0,°C
2025-12-12,10:29:25.712849,1765531765.712849,s,106.086357,s,71.0,°C
2025-12-12,10:29:25.964655,1765531765.964655,s,106.338163,s,71.0,°C
2025-12-12,10:29:26.213391,1765531766.213391,s,106.586899,s,71.0,°C
2025-12-12,10:29:26.465212,1765531766.465212,s,106.83872,s,71.0,°C
2025-12-12,10:29:26.714018,1765531766.714018,s,107.087526,s,71.0,°C
2025-12-12,10:29:26.965639,1765531766.965639,s,107.339147,s,71.0,°C
2025-12-12,10:29:27.214489,1765531767.214489,s,107.587997,s,71.0,°C
2025-12-12,10:29:27.466056,1765531767.466056,s,107.839564,s,71.0,°C
2025-12-12,10:29:27.714999,1765531767.714999,s,108.088507,s,71.0,°C
2025-12-12,10:29:27.966470,1765531767.96647,s,108.339978,s,71.0,°C
2025-12-12,10:29:28.215515,1765531768.215515,s,108.589023,s,71.0,°C
2025-12-12,10:29:28.466862,1765531768.466862,s,108.84037,s,71.0,°C
2025-12-12,10:29:28.716042,1765531768.716042,s,109.08955,s,71.0,°C
2025-12-12,10:29:28.967102,1765531768.967102,s,109.34061,s,71.0,°C
2025-12-12,10:29:29.216458,1765531769.216458,s,109.589966,s,71.0,°C
2025-12-12,10:29:29.467353,1765531769.467353,s,109.840861,s,71.0,°C
2025-12-12,10:29:29.716989,1765531769.716989,s,110.090497,s,71.0,°C
2025-12-12,10:29:29.967801,1765531769.967801,s,110.341309,s,71.0,°C
2025-12-12,10:29:30.217493,1765531770.217493,s,110.591001,s,71.0,°C
2025-12-12,10:29:30.468274,1765531770.468274,s,110.841782,s,71.0,°C
2025-12-12,10:29:30.717717,1765531770.717717,s,111.091225,s,71.0,°C
2025-12-12,10:29:30.968635,1765531770.968635,s,111.342143,s,71.0,°C
2025-12-12,10:29:31.218185,1765531771.218185,s,111.591693,s,71.0,°C
2025-12-12,10:29:31.468942,1765531771.468942,s,111.84245,s,71.0,°C
2025-12-12,10:29:31.718542,1765531771.718542,s,112.09205,s,71.0,°C
2025-12-12,10:29:31.969310,1765531771.96931,s,112.342818,s,71.0,°C
2025-12-12,10:29:32.219040,1765531772.21904,s,112.592548,s,71.0,°C
2025-12-12,10:29:32.469613,1765531772.469613,s,112.843121,s,71.0,°C
2025-12-12,10:29:32.719468,1765531772.719468,s,113.092976,s,71.0,°C
2025-12-12,10:29:32.970153,1765531772.970153,s,113.343661,s,71.0,°C
2025-12-12,10:29:33.219944,1765531773.219944,s,113.593452,s,71.0,°C
2025-12-12,10:29:33.470618,1765531773.470618,s,113.844126,s,71.0,°C
2025-12-12,10:29:33.720372,1765531773.720372,s,114.09388,s,71.0,°C
2025-12-12,10:29:33.970882,1765531773.970882,s,114.34439,s,71.0,°C
2025-12-12,10:29:34.220818,1765531774.220818,s,114.594326,s,71.0,°C
2025-12-12,10:29:34.471359,1765531774.471359,s,114.844867,s,71.0,°C
2025-12-12,10:29:34.721286,1765531774.721286,s,115.094794,s,71.0,°C
2025-12-12,10:29:34.971818,1765531774.971818,s,115.345326,s,71.0,°C
2025-12-12,10:29:35.221740,1765531775.22174,s,115.595248,s,71.0,°C
2025-12-12,10:29:35.472318,1765531775.472318,s,115.845826,s,71.0,°C
2025-12-12,10:29:35.722193,1765531775.722193,s,116.095701,s,71.0,°C
2025-12-12,10:29:35.972837,1765531775.972837,s,116.346345,s,71.0,°C
2025-12-12,10:29:36.222632,1765531776.222632,s,116.59614,s,71.0,°C
2025-12-12,10:29:36.473357,1765531776.473357,s,116.846865,s,71.0,°C
2025-12-12,10:29:36.723076,1765531776.723076,s,117.096584,s,71.0,°C
2025-12-12,10:29:36.973828,1765531776.973828,s,117.347336,s,71.0,°C
2025-12-12,10:29:37.223507,1765531777.223507,s,117.597015,s,71.0,°C
2025-12-12,10:29:37.474224,1765531777.474224,s,117.847732,s,71.0,°C
2025-12-12,10:29:37.723884,1765531777.723884,s,118.097392,s,71.0,°C
2025-12-12,10:29:37.974665,1765531777.974665,s,118.348173,s,71.0,°C
2025-12-12,10:29:38.224281,1765531778.224281,s,118.597789,s,71.0,°C
2025-12-12,10:29:38.475130,1765531778.47513,s,118.848638,s,71.0,°C
2025-12-12,10:29:38.724625,1765531778.724625,s,119.098133,s,71.0,°C
2025-12-12,10:29:38.975602,1765531778.975602,s,119.34911,s,71.0,°C
2025-12-12,10:29:39.224882,1765531779.224882,s,119.59839,s,71.0,°C
2025-12-12,10:29:39.476078,1765531779.476078,s,119.849586,s,71.0,°C
2025-12-12,10:29:39.725151,1765531779.725151,s,120.098659,s,71.0,°C
2025-12-12,10:29:39.976598,1765531779.976598,s,120.350106,s,71.0,°C
2025-12-12,10:29:40.225674,1765531780.225674,s,120.599182,s,71.0,°C
2025-12-12,10:29:40.477097,1765531780.477097,s,120.850605,s,71.0,°C
2025-12-12,10:29:40.726250,1765531780.72625,s,121.099758,s,71.0,°C
2025-12-12,10:29:40.977591,1765531780.977591,s,121.351099,s,71.0,°C
2025-12-12,10:29:41.226671,1765531781.226671,s,121.600179,s,71.0,°C
2025-12-12,10:29:41.478014,1765531781.478014,s,121.851522,s,71.0,°C
2025-12-12,10:29:41.726936,1765531781.726936,s,122.100444,s,71.0,°C
2025-12-12,10:29:41.978372,1765531781.978372,s,122.35188,s,71.0,°C
2025-12-12,10:29:42.227484,1765531782.227484,s,122.600992,s,71.0,°C
2025-12-12,10:29:42.478773,1765531782.478773,s,122.852281,s,71.0,°C
2025-12-12,10:29:42.728005,1765531782.728005,s,123.101513,s,71.0,°C
2025-12-12,10:29:42.979014,1765531782.979014,s,123.352522,s,71.0,°C
2025-12-12,10:29:43.228372,1765531783.228372,s,123.60188,s,71.0,°C
2025-12-12,10:29:43.479299,1765531783.479299,s,123.852807,s,71.0,°C
2025-12-12,10:29:43.728822,1765531783.728822,s,124.10233,s,71.0,°C
2025-12-12,10:29:43.979745,1765531783.979745,s,124.353253,s,71.0,°C
2025-12-12,10:29:44.229356,1765531784.229356,s,124.602864,s,71.0,°C
2025-12-12,10:29:44.480283,1765531784.480283,s,124.853791,s,71.0,°C
2025-12-12,10:29:44.729890,1765531784.72989,s,125.103398,s,71.0,°C
2025-12-12,10:29:44.980704,1765531784.980704,s,125.354212,s,71.0,°C
2025-12-12,10:29:45.230449,1765531785.230449,s,125.603957,s,71.0,°C
2025-12-12,10:29:45.481091,1765531785.481091,s,125.854599,s,71.0,°C
2025-12-12,10:29:45.730850,1765531785.73085,s,126.104358,s,71.0,°C
2025-12-12,10:29:45.981565,1765531785.981565,s,126.355073,s,71.0,°C
2025-12-12,10:29:46.231173,1765531786.231173,s,126.604681,s,71.0,°C
2025-12-12,10:29:46.481791,1765531786.481791,s,126.855299,s,71.0,°C
2025-12-12,10:29:46.731652,1765531786.731652,s,127.10516,s,71.0,°C
2025-12-12,10:29:46.982103,1765531786.982103,s,127.355611,s,71.0,°C
2025-12-12,10:29:47.232132,1765531787.232132,s,127.60564,s,71.0,°C
2025-12-12,10:29:47.482644,1765531787.482644,s,127.856152,s,71.0,°C
2025-12-12,10:29:47.732617,1765531787.732617,s,128.106125,s,71.0,°C
2025-12-12,10:29:47.983162,1765531787.983162,s,128.35667,s,71.0,°C
2025-12-12,10:29:48.233183,1765531788.233183,s,128.606691,s,71.0,°C
2025-12-12,10:29:48.483605,1765531788.483605,s,128.857113,s,71.0,°C
2025-12-12,10:29:48.733731,1765531788.733731,s,129.107239,s,71.0,°C
2025-12-12,10:29:48.984071,1765531788.984071,s,129.357579,s,70.0,°C
2025-12-12,10:29:49.234192,1765531789.234192,s,129.6077,s,70.0,°C
2025-12-12,10:29:49.484579,1765531789.484579,s,129.858087,s,70.0,°C
2025-12-12,10:29:49.734643,1765531789.734643,s,130.108151,s,70.0,°C
2025-12-12,10:29:49.985154,1765531789.985154,s,130.358662,s,70.0,°C
2025-12-12,10:29:50.235128,1765531790.235128,s,130.608636,s,71.0,°C
2025-12-12,10:29:50.485640,1765531790.48564,s,130.859148,s,71.0,°C
2025-12-12,10:29:50.735601,1765531790.735601,s,131.109109,s,71.0,°C
2025-12-12,10:29:50.985882,1765531790.985882,s,131.35939,s,71.0,°C
2025-12-12,10:29:51.235895,1765531791.235895,s,131.609403,s,71.0,°C
2025-12-12,10:29:51.486239,1765531791.486239,s,131.859747,s,71.0,°C
2025-12-12,10:29:51.736367,1765531791.736367,s,132.109875,s,71.0,°C
2025-12-12,10:29:51.986850,1765531791.98685,s,132.360358,s,71.0,°C
2025-12-12,10:29:52.236976,1765531792.236976,s,132.610484,s,71.0,°C
2025-12-12,10:29:52.487344,1765531792.487344,s,132.860852,s,71.0,°C
2025-12-12,10:29:52.737326,1765531792.737326,s,133.110834,s,71.0,°C
2025-12-12,10:29:52.987702,1765531792.987702,s,133.36121,s,71.0,°C
2025-12-12,10:29:53.237773,1765531793.237773,s,133.611281,s,71.0,°C
2025-12-12,10:29:53.488121,1765531793.488121,s,133.861629,s,71.0,°C
2025-12-12,10:29:53.738058,1765531793.738058,s,134.111566,s,71.0,°C
2025-12-12,10:29:53.988596,1765531793.988596,s,134.362104,s,71.0,°C
2025-12-12,10:29:54.238437,1765531794.238437,s,134.611945,s,71.0,°C
2025-12-12,10:29:54.488893,1765531794.488893,s,134.862401,s,71.0,°C
2025-12-12,10:29:54.738706,1765531794.738706,s,135.112214,s,71.0,°C
2025-12-12,10:29:54.989371,1765531794.989371,s,135.362879,s,71.0,°C
2025-12-12,10:29:55.239212,1765531795.239212,s,135.61272,s,71.0,°C
2025-12-12,10:29:55.489884,1765531795.489884,s,135.863392,s,71.0,°C
2025-12-12,10:29:55.739785,1765531795.739785,s,136.113293,s,71.0,°C
2025-12-12,10:29:55.990137,1765531795.990137,s,136.363645,s,71.0,°C
2025-12-12,10:29:56.240289,1765531796.240289,s,136.613797,s,71.0,°C
2025-12-12,10:29:56.490476,1765531796.490476,s,136.863984,s,71.0,°C
2025-12-12,10:29:56.740817,1765531796.740817,s,137.114325,s,71.0,°C
2025-12-12,10:29:56.990832,1765531796.990832,s,137.36434,s,71.0,°C
2025-12-12,10:29:57.241250,1765531797.24125,s,137.614758,s,71.0,°C
2025-12-12,10:29:57.491261,1765531797.491261,s,137.864769,s,71.0,°C
2025-12-12,10:29:57.741677,1765531797.741677,s,138.115185,s,71.0,°C
2025-12-12,10:29:57.991612,1765531797.991612,s,138.36512,s,71.0,°C
2025-12-12,10:29:58.242195,1765531798.242195,s,138.615703,s,71.0,°C
2025-12-12,10:29:58.491886,1765531798.491886,s,138.865394,s,71.0,°C
2025-12-12,10:29:58.742678,1765531798.742678,s,139.116186,s,71.0,°C
2025-12-12,10:29:58.992224,1765531798.992224,s,139.365732,s,71.0,°C
2025-12-12,10:29:59.243133,1765531799.243133,s,139.616641,s,71.0,°C
2025-12-12,10:29:59.492571,1765531799.492571,s,139.866079,s,71.0,°C
2025-12-12,10:29:59.743587,1765531799.743587,s,140.117095,s,71.0,°C
2025-12-12,10:29:59.992883,1765531799.992883,s,140.366391,s,71.0,°C
2025-12-12,10:30:00.243877,1765531800.243877,s,140.617385,s,71.0,°C
2025-12-12,10:30:00.493210,1765531800.49321,s,140.866718,s,71.0,°C
2025-12-12,10:30:00.744211,1765531800.744211,s,141.117719,s,71.0,°C
2025-12-12,10:30:00.993524,1765531800.993524,s,141.367032,s,71.0,°C
2025-12-12,10:30:01.244708,1765531801.244708,s,141.618216,s,71.0,°C
2025-12-12,10:30:01.493795,1765531801.493795,s,141.867303,s,71.0,°C
2025-12-12,10:30:01.744970,1765531801.74497,s,142.118478,s,71.0,°C
2025-12-12,10:30:01.994110,1765531801.99411,s,142.367618,s,71.0,°C
2025-12-12,10:30:02.245386,1765531802.245386,s,142.618894,s,71.0,°C
2025-12-12,10:30:02.494440,1765531802.49444,s,142.867948,s,71.0,°C
2025-12-12,10:30:02.745834,1765531802.745834,s,143.119342,s,71.0,°C
2025-12-12,10:30:02.994788,1765531802.994788,s,143.368296,s,71.0,°C
2025-12-12,10:30:03.246287,1765531803.246287,s,143.619795,s,71.0,°C
2025-12-12,10:30:03.495184,1765531803.495184,s,143.868692,s,71.0,°C
2025-12-12,10:30:03.746576,1765531803.746576,s,144.120084,s,71.0,°C
2025-12-12,10:30:03.995548,1765531803.995548,s,144.369056,s,71.0,°C
2025-12-12,10:30:04.247117,1765531804.247117,s,144.620625,s,71.0,°C
2025-12-12,10:30:04.495939,1765531804.495939,s,144.869447,s,71.0,°C
2025-12-12,10:30:04.747630,1765531804.74763,s,145.121138,s,71.0,°C
2025-12-12,10:30:04.996301,1765531804.996301,s,145.369809,s,71.0,°C
2025-12-12,10:30:05.248126,1765531805.248126,s,145.621634,s,71.0,°C
2025-12-12,10:30:05.496657,1765531805.496657,s,145.870165,s,71.0,°C
2025-12-12,10:30:05.748537,1765531805.748537,s,146.122045,s,71.0,°C
2025-12-12,10:30:05.996934,1765531805.996934,s,146.370442,s,71.0,°C
2025-12-12,10:30:06.248987,1765531806.248987,s,146.622495,s,71.0,°C
2025-12-12,10:30:06.497298,1765531806.497298,s,146.870806,s,71.0,°C
2025-12-12,10:30:06.749312,1765531806.749312,s,147.12282,s,71.0,°C
2025-12-12,10:30:06.997651,1765531806.997651,s,147.371159,s,71.0,°C
2025-12-12,10:30:07.249807,1765531807.249807,s,147.623315,s,71.0,°C
2025-12-12,10:30:07.498145,1765531807.498145,s,147.871653,s,71.0,°C
2025-12-12,10:30:07.750266,1765531807.750266,s,148.123774,s,71.0,°C
2025-12-12,10:30:07.998531,1765531807.998531,s,148.372039,s,71.0,°C
2025-12-12,10:30:08.250572,1765531808.250572,s,148.62408,s,71.0,°C
2025-12-12,10:30:08.498785,1765531808.498785,s,148.872293,s,71.0,°C
2025-12-12,10:30:08.750832,1765531808.750832,s,149.12434,s,71.0,°C
2025-12-12,10:30:08.999025,1765531808.999025,s,149.372533,s,71.0,°C
2025-12-12,10:30:09.251166,1765531809.251166,s,149.624674,s,71.0,°C
2025-12-12,10:30:09.499478,1765531809.499478,s,149.872986,s,71.0,°C
2025-12-12,10:30:09.751618,1765531809.751618,s,150.125126,s,71.0,°C
2025-12-12,10:30:09.999798,1765531809.999798,s,150.373306,s,71.0,°C
2025-12-12,10:30:10.252141,1765531810.252141,s,150.625649,s,71.0,°C
2025-12-12,10:30:10.500155,1765531810.500155,s,150.873663,s,71.0,°C
2025-12-12,10:30:10.752514,1765531810.752514,s,151.126022,s,71.0,°C
2025-12-12,10:30:11.000670,1765531811.00067,s,151.374178,s,71.0,°C
2025-12-12,10:30:11.252841,1765531811.252841,s,151.626349,s,71.0,°C
2025-12-12,10:30:11.501158,1765531811.501158,s,151.874666,s,71.0,°C
2025-12-12,10:30:11.753377,1765531811.753377,s,152.126885,s,71.0,°C
2025-12-12,10:30:12.001482,1765531812.001482,s,152.37499,s,71.0,°C
2025-12-12,10:30:12.253862,1765531812.253862,s,152.62737,s,71.0,°C
2025-12-12,10:30:12.501806,1765531812.501806,s,152.875314,s,71.0,°C
2025-12-12,10:30:12.754292,1765531812.754292,s,153.1278,s,71.0,°C
2025-12-12,10:30:13.002038,1765531813.002038,s,153.375546,s,71.0,°C
2025-12-12,10:30:13.254844,1765531813.254844,s,153.628352,s,71.0,°C
2025-12-12,10:30:13.502444,1765531813.502444,s,153.875952,s,71.0,°C
2025-12-12,10:30:13.755231,1765531813.755231,s,154.128739,s,71.0,°C
2025-12-12,10:30:14.002856,1765531814.002856,s,154.376364,s,71.0,°C
2025-12-12,10:30:14.255756,1765531814.255756,s,154.629264,s,71.0,°C
2025-12-12,10:30:14.503154,1765531814.503154,s,154.876662,s,71.0,°C
2025-12-12,10:30:14.756098,1765531814.756098,s,155.129606,s,71.0,°C
2025-12-12,10:30:15.003602,1765531815.003602,s,155.37711,s,71.0,°C
2025-12-12,10:30:15.256593,1765531815.256593,s,155.630101,s,71.0,°C
2025-12-12,10:30:15.504043,1765531815.504043,s,155.877551,s,71.0,°C
2025-12-12,10:30:15.757104,1765531815.757104,s,156.130612,s,71.0,°C
2025-12-12,10:30:16.004358,1765531816.004358,s,156.377866,s,71.0,°C
2025-12-12,10:30:16.257544,1765531816.257544,s,156.631052,s,71.0,°C
2025-12-12,10:30:16.504675,1765531816.504675,s,156.878183,s,71.0,°C
2025-12-12,10:30:16.757827,1765531816.757827,s,157.131335,s,71.0,°C
2025-12-12,10:30:17.005077,1765531817.005077,s,157.378585,s,71.0,°C
2025-12-12,10:30:17.258301,1765531817.258301,s,157.631809,s,71.0,°C
2025-12-12,10:30:17.505481,1765531817.505481,s,157.878989,s,71.0,°C
2025-12-12,10:30:17.758666,1765531817.758666,s,158.132174,s,71.0,°C
2025-12-12,10:30:18.005707,1765531818.005707,s,158.379215,s,71.0,°C
2025-12-12,10:30:18.259129,1765531818.259129,s,158.632637,s,71.0,°C
2025-12-12,10:30:18.505880,1765531818.50588,s,158.879388,s,71.0,°C
2025-12-12,10:30:18.759523,1765531818.759523,s,159.133031,s,71.0,°C
2025-12-12,10:30:19.006233,1765531819.006233,s,159.379741,s,71.0,°C
2025-12-12,10:30:19.259860,1765531819.25986,s,159.633368,s,71.0,°C
2025-12-12,10:30:19.506768,1765531819.506768,s,159.880276,s,71.0,°C
2025-12-12,10:30:19.760322,1765531819.760322,s,160.13383,s,71.0,°C
2025-12-12,10:30:20.007067,1765531820.007067,s,160.380575,s,71.0,°C
2025-12-12,10:30:20.260837,1765531820.260837,s,160.634345,s,71.0,°C
2025-12-12,10:30:20.507581,1765531820.507581,s,160.881089,s,71.0,°C
2025-12-12,10:30:20.761238,1765531820.761238,s,161.134746,s,71.0,°C
2025-12-12,10:30:21.007817,1765531821.007817,s,161.381325,s,71.0,°C
2025-12-12,10:30:21.261716,1765531821.261716,s,161.635224,s,71.0,°C
2025-12-12,10:30:21.508280,1765531821.50828,s,161.881788,s,71.0,°C
2025-12-12,10:30:21.761983,1765531821.761983,s,162.135491,s,71.0,°C
2025-12-12,10:30:22.008832,1765531822.008832,s,162.38234,s,71.0,°C
2025-12-12,10:30:22.262546,1765531822.262546,s,162.636054,s,71.0,°C
2025-12-12,10:30:22.509351,1765531822.509351,s,162.882859,s,71.0,°C
2025-12-12,10:30:22.762927,1765531822.762927,s,163.136435,s,71.0,°C
2025-12-12,10:30:23.009589,1765531823.009589,s,163.383097,s,71.0,°C
2025-12-12,10:30:23.263488,1765531823.263488,s,163.636996,s,71.0,°C
2025-12-12,10:30:23.510054,1765531823.510054,s,163.883562,s,71.0,°C
2025-12-12,10:30:23.763988,1765531823.763988,s,164.137496,s,71.0,°C
2025-12-12,10:30:24.010385,1765531824.010385,s,164.383893,s,71.0,°C
2025-12-12,10:30:24.264378,1765531824.264378,s,164.637886,s,71.0,°C
2025-12-12,10:30:24.510814,1765531824.510814,s,164.884322,s,71.0,°C
2025-12-12,10:30:24.764625,1765531824.764625,s,165.138133,s,71.0,°C
2025-12-12,10:30:25.011123,1765531825.011123,s,165.384631,s,71.0,°C
2025-12-12,10:30:25.265169,1765531825.265169,s,165.638677,s,71.0,°C
2025-12-12,10:30:25.511594,1765531825.511594,s,165.885102,s,71.0,°C
2025-12-12,10:30:25.765698,1765531825.765698,s,166.139206,s,71.0,°C
2025-12-12,10:30:26.011886,1765531826.011886,s,166.385394,s,71.0,°C
2025-12-12,10:30:26.265979,1765531826.265979,s,166.639487,s,71.0,°C
2025-12-12,10:30:26.512340,1765531826.51234,s,166.885848,s,71.0,°C
2025-12-12,10:30:26.766266,1765531826.766266,s,167.139774,s,71.0,°C
2025-12-12,10:30:27.012779,1765531827.012779,s,167.386287,s,71.0,°C
2025-12-12,10:30:27.266703,1765531827.266703,s,167.640211,s,71.0,°C
2025-12-12,10:30:27.513026,1765531827.513026,s,167.886534,s,71.0,°C
2025-12-12,10:30:27.767207,1765531827.767207,s,168.140715,s,71.0,°C
2025-12-12,10:30:28.013480,1765531828.01348,s,168.386988,s,71.0,°C
2025-12-12,10:30:28.267655,1765531828.267655,s,168.641163,s,71.0,°C
2025-12-12,10:30:28.513877,1765531828.513877,s,168.887385,s,71.0,°C
2025-12-12,10:30:28.768142,1765531828.768142,s,169.14165,s,71.0,°C
2025-12-12,10:30:29.014299,1765531829.014299,s,169.387807,s,71.0,°C
2025-12-12,10:30:29.268509,1765531829.268509,s,169.642017,s,71.0,°C
2025-12-12,10:30:29.514736,1765531829.514736,s,169.888244,s,71.0,°C
2025-12-12,10:30:29.769052,1765531829.769052,s,170.14256,s,71.0,°C
2025-12-12,10:30:30.015159,1765531830.015159,s,170.388667,s,71.0,°C
2025-12-12,10:30:30.269467,1765531830.269467,s,170.642975,s,71.0,°C
2025-12-12,10:30:30.515466,1765531830.515466,s,170.888974,s,71.0,°C
2025-12-12,10:30:30.769944,1765531830.769944,s,171.143452,s,71.0,°C
2025-12-12,10:30:31.015773,1765531831.015773,s,171.389281,s,71.0,°C
2025-12-12,10:30:31.270377,1765531831.270377,s,171.643885,s,71.0,°C
2025-12-12,10:30:31.516113,1765531831.516113,s,171.889621,s,71.0,°C
2025-12-12,10:30:31.770865,1765531831.770865,s,172.144373,s,71.0,°C
2025-12-12,10:30:32.016584,1765531832.016584,s,172.390092,s,71.0,°C
2025-12-12,10:30:32.271243,1765531832.271243,s,172.644751,s,71.0,°C
2025-12-12,10:30:32.517069,1765531832.517069,s,172.890577,s,71.0,°C
2025-12-12,10:30:32.771812,1765531832.771812,s,173.14532,s,71.0,°C
2025-12-12,10:30:33.017419,1765531833.017419,s,173.390927,s,71.0,°C
2025-12-12,10:30:33.272052,1765531833.272052,s,173.64556,s,71.0,°C
2025-12-12,10:30:33.517924,1765531833.517924,s,173.891432,s,71.0,°C
2025-12-12,10:30:33.772509,1765531833.772509,s,174.146017,s,71.0,°C
2025-12-12,10:30:34.018329,1765531834.018329,s,174.391837,s,71.0,°C
2025-12-12,10:30:34.272817,1765531834.272817,s,174.646325,s,71.0,°C
2025-12-12,10:30:34.518812,1765531834.518812,s,174.89232,s,71.0,°C
2025-12-12,10:30:34.773317,1765531834.773317,s,175.146825,s,71.0,°C
2025-12-12,10:30:35.019299,1765531835.019299,s,175.392807,s,71.0,°C
2025-12-12,10:30:35.273647,1765531835.273647,s,175.647155,s,71.0,°C
2025-12-12,10:30:35.519758,1765531835.519758,s,175.893266,s,71.0,°C
2025-12-12,10:30:35.773911,1765531835.773911,s,176.147419,s,71.0,°C
2025-12-12,10:30:36.020087,1765531836.020087,s,176.393595,s,71.0,°C
2025-12-12,10:30:36.274319,1765531836.274319,s,176.647827,s,71.0,°C
2025-12-12,10:30:36.520591,1765531836.520591,s,176.894099,s,71.0,°C
2025-12-12,10:30:36.774573,1765531836.774573,s,177.148081,s,71.0,°C
2025-12-12,10:30:37.021112,1765531837.021112,s,177.39462,s,71.0,°C
2025-12-12,10:30:37.275011,1765531837.275011,s,177.648519,s,71.0,°C
2025-12-12,10:30:37.521584,1765531837.521584,s,177.895092,s,71.0,°C
2025-12-12,10:30:37.775445,1765531837.775445,s,178.148953,s,71.0,°C
2025-12-12,10:30:38.022119,1765531838.022119,s,178.395627,s,71.0,°C
2025-12-12,10:30:38.275867,1765531838.275867,s,178.649375,s,71.0,°C
2025-12-12,10:30:38.522601,1765531838.522601,s,178.896109,s,71.0,°C
2025-12-12,10:30:38.776182,1765531838.776182,s,179.14969,s,71.0,°C
2025-12-12,10:30:39.023041,1765531839.023041,s,179.396549,s,71.0,°C
2025-12-12,10:30:39.276481,1765531839.276481,s,179.649989,s,71.0,°C
2025-12-12,10:30:39.523477,1765531839.523477,s,179.896985,s,71.0,°C
2025-12-12,10:30:39.776911,1765531839.776911,s,180.150419,s,71.0,°C
2025-12-12,10:30:40.023954,1765531840.023954,s,180.397462,s,71.0,°C
2025-12-12,10:30:40.277659,1765531840.277659,s,180.651167,s,71.0,°C
2025-12-12,10:30:40.524262,1765531840.524262,s,180.89777,s,71.0,°C
2025-12-12,10:30:40.778177,1765531840.778177,s,181.151685,s,71.0,°C
2025-12-12,10:30:41.024570,1765531841.02457,s,181.398078,s,71.0,°C
2025-12-12,10:30:41.278718,1765531841.278718,s,181.652226,s,71.0,°C
2025-12-12,10:30:41.525036,1765531841.525036,s,181.898544,s,71.0,°C
2025-12-12,10:30:41.779301,1765531841.779301,s,182.152809,s,71.0,°C
2025-12-12,10:30:42.025487,1765531842.025487,s,182.398995,s,71.0,°C
2025-12-12,10:30:42.279770,1765531842.27977,s,182.653278,s,71.0,°C
2025-12-12,10:30:42.525934,1765531842.525934,s,182.899442,s,71.0,°C
2025-12-12,10:30:42.780248,1765531842.780248,s,183.153756,s,71.0,°C
2025-12-12,10:30:43.026320,1765531843.02632,s,183.399828,s,71.0,°C
2025-12-12,10:30:43.280801,1765531843.280801,s,183.654309,s,71.0,°C
2025-12-12,10:30:43.526643,1765531843.526643,s,183.900151,s,71.0,°C
2025-12-12,10:30:43.781070,1765531843.78107,s,184.154578,s,71.0,°C
2025-12-12,10:30:44.026897,1765531844.026897,s,184.400405,s,71.0,°C
2025-12-12,10:30:44.281570,1765531844.28157,s,184.655078,s,71.0,°C
2025-12-12,10:30:44.527329,1765531844.527329,s,184.900837,s,71.0,°C
2025-12-12,10:30:44.781849,1765531844.781849,s,185.155357,s,71.0,°C
2025-12-12,10:30:45.027648,1765531845.027648,s,185.401156,s,71.0,°C
2025-12-12,10:30:45.282352,1765531845.282352,s,185.65586,s,71.0,°C
2025-12-12,10:30:45.527887,1765531845.527887,s,185.901395,s,71.0,°C
2025-12-12,10:30:45.782698,1765531845.782698,s,186.156206,s,71.0,°C
2025-12-12,10:30:46.028213,1765531846.028213,s,186.401721,s,71.0,°C
2025-12-12,10:30:46.283175,1765531846.283175,s,186.656683,s,71.0,°C
2025-12-12,10:30:46.528698,1765531846.528698,s,186.902206,s,71.0,°C
2025-12-12,10:30:46.783468,1765531846.783468,s,187.156976,s,71.0,°C
2025-12-12,10:30:47.028948,1765531847.028948,s,187.402456,s,71.0,°C
2025-12-12,10:30:47.283888,1765531847.283888,s,187.657396,s,71.0,°C
2025-12-12,10:30:47.529414,1765531847.529414,s,187.902922,s,71.0,°C
2025-12-12,10:30:47.784435,1765531847.784435,s,188.157943,s,71.0,°C
2025-12-12,10:30:48.029776,1765531848.029776,s,188.403284,s,71.0,°C
2025-12-12,10:30:48.285017,1765531848.285017,s,188.658525,s,71.0,°C
2025-12-12,10:30:48.530230,1765531848.53023,s,188.903738,s,71.0,°C
2025-12-12,10:30:48.785478,1765531848.785478,s,189.158986,s,71.0,°C
2025-12-12,10:30:49.030581,1765531849.030581,s,189.404089,s,71.0,°C
2025-12-12,10:30:49.285806,1765531849.285806,s,189.659314,s,71.0,°C
2025-12-12,10:30:49.530878,1765531849.530878,s,189.904386,s,71.0,°C
2025-12-12,10:30:49.786254,1765531849.786254,s,190.159762,s,71.0,°C
2025-12-12,10:30:50.031308,1765531850.031308,s,190.404816,s,71.0,°C
2025-12-12,10:30:50.286715,1765531850.286715,s,190.660223,s,71.0,°C
2025-12-12,10:30:50.531637,1765531850.531637,s,190.905145,s,71.0,°C
2025-12-12,10:30:50.786954,1765531850.786954,s,191.160462,s,71.0,°C
2025-12-12,10:30:51.032012,1765531851.032012,s,191.40552,s,71.0,°C
2025-12-12,10:30:51.287415,1765531851.287415,s,191.660923,s,71.0,°C
2025-12-12,10:30:51.532609,1765531851.532609,s,191.906117,s,71.0,°C
2025-12-12,10:30:51.787944,1765531851.787944,s,192.161452,s,71.0,°C
2025-12-12,10:30:52.033140,1765531852.03314,s,192.406648,s,71.0,°C
2025-12-12,10:30:52.288365,1765531852.288365,s,192.661873,s,71.0,°C
2025-12-12,10:30:52.533642,1765531852.533642,s,192.90715,s,71.0,°C
2025-12-12,10:30:52.788774,1765531852.788774,s,193.162282,s,71.0,°C
2025-12-12,10:30:53.033932,1765531853.033932,s,193.40744,s,71.0,°C
2025-12-12,10:30:53.289054,1765531853.289054,s,193.662562,s,71.0,°C
2025-12-12,10:30:53.534349,1765531853.534349,s,193.907857,s,71.0,°C
2025-12-12,10:30:53.789519,1765531853.789519,s,194.163027,s,71.0,°C
2025-12-12,10:30:54.034792,1765531854.034792,s,194.4083,s,71.0,°C
2025-12-12,10:30:54.289814,1765531854.289814,s,194.663322,s,71.0,°C
2025-12-12,10:30:54.535228,1765531854.535228,s,194.908736,s,71.0,°C
2025-12-12,10:30:54.790033,1765531854.790033,s,195.163541,s,71.0,°C
2025-12-12,10:30:55.035473,1765531855.035473,s,195.408981,s,71.0,°C
2025-12-12,10:30:55.290532,1765531855.290532,s,195.66404,s,71.0,°C
2025-12-12,10:30:55.535989,1765531855.535989,s,195.909497,s,71.0,°C
2025-12-12,10:30:55.791051,1765531855.791051,s,196.164559,s,71.0,°C
2025-12-12,10:30:56.036396,1765531856.036396,s,196.409904,s,71.0,°C
2025-12-12,10:30:56.291593,1765531856.291593,s,196.665101,s,71.0,°C
2025-12-12,10:30:56.536853,1765531856.536853,s,196.910361,s,71.0,°C
2025-12-12,10:30:56.792081,1765531856.792081,s,197.165589,s,71.0,°C
2025-12-12,10:30:57.037282,1765531857.037282,s,197.41079,s,71.0,°C
2025-12-12,10:30:57.292635,1765531857.292635,s,197.666143,s,71.0,°C
2025-12-12,10:30:57.537696,1765531857.537696,s,197.911204,s,71.0,°C
2025-12-12,10:30:57.793149,1765531857.793149,s,198.166657,s,71.0,°C
2025-12-12,10:30:58.038124,1765531858.038124,s,198.411632,s,71.0,°C
2025-12-12,10:30:58.293629,1765531858.293629,s,198.667137,s,71.0,°C
2025-12-12,10:30:58.538456,1765531858.538456,s,198.911964,s,71.0,°C
2025-12-12,10:30:58.794194,1765531858.794194,s,199.167702,s,71.0,°C
2025-12-12,10:30:59.038810,1765531859.03881,s,199.412318,s,71.0,°C
2025-12-12,10:30:59.294719,1765531859.294719,s,199.668227,s,71.0,°C
2025-12-12,10:30:59.539283,1765531859.539283,s,199.912791,s,71.0,°C
2025-12-12,10:30:59.795193,1765531859.795193,s,200.168701,s,71.0,°C
2025-12-12,10:31:00.039870,1765531860.03987,s,200.413378,s,71.0,°C
2025-12-12,10:31:00.295706,1765531860.295706,s,200.669214,s,71.0,°C
2025-12-12,10:31:00.540197,1765531860.540197,s,200.913705,s,71.0,°C
2025-12-12,10:31:00.796220,1765531860.79622,s,201.169728,s,71.0,°C
2025-12-12,10:31:01.040530,1765531861.04053,s,201.414038,s,71.0,°C
2025-12-12,10:31:01.296747,1765531861.296747,s,201.670255,s,71.0,°C
2025-12-12,10:31:01.540729,1765531861.540729,s,201.914237,s,71.0,°C
2025-12-12,10:31:01.797236,1765531861.797236,s,202.170744,s,71.0,°C
2025-12-12,10:31:02.041189,1765531862.041189,s,202.414697,s,71.0,°C
2025-12-12,10:31:02.297789,1765531862.297789,s,202.671297,s,71.0,°C
2025-12-12,10:31:02.541565,1765531862.541565,s,202.915073,s,71.0,°C
2025-12-12,10:31:02.798282,1765531862.798282,s,203.17179,s,71.0,°C
2025-12-12,10:31:03.042034,1765531863.042034,s,203.415542,s,71.0,°C
2025-12-12,10:31:03.298768,1765531863.298768,s,203.672276,s,71.0,°C
2025-12-12,10:31:03.542407,1765531863.542407,s,203.915915,s,71.0,°C
2025-12-12,10:31:03.799051,1765531863.799051,s,204.172559,s,71.0,°C
2025-12-12,10:31:04.042958,1765531864.042958,s,204.416466,s,71.0,°C
2025-12-12,10:31:04.299483,1765531864.299483,s,204.672991,s,71.0,°C
2025-12-12,10:31:04.543485,1765531864.543485,s,204.916993,s,71.0,°C
2025-12-12,10:31:04.799913,1765531864.799913,s,205.173421,s,71.0,°C
2025-12-12,10:31:05.043926,1765531865.043926,s,205.417434,s,71.0,°C
2025-12-12,10:31:05.300307,1765531865.300307,s,205.673815,s,71.0,°C
2025-12-12,10:31:05.544266,1765531865.544266,s,205.917774,s,71.0,°C
2025-12-12,10:31:05.800717,1765531865.800717,s,206.174225,s,71.0,°C
2025-12-12,10:31:06.044792,1765531866.044792,s,206.4183,s,71.0,°C
2025-12-12,10:31:06.300964,1765531866.300964,s,206.674472,s,71.0,°C
2025-12-12,10:31:06.545213,1765531866.545213,s,206.918721,s,71.0,°C
2025-12-12,10:31:06.801219,1765531866.801219,s,207.174727,s,71.0,°C
2025-12-12,10:31:07.045749,1765531867.045749,s,207.419257,s,71.0,°C
2025-12-12,10:31:07.301477,1765531867.301477,s,207.674985,s,71.0,°C
2025-12-12,10:31:07.546292,1765531867.546292,s,207.9198,s,71.0,°C
2025-12-12,10:31:07.801824,1765531867.801824,s,208.175332,s,71.0,°C
2025-12-12,10:31:08.046780,1765531868.04678,s,208.420288,s,71.0,°C
2025-12-12,10:31:08.302309,1765531868.302309,s,208.675817,s,71.0,°C
2025-12-12,10:31:08.547300,1765531868.5473,s,208.920808,s,71.0,°C
2025-12-12,10:31:08.802695,1765531868.802695,s,209.176203,s,71.0,°C
2025-12-12,10:31:09.047768,1765531869.047768,s,209.421276,s,71.0,°C
2025-12-12,10:31:09.302947,1765531869.302947,s,209.676455,s,71.0,°C
2025-12-12,10:31:09.548225,1765531869.548225,s,209.921733,s,71.0,°C
2025-12-12,10:31:09.803298,1765531869.803298,s,210.176806,s,71.0,°C
2025-12-12,10:31:10.048729,1765531870.048729,s,210.422237,s,71.0,°C
2025-12-12,10:31:10.303860,1765531870.30386,s,210.677368,s,71.0,°C
2025-12-12,10:31:10.549192,1765531870.549192,s,210.9227,s,71.0,°C
2025-12-12,10:31:10.804364,1765531870.804364,s,211.177872,s,71.0,°C
2025-12-12,10:31:11.049636,1765531871.049636,s,211.423144,s,71.0,°C
2025-12-12,10:31:11.304826,1765531871.304826,s,211.678334,s,71.0,°C
2025-12-12,10:31:11.550093,1765531871.550093,s,211.923601,s,71.0,°C
2025-12-12,10:31:11.805228,1765531871.805228,s,212.178736,s,71.0,°C
2025-12-12,10:31:12.050558,1765531872.050558,s,212.424066,s,71.0,°C
2025-12-12,10:31:12.305738,1765531872.305738,s,212.679246,s,71.0,°C
2025-12-12,10:31:12.551020,1765531872.55102,s,212.924528,s,71.0,°C
2025-12-12,10:31:12.806271,1765531872.806271,s,213.179779,s,71.0,°C
2025-12-12,10:31:13.051356,1765531873.051356,s,213.424864,s,71.0,°C
2025-12-12,10:31:13.306765,1765531873.306765,s,213.680273,s,71.0,°C
2025-12-12,10:31:13.551694,1765531873.551694,s,213.925202,s,71.0,°C
2025-12-12,10:31:13.807222,1765531873.807222,s,214.18073,s,71.0,°C
2025-12-12,10:31:14.051940,1765531874.05194,s,214.425448,s,71.0,°C
2025-12-12,10:31:14.307704,1765531874.307704,s,214.681212,s,71.0,°C
2025-12-12,10:31:14.552279,1765531874.552279,s,214.925787,s,71.0,°C
2025-12-12,10:31:14.807989,1765531874.807989,s,215.181497,s,71.0,°C
2025-12-12,10:31:15.052791,1765531875.052791,s,215.426299,s,71.0,°C
2025-12-12,10:31:15.308451,1765531875.308451,s,215.681959,s,71.0,°C
2025-12-12,10:31:15.553044,1765531875.553044,s,215.926552,s,71.0,°C
2025-12-12,10:31:15.808710,1765531875.80871,s,216.182218,s,71.0,°C
2025-12-12,10:31:16.053374,1765531876.053374,s,216.426882,s,71.0,°C
2025-12-12,10:31:16.309142,1765531876.309142,s,216.68265,s,70.0,°C
2025-12-12,10:31:16.553826,1765531876.553826,s,216.927334,s,70.0,°C
2025-12-12,10:31:16.809599,1765531876.809599,s,217.183107,s,70.0,°C
2025-12-12,10:31:17.054356,1765531877.054356,s,217.427864,s,70.0,°C
2025-12-12,10:31:17.309844,1765531877.309844,s,217.683352,s,70.0,°C
2025-12-12,10:31:17.554890,1765531877.55489,s,217.928398,s,71.0,°C
2025-12-12,10:31:17.810275,1765531877.810275,s,218.183783,s,71.0,°C
2025-12-12,10:31:18.055412,1765531878.055412,s,218.42892,s,71.0,°C
2025-12-12,10:31:18.310733,1765531878.310733,s,218.684241,s,71.0,°C
2025-12-12,10:31:18.555763,1765531878.555763,s,218.929271,s,71.0,°C
2025-12-12,10:31:18.811187,1765531878.811187,s,219.184695,s,70.0,°C
2025-12-12,10:31:19.056209,1765531879.056209,s,219.429717,s,70.0,°C
2025-12-12,10:31:19.311670,1765531879.31167,s,219.685178,s,70.0,°C
2025-12-12,10:31:19.556717,1765531879.556717,s,219.930225,s,70.0,°C
2025-12-12,10:31:19.812141,1765531879.812141,s,220.185649,s,71.0,°C
2025-12-12,10:31:20.057000,1765531880.057,s,220.430508,s,71.0,°C
2025-12-12,10:31:20.312607,1765531880.312607,s,220.686115,s,71.0,°C
2025-12-12,10:31:20.557335,1765531880.557335,s,220.930843,s,71.0,°C
2025-12-12,10:31:20.813112,1765531880.813112,s,221.18662,s,71.0,°C
2025-12-12,10:31:21.057819,1765531881.057819,s,221.431327,s,71.0,°C
2025-12-12,10:31:21.313536,1765531881.313536,s,221.687044,s,71.0,°C
2025-12-12,10:31:21.558366,1765531881.558366,s,221.931874,s,71.0,°C
2025-12-12,10:31:21.813872,1765531881.813872,s,222.18738,s,71.0,°C
2025-12-12,10:31:22.058749,1765531882.058749,s,222.432257,s,71.0,°C
2025-12-12,10:31:22.314332,1765531882.314332,s,222.68784,s,71.0,°C
2025-12-12,10:31:22.559217,1765531882.559217,s,222.932725,s,71.0,°C
2025-12-12,10:31:22.814792,1765531882.814792,s,223.1883,s,70.0,°C
2025-12-12,10:31:23.059599,1765531883.059599,s,223.433107,s,70.0,°C
2025-12-12,10:31:23.315119,1765531883.315119,s,223.688627,s,70.0,°C
2025-12-12,10:31:23.560156,1765531883.560156,s,223.933664,s,70.0,°C
2025-12-12,10:31:23.815580,1765531883.81558,s,224.189088,s,70.0,°C
2025-12-12,10:31:24.060609,1765531884.060609,s,224.434117,s,71.0,°C
2025-12-12,10:31:24.315912,1765531884.315912,s,224.68942,s,71.0,°C
2025-12-12,10:31:24.561101,1765531884.561101,s,224.934609,s,70.0,°C
2025-12-12,10:31:24.816195,1765531884.816195,s,225.189703,s,70.0,°C
2025-12-12,10:31:25.061424,1765531885.061424,s,225.434932,s,70.0,°C
2025-12-12,10:31:25.316701,1765531885.316701,s,225.690209,s,70.0,°C
2025-12-12,10:31:25.561766,1765531885.561766,s,225.935274,s,70.0,°C
2025-12-12,10:31:25.817183,1765531885.817183,s,226.190691,s,71.0,°C
2025-12-12,10:31:26.062268,1765531886.062268,s,226.435776,s,71.0,°C
2025-12-12,10:31:26.317590,1765531886.31759,s,226.691098,s,71.0,°C
2025-12-12,10:31:26.562770,1765531886.56277,s,226.936278,s,71.0,°C
2025-12-12,10:31:26.818146,1765531886.818146,s,227.191654,s,71.0,°C
2025-12-12,10:31:27.063013,1765531887.063013,s,227.436521,s,71.0,°C
2025-12-12,10:31:27.318697,1765531887.318697,s,227.692205,s,71.0,°C
2025-12-12,10:31:27.563459,1765531887.563459,s,227.936967,s,71.0,°C
2025-12-12,10:31:27.819175,1765531887.819175,s,228.192683,s,71.0,°C
2025-12-12,10:31:28.063926,1765531888.063926,s,228.437434,s,71.0,°C
2025-12-12,10:31:28.319673,1765531888.319673,s,228.693181,s,71.0,°C
2025-12-12,10:31:28.564258,1765531888.564258,s,228.937766,s,71.0,°C
2025-12-12,10:31:28.820203,1765531888.820203,s,229.193711,s,71.0,°C
2025-12-12,10:31:29.064591,1765531889.064591,s,229.438099,s,71.0,°C
2025-12-12,10:31:29.320756,1765531889.320756,s,229.694264,s,71.0,°C
2025-12-12,10:31:29.564865,1765531889.564865,s,229.938373,s,71.0,°C
2025-12-12,10:31:29.821071,1765531889.821071,s,230.194579,s,71.0,°C
2025-12-12,10:31:30.065199,1765531890.065199,s,230.438707,s,71.0,°C
2025-12-12,10:31:30.321535,1765531890.321535,s,230.695043,s,71.0,°C
2025-12-12,10:31:30.565535,1765531890.565535,s,230.939043,s,71.0,°C
2025-12-12,10:31:30.822046,1765531890.822046,s,231.195554,s,71.0,°C
2025-12-12,10:31:31.065813,1765531891.065813,s,231.439321,s,71.0,°C
2025-12-12,10:31:31.322515,1765531891.322515,s,231.696023,s,71.0,°C
2025-12-12,10:31:31.566102,1765531891.566102,s,231.93961,s,71.0,°C
2025-12-12,10:31:31.823000,1765531891.823,s,232.196508,s,71.0,°C
2025-12-12,10:31:32.066644,1765531892.066644,s,232.440152,s,71.0,°C
2025-12-12,10:31:32.323403,1765531892.323403,s,232.696911,s,71.0,°C
2025-12-12,10:31:32.566923,1765531892.566923,s,232.940431,s,71.0,°C
2025-12-12,10:31:32.823918,1765531892.823918,s,233.197426,s,71.0,°C
2025-12-12,10:31:33.067243,1765531893.067243,s,233.440751,s,71.0,°C
2025-12-12,10:31:33.324265,1765531893.324265,s,233.697773,s,71.0,°C
2025-12-12,10:31:33.567568,1765531893.567568,s,233.941076,s,71.0,°C
2025-12-12,10:31:33.824604,1765531893.824604,s,234.198112,s,71.0,°C
2025-12-12,10:31:34.067843,1765531894.067843,s,234.441351,s,71.0,°C
2025-12-12,10:31:34.324965,1765531894.324965,s,234.698473,s,71.0,°C
2025-12-12,10:31:34.568358,1765531894.568358,s,234.941866,s,71.0,°C
2025-12-12,10:31:34.825197,1765531894.825197,s,235.198705,s,71.0,°C
2025-12-12,10:31:35.068857,1765531895.068857,s,235.442365,s,71.0,°C
2025-12-12,10:31:35.325447,1765531895.325447,s,235.698955,s,71.0,°C
2025-12-12,10:31:35.569189,1765531895.569189,s,235.942697,s,71.0,°C
2025-12-12,10:31:35.825917,1765531895.825917,s,236.199425,s,71.0,°C
2025-12-12,10:31:36.069750,1765531896.06975,s,236.443258,s,71.0,°C
2025-12-12,10:31:36.326240,1765531896.32624,s,236.699748,s,71.0,°C
2025-12-12,10:31:36.570199,1765531896.570199,s,236.943707,s,71.0,°C
2025-12-12,10:31:36.826736,1765531896.826736,s,237.200244,s,71.0,°C
2025-12-12,10:31:37.070564,1765531897.070564,s,237.444072,s,71.0,°C
2025-12-12,10:31:37.327152,1765531897.327152,s,237.70066,s,71.0,°C
2025-12-12,10:31:37.570940,1765531897.57094,s,237.944448,s,71.0,°C
2025-12-12,10:31:37.827523,1765531897.827523,s,238.201031,s,71.0,°C
2025-12-12,10:31:38.071188,1765531898.071188,s,238.444696,s,70.0,°C
2025-12-12,10:31:38.327859,1765531898.327859,s,238.701367,s,70.0,°C
2025-12-12,10:31:38.571532,1765531898.571532,s,238.94504,s,70.0,°C
2025-12-12,10:31:38.828238,1765531898.828238,s,239.201746,s,70.0,°C
2025-12-12,10:31:39.071985,1765531899.071985,s,239.445493,s,70.0,°C
2025-12-12,10:31:39.328476,1765531899.328476,s,239.701984,s,70.0,°C
2025-12-12,10:31:39.572472,1765531899.572472,s,239.94598,s,70.0,°C
2025-12-12,10:31:39.828948,1765531899.828948,s,240.202456,s,70.0,°C
2025-12-12,10:31:40.072934,1765531900.072934,s,240.446442,s,70.0,°C
2025-12-12,10:31:40.329398,1765531900.329398,s,240.702906,s,70.0,°C
2025-12-12,10:31:40.573383,1765531900.573383,s,240.946891,s,70.0,°C
2025-12-12,10:31:40.829815,1765531900.829815,s,241.203323,s,70.0,°C
2025-12-12,10:31:41.073879,1765531901.073879,s,241.447387,s,71.0,°C
2025-12-12,10:31:41.330281,1765531901.330281,s,241.703789,s,71.0,°C
2025-12-12,10:31:41.574322,1765531901.574322,s,241.94783,s,71.0,°C
2025-12-12,10:31:41.830673,1765531901.830673,s,242.204181,s,71.0,°C
2025-12-12,10:31:42.074646,1765531902.074646,s,242.448154,s,71.0,°C
2025-12-12,10:31:42.330960,1765531902.33096,s,242.704468,s,71.0,°C
2025-12-12,10:31:42.574893,1765531902.574893,s,242.948401,s,71.0,°C
2025-12-12,10:31:42.831460,1765531902.83146,s,243.204968,s,70.0,°C
2025-12-12,10:31:43.075210,1765531903.07521,s,243.448718,s,70.0,°C
2025-12-12,10:31:43.331969,1765531903.331969,s,243.705477,s,70.0,°C
2025-12-12,10:31:43.575528,1765531903.575528,s,243.949036,s,70.0,°C
2025-12-12,10:31:43.832352,1765531903.832352,s,244.20586,s,70.0,°C
2025-12-12,10:31:44.075802,1765531904.075802,s,244.44931,s,70.0,°C
2025-12-12,10:31:44.332854,1765531904.332854,s,244.706362,s,70.0,°C
2025-12-12,10:31:44.576130,1765531904.57613,s,244.949638,s,70.0,°C
2025-12-12,10:31:44.833366,1765531904.833366,s,245.206874,s,70.0,°C
2025-12-12,10:31:45.076433,1765531905.076433,s,245.449941,s,70.0,°C
2025-12-12,10:31:45.333919,1765531905.333919,s,245.707427,s,70.0,°C
2025-12-12,10:31:45.576779,1765531905.576779,s,245.950287,s,70.0,°C
2025-12-12,10:31:45.834303,1765531905.834303,s,246.207811,s,70.0,°C
2025-12-12,10:31:46.077154,1765531906.077154,s,246.450662,s,70.0,°C
2025-12-12,10:31:46.334678,1765531906.334678,s,246.708186,s,70.0,°C
2025-12-12,10:31:46.577485,1765531906.577485,s,246.950993,s,70.0,°C
2025-12-12,10:31:46.835192,1765531906.835192,s,247.2087,s,70.0,°C
2025-12-12,10:31:47.077968,1765531907.077968,s,247.451476,s,69.0,°C
2025-12-12,10:31:47.335648,1765531907.335648,s,247.709156,s,69.0,°C
2025-12-12,10:31:47.578343,1765531907.578343,s,247.951851,s,68.0,°C
2025-12-12,10:31:47.835898,1765531907.835898,s,248.209406,s,68.0,°C
2025-12-12,10:31:48.078797,1765531908.078797,s,248.452305,s,68.0,°C
2025-12-12,10:31:48.336442,1765531908.336442,s,248.70995,s,67.0,°C
2025-12-12,10:31:48.579276,1765531908.579276,s,248.952784,s,67.0,°C
2025-12-12,10:31:48.836849,1765531908.836849,s,249.210357,s,66.0,°C
2025-12-12,10:31:49.079758,1765531909.079758,s,249.453266,s,66.0,°C
2025-12-12,10:31:49.337294,1765531909.337294,s,249.710802,s,66.0,°C
2025-12-12,10:31:49.580206,1765531909.580206,s,249.953714,s,66.0,°C
2025-12-12,10:31:49.837726,1765531909.837726,s,250.211234,s,66.0,°C
2025-12-12,10:31:50.080722,1765531910.080722,s,250.45423,s,65.0,°C
2025-12-12,10:31:50.338023,1765531910.338023,s,250.711531,s,65.0,°C
2025-12-12,10:31:50.581176,1765531910.581176,s,250.954684,s,64.0,°C
2025-12-12,10:31:50.838394,1765531910.838394,s,251.211902,s,64.0,°C
2025-12-12,10:31:51.081484,1765531911.081484,s,251.454992,s,62.0,°C
2025-12-12,10:31:51.338642,1765531911.338642,s,251.71215,s,62.0,°C
2025-12-12,10:31:51.581734,1765531911.581734,s,251.955242,s,62.0,°C
2025-12-12,10:31:51.839155,1765531911.839155,s,252.212663,s,61.0,°C
2025-12-12,10:31:52.082190,1765531912.08219,s,252.455698,s,61.0,°C
2025-12-12,10:31:52.339699,1765531912.339699,s,252.713207,s,60.0,°C
2025-12-12,10:31:52.582647,1765531912.582647,s,252.956155,s,60.0,°C
2025-12-12,10:31:52.839997,1765531912.839997,s,253.213505,s,59.0,°C
2025-12-12,10:31:53.082957,1765531913.082957,s,253.456465,s,59.0,°C
2025-12-12,10:31:53.340397,1765531913.340397,s,253.713905,s,59.0,°C
2025-12-12,10:31:53.583257,1765531913.583257,s,253.956765,s,57.0,°C
2025-12-12,10:31:53.840922,1765531913.840922,s,254.21443,s,57.0,°C
2025-12-12,10:31:54.083480,1765531914.08348,s,254.456988,s,57.0,°C
2025-12-12,10:31:54.341293,1765531914.341293,s,254.714801,s,57.0,°C
2025-12-12,10:31:54.583799,1765531914.583799,s,254.957307,s,57.0,°C
2025-12-12,10:31:54.841777,1765531914.841777,s,255.215285,s,57.0,°C
2025-12-12,10:31:55.084266,1765531915.084266,s,255.457774,s,57.0,°C
2025-12-12,10:31:55.342233,1765531915.342233,s,255.715741,s,56.0,°C
2025-12-12,10:31:55.584675,1765531915.584675,s,255.958183,s,56.0,°C
2025-12-12,10:31:55.842714,1765531915.842714,s,256.216222,s,55.0,°C
2025-12-12,10:31:56.085185,1765531916.085185,s,256.458693,s,55.0,°C
2025-12-12,10:31:56.343042,1765531916.343042,s,256.71655,s,55.0,°C
2025-12-12,10:31:56.585691,1765531916.585691,s,256.959199,s,56.0,°C
2025-12-12,10:31:56.843418,1765531916.843418,s,257.216926,s,56.0,°C
2025-12-12,10:31:57.086207,1765531917.086207,s,257.459715,s,56.0,°C
2025-12-12,10:31:57.343859,1765531917.343859,s,257.717367,s,56.0,°C
2025-12-12,10:31:57.586679,1765531917.586679,s,257.960187,s,55.0,°C
2025-12-12,10:31:57.844307,1765531917.844307,s,258.217815,s,55.0,°C
2025-12-12,10:31:58.087188,1765531918.087188,s,258.460696,s,55.0,°C
2025-12-12,10:31:58.344793,1765531918.344793,s,258.718301,s,55.0,°C
2025-12-12,10:31:58.587652,1765531918.587652,s,258.96116,s,55.0,°C
2025-12-12,10:31:58.845037,1765531918.845037,s,259.218545,s,55.0,°C
2025-12-12,10:31:59.088120,1765531919.08812,s,259.461628,s,55.0,°C
2025-12-12,10:31:59.345486,1765531919.345486,s,259.718994,s,55.0,°C
2025-12-12,10:31:59.588594,1765531919.588594,s,259.962102,s,55.0,°C
2025-12-12,10:31:59.845926,1765531919.845926,s,260.219434,s,55.0,°C
2025-12-12,10:32:00.089028,1765531920.089028,s,260.462536,s,55.0,°C
2025-12-12,10:32:00.346382,1765531920.346382,s,260.71989,s,55.0,°C
2025-12-12,10:32:00.589542,1765531920.589542,s,260.96305,s,55.0,°C
2025-12-12,10:32:00.846722,1765531920.846722,s,261.22023,s,55.0,°C
2025-12-12,10:32:01.090041,1765531921.090041,s,261.463549,s,55.0,°C
2025-12-12,10:32:01.347146,1765531921.347146,s,261.720654,s,55.0,°C
2025-12-12,10:32:01.590505,1765531921.590505,s,261.964013,s,54.0,°C
2025-12-12,10:32:01.847498,1765531921.847498,s,262.221006,s,54.0,°C
2025-12-12,10:32:02.090997,1765531922.090997,s,262.464505,s,53.0,°C
2025-12-12,10:32:02.347726,1765531922.347726,s,262.721234,s,53.0,°C
2025-12-12,10:32:02.591423,1765531922.591423,s,262.964931,s,53.0,°C
2025-12-12,10:32:02.848231,1765531922.848231,s,263.221739,s,54.0,°C
2025-12-12,10:32:03.091903,1765531923.091903,s,263.465411,s,54.0,°C
2025-12-12,10:32:03.348702,1765531923.348702,s,263.72221,s,54.0,°C
2025-12-12,10:32:03.592375,1765531923.592375,s,263.965883,s,54.0,°C
2025-12-12,10:32:03.848947,1765531923.848947,s,264.222455,s,54.0,°C
2025-12-12,10:32:04.092835,1765531924.092835,s,264.466343,s,54.0,°C
2025-12-12,10:32:04.349443,1765531924.349443,s,264.722951,s,54.0,°C
2025-12-12,10:32:04.593295,1765531924.593295,s,264.966803,s,53.0,°C
2025-12-12,10:32:04.849918,1765531924.849918,s,265.223426,s,53.0,°C
2025-12-12,10:32:05.093784,1765531925.093784,s,265.467292,s,53.0,°C
2025-12-12,10:32:05.350423,1765531925.350423,s,265.723931,s,53.0,°C
2025-12-12,10:32:05.594239,1765531925.594239,s,265.967747,s,53.0,°C
2025-12-12,10:32:05.850922,1765531925.850922,s,266.22443,s,53.0,°C
2025-12-12,10:32:06.094565,1765531926.094565,s,266.468073,s,53.0,°C
2025-12-12,10:32:06.351403,1765531926.351403,s,266.724911,s,53.0,°C
2025-12-12,10:32:06.594947,1765531926.594947,s,266.968455,s,53.0,°C
2025-12-12,10:32:06.851656,1765531926.851656,s,267.225164,s,53.0,°C
2025-12-12,10:32:07.095327,1765531927.095327,s,267.468835,s,53.0,°C
2025-12-12,10:32:07.351947,1765531927.351947,s,267.725455,s,53.0,°C
2025-12-12,10:32:07.595648,1765531927.595648,s,267.969156,s,54.0,°C
2025-12-12,10:32:07.852415,1765531927.852415,s,268.225923,s,54.0,°C
2025-12-12,10:32:08.095814,1765531928.095814,s,268.469322,s,54.0,°C
2025-12-12,10:32:08.352941,1765531928.352941,s,268.726449,s,53.0,°C
2025-12-12,10:32:08.596026,1765531928.596026,s,268.969534,s,53.0,°C
2025-12-12,10:32:08.853471,1765531928.853471,s,269.226979,s,52.0,°C
2025-12-12,10:32:09.096281,1765531929.096281,s,269.469789,s,52.0,°C
2025-12-12,10:32:09.353817,1765531929.353817,s,269.727325,s,52.0,°C
2025-12-12,10:32:09.596719,1765531929.596719,s,269.970227,s,52.0,°C
2025-12-12,10:32:09.854059,1765531929.854059,s,270.227567,s,52.0,°C
2025-12-12,10:32:10.097216,1765531930.097216,s,270.470724,s,52.0,°C
2025-12-12,10:32:10.354411,1765531930.354411,s,270.727919,s,52.0,°C
2025-12-12,10:32:10.597710,1765531930.59771,s,270.971218,s,52.0,°C
2025-12-12,10:32:10.854766,1765531930.854766,s,271.228274,s,52.0,°C
2025-12-12,10:32:11.098121,1765531931.098121,s,271.471629,s,52.0,°C
2025-12-12,10:32:11.355223,1765531931.355223,s,271.728731,s,52.0,°C
2025-12-12,10:32:11.598622,1765531931.598622,s,271.97213,s,52.0,°C
2025-12-12,10:32:11.855570,1765531931.85557,s,272.229078,s,52.0,°C
2025-12-12,10:32:12.099134,1765531932.099134,s,272.472642,s,52.0,°C
2025-12-12,10:32:12.355796,1765531932.355796,s,272.729304,s,52.0,°C
2025-12-12,10:32:12.599493,1765531932.599493,s,272.973001,s,52.0,°C
2025-12-12,10:32:12.856097,1765531932.856097,s,273.229605,s,52.0,°C
2025-12-12,10:32:13.099908,1765531933.099908,s,273.473416,s,52.0,°C
2025-12-12,10:32:13.356546,1765531933.356546,s,273.730054,s,52.0,°C
2025-12-12,10:32:13.600393,1765531933.600393,s,273.973901,s,52.0,°C
2025-12-12,10:32:13.856807,1765531933.856807,s,274.230315,s,52.0,°C
2025-12-12,10:32:14.100828,1765531934.100828,s,274.474336,s,52.0,°C
2025-12-12,10:32:14.357235,1765531934.357235,s,274.730743,s,51.0,°C
2025-12-12,10:32:14.601330,1765531934.60133,s,274.974838,s,51.0,°C
2025-12-12,10:32:14.857721,1765531934.857721,s,275.231229,s,51.0,°C
2025-12-12,10:32:15.101806,1765531935.101806,s,275.475314,s,51.0,°C
2025-12-12,10:32:15.358165,1765531935.358165,s,275.731673,s,51.0,°C
2025-12-12,10:32:15.602288,1765531935.602288,s,275.975796,s,50.0,°C
2025-12-12,10:32:15.858590,1765531935.85859,s,276.232098,s,50.0,°C
2025-12-12,10:32:16.102756,1765531936.102756,s,276.476264,s,49.0,°C
2025-12-12,10:32:16.358885,1765531936.358885,s,276.732393,s,49.0,°C
2025-12-12,10:32:16.603238,1765531936.603238,s,276.976746,s,49.0,°C
2025-12-12,10:32:16.859210,1765531936.85921,s,277.232718,s,49.0,°C
2025-12-12,10:32:17.103668,1765531937.103668,s,277.477176,s,49.0,°C
2025-12-12,10:32:17.359441,1765531937.359441,s,277.732949,s,49.0,°C
2025-12-12,10:32:17.604125,1765531937.604125,s,277.977633,s,49.0,°C
2025-12-12,10:32:17.859829,1765531937.859829,s,278.233337,s,49.0,°C
2025-12-12,10:32:18.104621,1765531938.104621,s,278.478129,s,48.0,°C
2025-12-12,10:32:18.360316,1765531938.360316,s,278.733824,s,48.0,°C
2025-12-12,10:32:18.605133,1765531938.605133,s,278.978641,s,47.0,°C
2025-12-12,10:32:18.860701,1765531938.860701,s,279.234209,s,47.0,°C
2025-12-12,10:32:19.105562,1765531939.105562,s,279.47907,s,47.0,°C
2025-12-12,10:32:19.360953,1765531939.360953,s,279.734461,s,47.0,°C
2025-12-12,10:32:19.606032,1765531939.606032,s,279.97954,s,47.0,°C
2025-12-12,10:32:19.861320,1765531939.86132,s,280.234828,s,46.0,°C
2025-12-12,10:32:20.106364,1765531940.106364,s,280.479872,s,46.0,°C
2025-12-12,10:32:20.361816,1765531940.361816,s,280.735324,s,46.0,°C
2025-12-12,10:32:20.606888,1765531940.606888,s,280.980396,s,46.0,°C
2025-12-12,10:32:20.862347,1765531940.862347,s,281.235855,s,46.0,°C
2025-12-12,10:32:21.107319,1765531941.107319,s,281.480827,s,46.0,°C
2025-12-12,10:32:21.362791,1765531941.362791,s,281.736299,s,46.0,°C
2025-12-12,10:32:21.607631,1765531941.607631,s,281.981139,s,46.0,°C
2025-12-12,10:32:21.863051,1765531941.863051,s,282.236559,s,46.0,°C
2025-12-12,10:32:22.107793,1765531942.107793,s,282.481301,s,46.0,°C
2025-12-12,10:32:22.363495,1765531942.363495,s,282.737003,s,46.0,°C
2025-12-12,10:32:22.608081,1765531942.608081,s,282.981589,s,46.0,°C
2025-12-12,10:32:22.863827,1765531942.863827,s,283.237335,s,47.0,°C
2025-12-12,10:32:23.108394,1765531943.108394,s,283.481902,s,47.0,°C
2025-12-12,10:32:23.364290,1765531943.36429,s,283.737798,s,47.0,°C
2025-12-12,10:32:23.608606,1765531943.608606,s,283.982114,s,47.0,°C
2025-12-12,10:32:23.864707,1765531943.864707,s,284.238215,s,47.0,°C
2025-12-12,10:32:24.109058,1765531944.109058,s,284.482566,s,47.0,°C
2025-12-12,10:32:24.365163,1765531944.365163,s,284.738671,s,47.0,°C
2025-12-12,10:32:24.609552,1765531944.609552,s,284.98306,s,47.0,°C
2025-12-12,10:32:24.865596,1765531944.865596,s,285.239104,s,47.0,°C
2025-12-12,10:32:25.110028,1765531945.110028,s,285.483536,s,47.0,°C
2025-12-12,10:32:25.366097,1765531945.366097,s,285.739605,s,47.0,°C
2025-12-12,10:32:25.610525,1765531945.610525,s,285.984033,s,47.0,°C
2025-12-12,10:32:25.866615,1765531945.866615,s,286.240123,s,47.0,°C
2025-12-12,10:32:26.110925,1765531946.110925,s,286.484433,s,47.0,°C
2025-12-12,10:32:26.367112,1765531946.367112,s,286.74062,s,47.0,°C
2025-12-12,10:32:26.611207,1765531946.611207,s,286.984715,s,47.0,°C
2025-12-12,10:32:26.867561,1765531946.867561,s,287.241069,s,47.0,°C
2025-12-12,10:32:27.111569,1765531947.111569,s,287.485077,s,47.0,°C
2025-12-12,10:32:27.368033,1765531947.368033,s,287.741541,s,47.0,°C
2025-12-12,10:32:27.612055,1765531947.612055,s,287.985563,s,47.0,°C
2025-12-12,10:32:27.868434,1765531947.868434,s,288.241942,s,47.0,°C
2025-12-12,10:32:28.112395,1765531948.112395,s,288.485903,s,47.0,°C
2025-12-12,10:32:28.368780,1765531948.36878,s,288.742288,s,47.0,°C
2025-12-12,10:32:28.612851,1765531948.612851,s,288.986359,s,47.0,°C
2025-12-12,10:32:28.869020,1765531948.86902,s,289.242528,s,47.0,°C
2025-12-12,10:32:29.113314,1765531949.113314,s,289.486822,s,47.0,°C
2025-12-12,10:32:29.369433,1765531949.369433,s,289.742941,s,47.0,°C
2025-12-12,10:32:29.613808,1765531949.613808,s,289.987316,s,47.0,°C
2025-12-12,10:32:29.869780,1765531949.86978,s,290.243288,s,47.0,°C
2025-12-12,10:32:30.114176,1765531950.114176,s,290.487684,s,47.0,°C
2025-12-12,10:32:30.370239,1765531950.370239,s,290.743747,s,47.0,°C
2025-12-12,10:32:30.614668,1765531950.614668,s,290.988176,s,47.0,°C
2025-12-12,10:32:30.870664,1765531950.870664,s,291.244172,s,47.0,°C
2025-12-12,10:32:31.114928,1765531951.114928,s,291.488436,s,47.0,°C
2025-12-12,10:32:31.370909,1765531951.370909,s,291.744417,s,47.0,°C
2025-12-12,10:32:31.615245,1765531951.615245,s,291.988753,s,47.0,°C
2025-12-12,10:32:31.871200,1765531951.8712,s,292.244708,s,47.0,°C
2025-12-12,10:32:32.115678,1765531952.115678,s,292.489186,s,47.0,°C
2025-12-12,10:32:32.371532,1765531952.371532,s,292.74504,s,47.0,°C
2025-12-12,10:32:32.616148,1765531952.616148,s,292.989656,s,47.0,°C
2025-12-12,10:32:32.871948,1765531952.871948,s,293.245456,s,47.0,°C
2025-12-12,10:32:33.116594,1765531953.116594,s,293.490102,s,47.0,°C
2025-12-12,10:32:33.372461,1765531953.372461,s,293.745969,s,46.0,°C
2025-12-12,10:32:33.616870,1765531953.61687,s,293.990378,s,46.0,°C
2025-12-12,10:32:33.872943,1765531953.872943,s,294.246451,s,46.0,°C
2025-12-12,10:32:34.117323,1765531954.117323,s,294.490831,s,46.0,°C
2025-12-12,10:32:34.373456,1765531954.373456,s,294.746964,s,46.0,°C
2025-12-12,10:32:34.617646,1765531954.617646,s,294.991154,s,46.0,°C
2025-12-12,10:32:34.873974,1765531954.873974,s,295.247482,s,46.0,°C
2025-12-12,10:32:35.118096,1765531955.118096,s,295.491604,s,44.0,°C
2025-12-12,10:32:35.374449,1765531955.374449,s,295.747957,s,44.0,°C
2025-12-12,10:32:35.618538,1765531955.618538,s,295.992046,s,44.0,°C
2025-12-12,10:32:35.874825,1765531955.874825,s,296.248333,s,44.0,°C
2025-12-12,10:32:36.118795,1765531956.118795,s,296.492303,s,44.0,°C
2025-12-12,10:32:36.375443,1765531956.375443,s,296.748951,s,44.0,°C
2025-12-12,10:32:36.619118,1765531956.619118,s,296.992626,s,44.0,°C
2025-12-12,10:32:36.875939,1765531956.875939,s,297.249447,s,46.0,°C
2025-12-12,10:32:37.119419,1765531957.119419,s,297.492927,s,46.0,°C
2025-12-12,10:32:37.376438,1765531957.376438,s,297.749946,s,45.0,°C
2025-12-12,10:32:37.619721,1765531957.619721,s,297.993229,s,45.0,°C
2025-12-12,10:32:37.876799,1765531957.876799,s,298.250307,s,45.0,°C
2025-12-12,10:32:38.119929,1765531958.119929,s,298.493437,s,45.0,°C
2025-12-12,10:32:38.377304,1765531958.377304,s,298.750812,s,45.0,°C
2025-12-12,10:32:38.620239,1765531958.620239,s,298.993747,s,46.0,°C
2025-12-12,10:32:38.877795,1765531958.877795,s,299.251303,s,46.0,°C
2025-12-12,10:32:39.120627,1765531959.120627,s,299.494135,s,46.0,°C
2025-12-12,10:32:39.378274,1765531959.378274,s,299.751782,s,46.0,°C
2025-12-12,10:32:39.621109,1765531959.621109,s,299.994617,s,46.0,°C
2025-12-12,10:32:39.878728,1765531959.878728,s,300.252236,s,46.0,°C
2025-12-12,10:32:40.121629,1765531960.121629,s,300.495137,s,46.0,°C
2025-12-12,10:32:40.378977,1765531960.378977,s,300.752485,s,46.0,°C
2025-12-12,10:32:40.622193,1765531960.622193,s,300.995701,s,46.0,°C
2025-12-12,10:32:40.879313,1765531960.879313,s,301.252821,s,46.0,°C
2025-12-12,10:32:41.122540,1765531961.12254,s,301.496048,s,46.0,°C
2025-12-12,10:32:41.379778,1765531961.379778,s,301.753286,s,46.0,°C
2025-12-12,10:32:41.622881,1765531961.622881,s,301.996389,s,46.0,°C
2025-12-12,10:32:41.880240,1765531961.88024,s,302.253748,s,46.0,°C
2025-12-12,10:32:42.123109,1765531962.123109,s,302.496617,s,46.0,°C
2025-12-12,10:32:42.380561,1765531962.380561,s,302.754069,s,46.0,°C
2025-12-12,10:32:42.623493,1765531962.623493,s,302.997001,s,46.0,°C
2025-12-12,10:32:42.881004,1765531962.881004,s,303.254512,s,46.0,°C
2025-12-12,10:32:43.123954,1765531963.123954,s,303.497462,s,46.0,°C
2025-12-12,10:32:43.381434,1765531963.381434,s,303.754942,s,46.0,°C
2025-12-12,10:32:43.624322,1765531963.624322,s,303.99783,s,46.0,°C
2025-12-12,10:32:43.881869,1765531963.881869,s,304.255377,s,46.0,°C
2025-12-12,10:32:44.124834,1765531964.124834,s,304.498342,s,46.0,°C
2025-12-12,10:32:44.382304,1765531964.382304,s,304.755812,s,46.0,°C
2025-12-12,10:32:44.625068,1765531964.625068,s,304.998576,s,46.0,°C
2025-12-12,10:32:44.882728,1765531964.882728,s,305.256236,s,46.0,°C
2025-12-12,10:32:45.125443,1765531965.125443,s,305.498951,s,46.0,°C
2025-12-12,10:32:45.382948,1765531965.382948,s,305.756456,s,46.0,°C
2025-12-12,10:32:45.625851,1765531965.625851,s,305.999359,s,46.0,°C
2025-12-12,10:32:45.883253,1765531965.883253,s,306.256761,s,46.0,°C
2025-12-12,10:32:46.126268,1765531966.126268,s,306.499776,s,46.0,°C
2025-12-12,10:32:46.383556,1765531966.383556,s,306.757064,s,46.0,°C
2025-12-12,10:32:46.626599,1765531966.626599,s,307.000107,s,46.0,°C
2025-12-12,10:32:46.884072,1765531966.884072,s,307.25758,s,46.0,°C
2025-12-12,10:32:47.127061,1765531967.127061,s,307.500569,s,46.0,°C
2025-12-12,10:32:47.384598,1765531967.384598,s,307.758106,s,46.0,°C
2025-12-12,10:32:47.627451,1765531967.627451,s,308.000959,s,46.0,°C
2025-12-12,10:32:47.885099,1765531967.885099,s,308.258607,s,46.0,°C
2025-12-12,10:32:48.127778,1765531968.127778,s,308.501286,s,46.0,°C
2025-12-12,10:32:48.385444,1765531968.385444,s,308.758952,s,46.0,°C
2025-12-12,10:32:48.628006,1765531968.628006,s,309.001514,s,46.0,°C
2025-12-12,10:32:48.885963,1765531968.885963,s,309.259471,s,46.0,°C
2025-12-12,10:32:49.128323,1765531969.128323,s,309.501831,s,46.0,°C
2025-12-12,10:32:49.386519,1765531969.386519,s,309.760027,s,46.0,°C
2025-12-12,10:32:49.628760,1765531969.62876,s,310.002268,s,46.0,°C
2025-12-12,10:32:49.887047,1765531969.887047,s,310.260555,s,46.0,°C
2025-12-12,10:32:50.128993,1765531970.128993,s,310.502501,s,46.0,°C
2025-12-12,10:32:50.387545,1765531970.387545,s,310.761053,s,46.0,°C
2025-12-12,10:32:50.629300,1765531970.6293,s,311.002808,s,46.0,°C
2025-12-12,10:32:50.887928,1765531970.887928,s,311.261436,s,46.0,°C
2025-12-12,10:32:51.129623,1765531971.129623,s,311.503131,s,46.0,°C
2025-12-12,10:32:51.388277,1765531971.388277,s,311.761785,s,46.0,°C
2025-12-12,10:32:51.629794,1765531971.629794,s,312.003302,s,46.0,°C
2025-12-12,10:32:51.888720,1765531971.88872,s,312.262228,s,46.0,°C
2025-12-12,10:32:52.130092,1765531972.130092,s,312.5036,s,46.0,°C
2025-12-12,10:32:52.389204,1765531972.389204,s,312.762712,s,46.0,°C
2025-12-12,10:32:52.630428,1765531972.630428,s,313.003936,s,46.0,°C
2025-12-12,10:32:52.889715,1765531972.889715,s,313.263223,s,46.0,°C
2025-12-12,10:32:53.130991,1765531973.130991,s,313.504499,s,46.0,°C
2025-12-12,10:32:53.389960,1765531973.38996,s,313.763468,s,46.0,°C
2025-12-12,10:32:53.631446,1765531973.631446,s,314.004954,s,46.0,°C
2025-12-12,10:32:53.890402,1765531973.890402,s,314.26391,s,46.0,°C
2025-12-12,10:32:54.131923,1765531974.131923,s,314.505431,s,46.0,°C
2025-12-12,10:32:54.390765,1765531974.390765,s,314.764273,s,46.0,°C
2025-12-12,10:32:54.632323,1765531974.632323,s,315.005831,s,46.0,°C
2025-12-12,10:32:54.891224,1765531974.891224,s,315.264732,s,46.0,°C
2025-12-12,10:32:55.132773,1765531975.132773,s,315.506281,s,46.0,°C
2025-12-12,10:32:55.391716,1765531975.391716,s,315.765224,s,46.0,°C
2025-12-12,10:32:55.633082,1765531975.633082,s,316.00659,s,46.0,°C
2025-12-12,10:32:55.891949,1765531975.891949,s,316.265457,s,46.0,°C
2025-12-12,10:32:56.133444,1765531976.133444,s,316.506952,s,46.0,°C
2025-12-12,10:32:56.392418,1765531976.392418,s,316.765926,s,46.0,°C
2025-12-12,10:32:56.633841,1765531976.633841,s,317.007349,s,46.0,°C
2025-12-12,10:32:56.892883,1765531976.892883,s,317.266391,s,46.0,°C
2025-12-12,10:32:57.134340,1765531977.13434,s,317.507848,s,46.0,°C
2025-12-12,10:32:57.393297,1765531977.393297,s,317.766805,s,46.0,°C
2025-12-12,10:32:57.634856,1765531977.634856,s,318.008364,s,46.0,°C
2025-12-12,10:32:57.893617,1765531977.893617,s,318.267125,s,46.0,°C
2025-12-12,10:32:58.135319,1765531978.135319,s,318.508827,s,46.0,°C
2025-12-12,10:32:58.394046,1765531978.394046,s,318.767554,s,46.0,°C
2025-12-12,10:32:58.635788,1765531978.635788,s,319.009296,s,46.0,°C
2025-12-12,10:32:58.894365,1765531978.894365,s,319.267873,s,46.0,°C
2025-12-12,10:32:59.136148,1765531979.136148,s,319.509656,s,46.0,°C
2025-12-12,10:32:59.394793,1765531979.394793,s,319.768301,s,46.0,°C
2025-12-12,10:32:59.636440,1765531979.63644,s,320.009948,s,46.0,°C
2025-12-12,10:32:59.895046,1765531979.895046,s,320.268554,s,46.0,°C
2025-12-12,10:33:00.136982,1765531980.136982,s,320.51049,s,46.0,°C
2025-12-12,10:33:00.395379,1765531980.395379,s,320.768887,s,46.0,°C
2025-12-12,10:33:00.637344,1765531980.637344,s,321.010852,s,46.0,°C
2025-12-12,10:33:00.895708,1765531980.895708,s,321.269216,s,46.0,°C
2025-12-12,10:33:01.137789,1765531981.137789,s,321.511297,s,46.0,°C
2025-12-12,10:33:01.395916,1765531981.395916,s,321.769424,s,46.0,°C
2025-12-12,10:33:01.638176,1765531981.638176,s,322.011684,s,46.0,°C
2025-12-12,10:33:01.896336,1765531981.896336,s,322.269844,s,46.0,°C
2025-12-12,10:33:02.138609,1765531982.138609,s,322.512117,s,46.0,°C
2025-12-12,10:33:02.396773,1765531982.396773,s,322.770281,s,46.0,°C
2025-12-12,10:33:02.639059,1765531982.639059,s,323.012567,s,46.0,°C
2025-12-12,10:33:02.897287,1765531982.897287,s,323.270795,s,46.0,°C
2025-12-12,10:33:03.139421,1765531983.139421,s,323.512929,s,46.0,°C
2025-12-12,10:33:03.397821,1765531983.397821,s,323.771329,s,46.0,°C
2025-12-12,10:33:03.639765,1765531983.639765,s,324.013273,s,46.0,°C
2025-12-12,10:33:03.898341,1765531983.898341,s,324.271849,s,46.0,°C
2025-12-12,10:33:04.140103,1765531984.140103,s,324.513611,s,46.0,°C
2025-12-12,10:33:04.398870,1765531984.39887,s,324.772378,s,46.0,°C
2025-12-12,10:33:04.640433,1765531984.640433,s,325.013941,s,46.0,°C
2025-12-12,10:33:04.899321,1765531984.899321,s,325.272829,s,46.0,°C
2025-12-12,10:33:05.140789,1765531985.140789,s,325.514297,s,46.0,°C
2025-12-12,10:33:05.399567,1765531985.399567,s,325.773075,s,46.0,°C
2025-12-12,10:33:05.641092,1765531985.641092,s,326.0146,s,46.0,°C
2025-12-12,10:33:05.899991,1765531985.899991,s,326.273499,s,46.0,°C
2025-12-12,10:33:06.141377,1765531986.141377,s,326.514885,s,46.0,°C
2025-12-12,10:33:06.400446,1765531986.400446,s,326.773954,s,46.0,°C
2025-12-12,10:33:06.641675,1765531986.641675,s,327.015183,s,46.0,°C
2025-12-12,10:33:06.900849,1765531986.900849,s,327.274357,s,46.0,°C
2025-12-12,10:33:07.141894,1765531987.141894,s,327.515402,s,46.0,°C
2025-12-12,10:33:07.401372,1765531987.401372,s,327.77488,s,46.0,°C
2025-12-12,10:33:07.642201,1765531987.642201,s,328.015709,s,46.0,°C
2025-12-12,10:33:07.901896,1765531987.901896,s,328.275404,s,46.0,°C
2025-12-12,10:33:08.142738,1765531988.142738,s,328.516246,s,46.0,°C
2025-12-12,10:33:08.402342,1765531988.402342,s,328.77585,s,46.0,°C
2025-12-12,10:33:08.642995,1765531988.642995,s,329.016503,s,46.0,°C
2025-12-12,10:33:08.902849,1765531988.902849,s,329.276357,s,46.0,°C
2025-12-12,10:33:09.143529,1765531989.143529,s,329.517037,s,46.0,°C
2025-12-12,10:33:09.403200,1765531989.4032,s,329.776708,s,46.0,°C
2025-12-12,10:33:09.644121,1765531989.644121,s,330.017629,s,46.0,°C
2025-12-12,10:33:09.903690,1765531989.90369,s,330.277198,s,46.0,°C
2025-12-12,10:33:10.144502,1765531990.144502,s,330.51801,s,46.0,°C
2025-12-12,10:33:10.404206,1765531990.404206,s,330.777714,s,46.0,°C
2025-12-12,10:33:10.644944,1765531990.644944,s,331.018452,s,46.0,°C
2025-12-12,10:33:10.904667,1765531990.904667,s,331.278175,s,46.0,°C
2025-12-12,10:33:11.145403,1765531991.145403,s,331.518911,s,46.0,°C
2025-12-12,10:33:11.405149,1765531991.405149,s,331.778657,s,46.0,°C
2025-12-12,10:33:11.645903,1765531991.645903,s,332.019411,s,46.0,°C
2025-12-12,10:33:11.905598,1765531991.905598,s,332.279106,s,46.0,°C
2025-12-12,10:33:12.146366,1765531992.146366,s,332.519874,s,46.0,°C
2025-12-12,10:33:12.406076,1765531992.406076,s,332.779584,s,46.0,°C
2025-12-12,10:33:12.646794,1765531992.646794,s,333.020302,s,46.0,°C
2025-12-12,10:33:12.906409,1765531992.906409,s,333.279917,s,46.0,°C
2025-12-12,10:33:13.147278,1765531993.147278,s,333.520786,s,46.0,°C
2025-12-12,10:33:13.406745,1765531993.406745,s,333.780253,s,46.0,°C
2025-12-12,10:33:13.647719,1765531993.647719,s,334.021227,s,46.0,°C
2025-12-12,10:33:13.906985,1765531993.906985,s,334.280493,s,46.0,°C
2025-12-12,10:33:14.148292,1765531994.148292,s,334.5218,s,46.0,°C
2025-12-12,10:33:14.407428,1765531994.407428,s,334.780936,s,46.0,°C
2025-12-12,10:33:14.648721,1765531994.648721,s,335.022229,s,46.0,°C
2025-12-12,10:33:14.907776,1765531994.907776,s,335.281284,s,46.0,°C
2025-12-12,10:33:15.149197,1765531995.149197,s,335.522705,s,46.0,°C
2025-12-12,10:33:15.408097,1765531995.408097,s,335.781605,s,46.0,°C
2025-12-12,10:33:15.649616,1765531995.649616,s,336.023124,s,46.0,°C
2025-12-12,10:33:15.908412,1765531995.908412,s,336.28192,s,46.0,°C
2025-12-12,10:33:16.150063,1765531996.150063,s,336.523571,s,46.0,°C
2025-12-12,10:33:16.408847,1765531996.408847,s,336.782355,s,46.0,°C
2025-12-12,10:33:16.650499,1765531996.650499,s,337.024007,s,46.0,°C
2025-12-12,10:33:16.909208,1765531996.909208,s,337.282716,s,46.0,°C
2025-12-12,10:33:17.150931,1765531997.150931,s,337.524439,s,46.0,°C
2025-12-12,10:33:17.409706,1765531997.409706,s,337.783214,s,46.0,°C
2025-12-12,10:33:17.651362,1765531997.651362,s,338.02487,s,46.0,°C
2025-12-12,10:33:17.909947,1765531997.909947,s,338.283455,s,46.0,°C
2025-12-12,10:33:18.151789,1765531998.151789,s,338.525297,s,46.0,°C
2025-12-12,10:33:18.410314,1765531998.410314,s,338.783822,s,46.0,°C
2025-12-12,10:33:18.652035,1765531998.652035,s,339.025543,s,46.0,°C
2025-12-12,10:33:18.910779,1765531998.910779,s,339.284287,s,46.0,°C
2025-12-12,10:33:19.152413,1765531999.152413,s,339.525921,s,46.0,°C
2025-12-12,10:33:19.411271,1765531999.411271,s,339.784779,s,46.0,°C
2025-12-12,10:33:19.652744,1765531999.652744,s,340.026252,s,46.0,°C
2025-12-12,10:33:19.911611,1765531999.911611,s,340.285119,s,46.0,°C
2025-12-12,10:33:20.152992,1765532000.152992,s,340.5265,s,46.0,°C
2025-12-12,10:33:20.412123,1765532000.412123,s,340.785631,s,46.0,°C
2025-12-12,10:33:20.653324,1765532000.653324,s,341.026832,s,46.0,°C
2025-12-12,10:33:20.912528,1765532000.912528,s,341.286036,s,46.0,°C
2025-12-12,10:33:21.153563,1765532001.153563,s,341.527071,s,46.0,°C
2025-12-12,10:33:21.412716,1765532001.412716,s,341.786224,s,46.0,°C
2025-12-12,10:33:21.653803,1765532001.653803,s,342.027311,s,46.0,°C
2025-12-12,10:33:21.913221,1765532001.913221,s,342.286729,s,46.0,°C
2025-12-12,10:33:22.154011,1765532002.154011,s,342.527519,s,46.0,°C
2025-12-12,10:33:22.413540,1765532002.41354,s,342.787048,s,46.0,°C
2025-12-12,10:33:22.654236,1765532002.654236,s,343.027744,s,46.0,°C
2025-12-12,10:33:22.913841,1765532002.913841,s,343.287349,s,46.0,°C
2025-12-12,10:33:23.154704,1765532003.154704,s,343.528212,s,46.0,°C
2025-12-12,10:33:23.414358,1765532003.414358,s,343.787866,s,46.0,°C
2025-12-12,10:33:23.655187,1765532003.655187,s,344.028695,s,46.0,°C
2025-12-12,10:33:23.914694,1765532003.914694,s,344.288202,s,46.0,°C
2025-12-12,10:33:24.155562,1765532004.155562,s,344.52907,s,46.0,°C
2025-12-12,10:33:24.415110,1765532004.41511,s,344.788618,s,46.0,°C
2025-12-12,10:33:24.656040,1765532004.65604,s,345.029548,s,46.0,°C
2025-12-12,10:33:24.915589,1765532004.915589,s,345.289097,s,46.0,°C
2025-12-12,10:33:25.156387,1765532005.156387,s,345.529895,s,46.0,°C
2025-12-12,10:33:25.416056,1765532005.416056,s,345.789564,s,46.0,°C
2025-12-12,10:33:25.656717,1765532005.656717,s,346.030225,s,46.0,°C
2025-12-12,10:33:25.916527,1765532005.916527,s,346.290035,s,46.0,°C
2025-12-12,10:33:26.157160,1765532006.15716,s,346.530668,s,46.0,°C
2025-12-12,10:33:26.417018,1765532006.417018,s,346.790526,s,46.0,°C
2025-12-12,10:33:26.657605,1765532006.657605,s,347.031113,s,46.0,°C
2025-12-12,10:33:26.917512,1765532006.917512,s,347.29102,s,46.0,°C
2025-12-12,10:33:27.158131,1765532007.158131,s,347.531639,s,46.0,°C
2025-12-12,10:33:27.417807,1765532007.417807,s,347.791315,s,46.0,°C
2025-12-12,10:33:27.658585,1765532007.658585,s,348.032093,s,46.0,°C
2025-12-12,10:33:27.918277,1765532007.918277,s,348.291785,s,46.0,°C
2025-12-12,10:33:28.159104,1765532008.159104,s,348.532612,s,46.0,°C
2025-12-12,10:33:28.418610,1765532008.41861,s,348.792118,s,46.0,°C
2025-12-12,10:33:28.659464,1765532008.659464,s,349.032972,s,46.0,°C
2025-12-12,10:33:28.918886,1765532008.918886,s,349.292394,s,46.0,°C
2025-12-12,10:33:29.159960,1765532009.15996,s,349.533468,s,46.0,°C
2025-12-12,10:33:29.419222,1765532009.419222,s,349.79273,s,46.0,°C
2025-12-12,10:33:29.660202,1765532009.660202,s,350.03371,s,46.0,°C
2025-12-12,10:33:29.919557,1765532009.919557,s,350.293065,s,46.0,°C
2025-12-12,10:33:30.160566,1765532010.160566,s,350.534074,s,46.0,°C
2025-12-12,10:33:30.419796,1765532010.419796,s,350.793304,s,46.0,°C
2025-12-12,10:33:30.660837,1765532010.660837,s,351.034345,s,46.0,°C
2025-12-12,10:33:30.920010,1765532010.92001,s,351.293518,s,46.0,°C
2025-12-12,10:33:31.161173,1765532011.161173,s,351.534681,s,46.0,°C
2025-12-12,10:33:31.420327,1765532011.420327,s,351.793835,s,46.0,°C
2025-12-12,10:33:31.661596,1765532011.661596,s,352.035104,s,46.0,°C
2025-12-12,10:33:31.920782,1765532011.920782,s,352.29429,s,46.0,°C
2025-12-12,10:33:32.161892,1765532012.161892,s,352.5354,s,46.0,°C
2025-12-12,10:33:32.421270,1765532012.42127,s,352.794778,s,46.0,°C
2025-12-12,10:33:32.662314,1765532012.662314,s,353.035822,s,46.0,°C
2025-12-12,10:33:32.921794,1765532012.921794,s,353.295302,s,46.0,°C
2025-12-12,10:33:33.162647,1765532013.162647,s,353.536155,s,46.0,°C
2025-12-12,10:33:33.422256,1765532013.422256,s,353.795764,s,46.0,°C
2025-12-12,10:33:33.663108,1765532013.663108,s,354.036616,s,46.0,°C
2025-12-12,10:33:33.922786,1765532013.922786,s,354.296294,s,46.0,°C
2025-12-12,10:33:34.163459,1765532014.163459,s,354.536967,s,46.0,°C
2025-12-12,10:33:34.423272,1765532014.423272,s,354.79678,s,46.0,°C
2025-12-12,10:33:34.663805,1765532014.663805,s,355.037313,s,46.0,°C
2025-12-12,10:33:34.923730,1765532014.92373,s,355.297238,s,46.0,°C
2025-12-12,10:33:35.164142,1765532015.164142,s,355.53765,s,46.0,°C
2025-12-12,10:33:35.424227,1765532015.424227,s,355.797735,s,46.0,°C
2025-12-12,10:33:35.664479,1765532015.664479,s,356.037987,s,46.0,°C
2025-12-12,10:33:35.924774,1765532015.924774,s,356.298282,s,46.0,°C
2025-12-12,10:33:36.164805,1765532016.164805,s,356.538313,s,46.0,°C
2025-12-12,10:33:36.425274,1765532016.425274,s,356.798782,s,46.0,°C
2025-12-12,10:33:36.665152,1765532016.665152,s,357.03866,s,46.0,°C
2025-12-12,10:33:36.925690,1765532016.92569,s,357.299198,s,46.0,°C
2025-12-12,10:33:37.165510,1765532017.16551,s,357.539018,s,46.0,°C
2025-12-12,10:33:37.426153,1765532017.426153,s,357.799661,s,46.0,°C
2025-12-12,10:33:37.665975,1765532017.665975,s,358.039483,s,46.0,°C
2025-12-12,10:33:37.926669,1765532017.926669,s,358.300177,s,46.0,°C
2025-12-12,10:33:38.166460,1765532018.16646,s,358.539968,s,46.0,°C
2025-12-12,10:33:38.427237,1765532018.427237,s,358.800745,s,46.0,°C
2025-12-12,10:33:38.667039,1765532018.667039,s,359.040547,s,46.0,°C
2025-12-12,10:33:38.927749,1765532018.927749,s,359.301257,s,46.0,°C
2025-12-12,10:33:39.167531,1765532019.167531,s,359.541039,s,46.0,°C
2025-12-12,10:33:39.428176,1765532019.428176,s,359.801684,s,46.0,°C
2025-12-12,10:33:39.668018,1765532019.668018,s,360.041526,s,46.0,°C
2025-12-12,10:33:39.928556,1765532019.928556,s,360.302064,s,46.0,°C
2025-12-12,10:33:40.168504,1765532020.168504,s,360.542012,s,46.0,°C
2025-12-12,10:33:40.428951,1765532020.428951,s,360.802459,s,46.0,°C
2025-12-12,10:33:40.668959,1765532020.668959,s,361.042467,s,46.0,°C
2025-12-12,10:33:40.929267,1765532020.929267,s,361.302775,s,46.0,°C
2025-12-12,10:33:41.169371,1765532021.169371,s,361.542879,s,46.0,°C
2025-12-12,10:33:41.429703,1765532021.429703,s,361.803211,s,46.0,°C
2025-12-12,10:33:41.669849,1765532021.669849,s,362.043357,s,46.0,°C
2025-12-12,10:33:41.929959,1765532021.929959,s,362.303467,s,46.0,°C
2025-12-12,10:33:42.170319,1765532022.170319,s,362.543827,s,46.0,°C
2025-12-12,10:33:42.430270,1765532022.43027,s,362.803778,s,46.0,°C
2025-12-12,10:33:42.670745,1765532022.670745,s,363.044253,s,46.0,°C
2025-12-12,10:33:42.930721,1765532022.930721,s,363.304229,s,46.0,°C
2025-12-12,10:33:43.171213,1765532023.171213,s,363.544721,s,46.0,°C
2025-12-12,10:33:43.430946,1765532023.430946,s,363.804454,s,46.0,°C
2025-12-12,10:33:43.671633,1765532023.671633,s,364.045141,s,46.0,°C
2025-12-12,10:33:43.931254,1765532023.931254,s,364.304762,s,46.0,°C
2025-12-12,10:33:44.172137,1765532024.172137,s,364.545645,s,46.0,°C
2025-12-12,10:33:44.431571,1765532024.431571,s,364.805079,s,46.0,°C
2025-12-12,10:33:44.672595,1765532024.672595,s,365.046103,s,46.0,°C
2025-12-12,10:33:44.931883,1765532024.931883,s,365.305391,s,46.0,°C
2025-12-12,10:33:45.172869,1765532025.172869,s,365.546377,s,46.0,°C
2025-12-12,10:33:45.432194,1765532025.432194,s,365.805702,s,46.0,°C
2025-12-12,10:33:45.673200,1765532025.6732,s,366.046708,s,46.0,°C
2025-12-12,10:33:45.932525,1765532025.932525,s,366.306033,s,46.0,°C
2025-12-12,10:33:46.173517,1765532026.173517,s,366.547025,s,46.0,°C
2025-12-12,10:33:46.432758,1765532026.432758,s,366.806266,s,46.0,°C
2025-12-12,10:33:46.673922,1765532026.673922,s,367.04743,s,46.0,°C
2025-12-12,10:33:46.933268,1765532026.933268,s,367.306776,s,46.0,°C
2025-12-12,10:33:47.174358,1765532027.174358,s,367.547866,s,46.0,°C
2025-12-12,10:33:47.433615,1765532027.433615,s,367.807123,s,46.0,°C
2025-12-12,10:33:47.674696,1765532027.674696,s,368.048204,s,46.0,°C
2025-12-12,10:33:47.933830,1765532027.93383,s,368.307338,s,46.0,°C
2025-12-12,10:33:48.175124,1765532028.175124,s,368.548632,s,46.0,°C
2025-12-12,10:33:48.434167,1765532028.434167,s,368.807675,s,46.0,°C
2025-12-12,10:33:48.675541,1765532028.675541,s,369.049049,s,46.0,°C
2025-12-12,10:33:48.934669,1765532028.934669,s,369.308177,s,46.0,°C
2025-12-12,10:33:49.175805,1765532029.175805,s,369.549313,s,46.0,°C
2025-12-12,10:33:49.434944,1765532029.434944,s,369.808452,s,46.0,°C
2025-12-12,10:33:49.676196,1765532029.676196,s,370.049704,s,46.0,°C
2025-12-12,10:33:49.935495,1765532029.935495,s,370.309003,s,46.0,°C
2025-12-12,10:33:50.176527,1765532030.176527,s,370.550035,s,46.0,°C
2025-12-12,10:33:50.436000,1765532030.436,s,370.809508,s,46.0,°C
2025-12-12,10:33:50.676800,1765532030.6768,s,371.050308,s,46.0,°C
2025-12-12,10:33:50.936364,1765532030.936364,s,371.309872,s,46.0,°C
2025-12-12,10:33:51.177044,1765532031.177044,s,371.550552,s,46.0,°C
2025-12-12,10:33:51.436883,1765532031.436883,s,371.810391,s,46.0,°C
2025-12-12,10:33:51.677381,1765532031.677381,s,372.050889,s,46.0,°C
2025-12-12,10:33:51.937320,1765532031.93732,s,372.310828,s,46.0,°C
2025-12-12,10:33:52.177712,1765532032.177712,s,372.55122,s,46.0,°C
2025-12-12,10:33:52.437850,1765532032.43785,s,372.811358,s,46.0,°C
2025-12-12,10:33:52.677925,1765532032.677925,s,373.051433,s,46.0,°C
2025-12-12,10:33:52.938363,1765532032.938363,s,373.311871,s,46.0,°C
2025-12-12,10:33:53.178333,1765532033.178333,s,373.551841,s,46.0,°C
2025-12-12,10:33:53.438885,1765532033.438885,s,373.812393,s,46.0,°C
2025-12-12,10:33:53.678783,1765532033.678783,s,374.052291,s,46.0,°C
2025-12-12,10:33:53.939256,1765532033.939256,s,374.312764,s,46.0,°C
2025-12-12,10:33:54.179008,1765532034.179008,s,374.552516,s,46.0,°C
2025-12-12,10:33:54.439581,1765532034.439581,s,374.813089,s,46.0,°C
2025-12-12,10:33:54.679433,1765532034.679433,s,375.052941,s,46.0,°C
2025-12-12,10:33:54.939876,1765532034.939876,s,375.313384,s,46.0,°C
2025-12-12,10:33:55.179924,1765532035.179924,s,375.553432,s,46.0,°C
2025-12-12,10:33:55.440326,1765532035.440326,s,375.813834,s,46.0,°C
2025-12-12,10:33:55.680263,1765532035.680263,s,376.053771,s,46.0,°C
2025-12-12,10:33:55.940782,1765532035.940782,s,376.31429,s,46.0,°C
2025-12-12,10:33:56.180753,1765532036.180753,s,376.554261,s,46.0,°C
2025-12-12,10:33:56.441124,1765532036.441124,s,376.814632,s,46.0,°C
2025-12-12,10:33:56.681187,1765532036.681187,s,377.054695,s,46.0,°C
2025-12-12,10:33:56.941439,1765532036.941439,s,377.314947,s,46.0,°C
2025-12-12,10:33:57.181631,1765532037.181631,s,377.555139,s,46.0,°C
2025-12-12,10:33:57.441799,1765532037.441799,s,377.815307,s,46.0,°C
2025-12-12,10:33:57.681954,1765532037.681954,s,378.055462,s,46.0,°C
2025-12-12,10:33:57.942267,1765532037.942267,s,378.315775,s,46.0,°C
2025-12-12,10:33:58.182437,1765532038.182437,s,378.555945,s,46.0,°C
2025-12-12,10:33:58.442605,1765532038.442605,s,378.816113,s,46.0,°C
2025-12-12,10:33:58.682880,1765532038.68288,s,379.056388,s,46.0,°C
2025-12-12,10:33:58.943080,1765532038.94308,s,379.316588,s,46.0,°C
2025-12-12,10:33:59.183301,1765532039.183301,s,379.556809,s,46.0,°C
2025-12-12,10:33:59.443415,1765532039.443415,s,379.816923,s,46.0,°C
2025-12-12,10:33:59.683718,1765532039.683718,s,380.057226,s,46.0,°C
2025-12-12,10:33:59.943765,1765532039.943765,s,380.317273,s,46.0,°C
2025-12-12,10:34:00.183962,1765532040.183962,s,380.55747,s,46.0,°C
2025-12-12,10:34:00.444101,1765532040.444101,s,380.817609,s,46.0,°C
2025-12-12,10:34:00.684443,1765532040.684443,s,381.057951,s,46.0,°C
2025-12-12,10:34:00.944410,1765532040.94441,s,381.317918,s,46.0,°C
2025-12-12,10:34:01.184929,1765532041.184929,s,381.558437,s,46.0,°C
2025-12-12,10:34:01.444640,1765532041.44464,s,381.818148,s,46.0,°C
2025-12-12,10:34:01.685328,1765532041.685328,s,382.058836,s,46.0,°C
2025-12-12,10:34:01.945160,1765532041.94516,s,382.318668,s,46.0,°C
2025-12-12,10:34:02.185648,1765532042.185648,s,382.559156,s,46.0,°C
2025-12-12,10:34:02.445635,1765532042.445635,s,382.819143,s,46.0,°C
2025-12-12,10:34:02.686067,1765532042.686067,s,383.059575,s,46.0,°C
2025-12-12,10:34:02.946214,1765532042.946214,s,383.319722,s,46.0,°C
2025-12-12,10:34:03.186463,1765532043.186463,s,383.559971,s,46.0,°C
2025-12-12,10:34:03.446580,1765532043.44658,s,383.820088,s,46.0,°C
2025-12-12,10:34:03.686867,1765532043.686867,s,384.060375,s,46.0,°C
2025-12-12,10:34:03.946895,1765532043.946895,s,384.320403,s,46.0,°C
2025-12-12,10:34:04.187267,1765532044.187267,s,384.560775,s,46.0,°C
2025-12-12,10:34:04.447390,1765532044.44739,s,384.820898,s,46.0,°C
2025-12-12,10:34:04.687591,1765532044.687591,s,385.061099,s,46.0,°C
2025-12-12,10:34:04.947907,1765532044.947907,s,385.321415,s,46.0,°C
2025-12-12,10:34:05.187918,1765532045.187918,s,385.561426,s,46.0,°C
2025-12-12,10:34:05.448449,1765532045.448449,s,385.821957,s,46.0,°C
2025-12-12,10:34:05.688242,1765532045.688242,s,386.06175,s,46.0,°C
2025-12-12,10:34:05.948840,1765532045.94884,s,386.322348,s,46.0,°C
2025-12-12,10:34:06.188568,1765532046.188568,s,386.562076,s,46.0,°C
2025-12-12,10:34:06.449459,1765532046.449459,s,386.822967,s,46.0,°C
2025-12-12,10:34:06.688808,1765532046.688808,s,387.062316,s,46.0,°C
2025-12-12,10:34:06.949936,1765532046.949936,s,387.323444,s,46.0,°C
2025-12-12,10:34:07.189030,1765532047.18903,s,387.562538,s,46.0,°C
2025-12-12,10:34:07.450416,1765532047.450416,s,387.823924,s,46.0,°C
2025-12-12,10:34:07.689373,1765532047.689373,s,388.062881,s,46.0,°C
2025-12-12,10:34:07.950845,1765532047.950845,s,388.324353,s,46.0,°C
2025-12-12,10:34:08.189815,1765532048.189815,s,388.563323,s,46.0,°C
2025-12-12,10:34:08.451321,1765532048.451321,s,388.824829,s,46.0,°C
2025-12-12,10:34:08.690372,1765532048.690372,s,389.06388,s,46.0,°C
2025-12-12,10:34:08.951753,1765532048.951753,s,389.325261,s,46.0,°C
2025-12-12,10:34:09.190864,1765532049.190864,s,389.564372,s,46.0,°C
2025-12-12,10:34:09.452001,1765532049.452001,s,389.825509,s,46.0,°C
2025-12-12,10:34:09.691403,1765532049.691403,s,390.064911,s,46.0,°C
2025-12-12,10:34:09.952443,1765532049.952443,s,390.325951,s,46.0,°C
2025-12-12,10:34:10.191915,1765532050.191915,s,390.565423,s,46.0,°C
2025-12-12,10:34:10.452877,1765532050.452877,s,390.826385,s,46.0,°C
2025-12-12,10:34:10.692417,1765532050.692417,s,391.065925,s,46.0,°C
2025-12-12,10:34:10.953314,1765532050.953314,s,391.326822,s,46.0,°C
2025-12-12,10:34:11.192927,1765532051.192927,s,391.566435,s,46.0,°C
2025-12-12,10:34:11.453649,1765532051.453649,s,391.827157,s,46.0,°C
2025-12-12,10:34:11.693418,1765532051.693418,s,392.066926,s,46.0,°C
2025-12-12,10:34:11.953885,1765532051.953885,s,392.327393,s,46.0,°C
2025-12-12,10:34:12.193918,1765532052.193918,s,392.567426,s,46.0,°C
2025-12-12,10:34:12.454325,1765532052.454325,s,392.827833,s,46.0,°C
2025-12-12,10:34:12.694385,1765532052.694385,s,393.067893,s,46.0,°C
2025-12-12,10:34:12.954626,1765532052.954626,s,393.328134,s,46.0,°C
2025-12-12,10:34:13.194791,1765532053.194791,s,393.568299,s,46.0,°C
2025-12-12,10:34:13.455119,1765532053.455119,s,393.828627,s,46.0,°C
2025-12-12,10:34:13.695203,1765532053.695203,s,394.068711,s,46.0,°C
2025-12-12,10:34:13.955575,1765532053.955575,s,394.329083,s,46.0,°C
2025-12-12,10:34:14.195715,1765532054.195715,s,394.569223,s,46.0,°C
2025-12-12,10:34:14.455810,1765532054.45581,s,394.829318,s,46.0,°C
2025-12-12,10:34:14.696221,1765532054.696221,s,395.069729,s,46.0,°C
2025-12-12,10:34:14.956135,1765532054.956135,s,395.329643,s,46.0,°C
2025-12-12,10:34:15.196675,1765532055.196675,s,395.570183,s,46.0,°C
2025-12-12,10:34:15.456534,1765532055.456534,s,395.830042,s,46.0,°C
2025-12-12,10:34:15.697196,1765532055.697196,s,396.070704,s,46.0,°C
2025-12-12,10:34:15.956805,1765532055.956805,s,396.330313,s,46.0,°C
2025-12-12,10:34:16.197690,1765532056.19769,s,396.571198,s,46.0,°C
2025-12-12,10:34:16.457104,1765532056.457104,s,396.830612,s,46.0,°C
2025-12-12,10:34:16.698145,1765532056.698145,s,397.071653,s,46.0,°C
2025-12-12,10:34:16.957335,1765532056.957335,s,397.330843,s,46.0,°C
2025-12-12,10:34:17.198587,1765532057.198587,s,397.572095,s,46.0,°C
2025-12-12,10:34:17.457967,1765532057.457967,s,397.831475,s,46.0,°C
2025-12-12,10:34:17.699016,1765532057.699016,s,398.072524,s,46.0,°C
2025-12-12,10:34:17.958457,1765532057.958457,s,398.331965,s,46.0,°C
2025-12-12,10:34:18.199419,1765532058.199419,s,398.572927,s,46.0,°C
2025-12-12,10:34:18.458810,1765532058.45881,s,398.832318,s,46.0,°C
2025-12-12,10:34:18.699797,1765532058.699797,s,399.073305,s,46.0,°C
2025-12-12,10:34:18.959141,1765532058.959141,s,399.332649,s,46.0,°C
2025-12-12,10:34:19.200208,1765532059.200208,s,399.573716,s,46.0,°C
2025-12-12,10:34:19.459641,1765532059.459641,s,399.833149,s,46.0,°C
2025-12-12,10:34:19.700535,1765532059.700535,s,400.074043,s,46.0,°C
2025-12-12,10:34:19.959878,1765532059.959878,s,400.333386,s,46.0,°C
2025-12-12,10:34:20.201071,1765532060.201071,s,400.574579,s,46.0,°C
2025-12-12,10:34:20.460400,1765532060.4604,s,400.833908,s,46.0,°C
2025-12-12,10:34:20.701591,1765532060.701591,s,401.075099,s,46.0,°C
2025-12-12,10:34:20.960912,1765532060.960912,s,401.33442,s,46.0,°C
2025-12-12,10:34:21.201922,1765532061.201922,s,401.57543,s,46.0,°C
2025-12-12,10:34:21.461450,1765532061.46145,s,401.834958,s,46.0,°C
2025-12-12,10:34:21.702254,1765532061.702254,s,402.075762,s,46.0,°C
2025-12-12,10:34:21.961780,1765532061.96178,s,402.335288,s,46.0,°C
2025-12-12,10:34:22.202571,1765532062.202571,s,402.576079,s,46.0,°C
2025-12-12,10:34:22.462291,1765532062.462291,s,402.835799,s,46.0,°C
2025-12-12,10:34:22.702895,1765532062.702895,s,403.076403,s,46.0,°C
2025-12-12,10:34:22.962816,1765532062.962816,s,403.336324,s,46.0,°C
2025-12-12,10:34:23.203209,1765532063.203209,s,403.576717,s,46.0,°C
2025-12-12,10:34:23.463285,1765532063.463285,s,403.836793,s,46.0,°C
2025-12-12,10:34:23.703447,1765532063.703447,s,404.076955,s,46.0,°C
2025-12-12,10:34:23.963815,1765532063.963815,s,404.337323,s,46.0,°C
2025-12-12,10:34:24.204019,1765532064.204019,s,404.577527,s,46.0,°C
2025-12-12,10:34:24.464177,1765532064.464177,s,404.837685,s,46.0,°C
2025-12-12,10:34:24.704510,1765532064.70451,s,405.078018,s,46.0,°C
2025-12-12,10:34:24.964704,1765532064.964704,s,405.338212,s,46.0,°C
2025-12-12,10:34:25.204894,1765532065.204894,s,405.578402,s,46.0,°C
2025-12-12,10:34:25.465123,1765532065.465123,s,405.838631,s,46.0,°C
2025-12-12,10:34:25.705359,1765532065.705359,s,406.078867,s,46.0,°C
2025-12-12,10:34:25.965647,1765532065.965647,s,406.339155,s,46.0,°C
2025-12-12,10:34:26.205821,1765532066.205821,s,406.579329,s,46.0,°C
2025-12-12,10:34:26.465987,1765532066.465987,s,406.839495,s,46.0,°C
2025-12-12,10:34:26.706176,1765532066.706176,s,407.079684,s,46.0,°C
2025-12-12,10:34:26.966428,1765532066.966428,s,407.339936,s,46.0,°C
2025-12-12,10:34:27.206710,1765532067.20671,s,407.580218,s,46.0,°C
2025-12-12,10:34:27.466878,1765532067.466878,s,407.840386,s,46.0,°C
2025-12-12,10:34:27.707228,1765532067.707228,s,408.080736,s,46.0,°C
2025-12-12,10:34:27.967307,1765532067.967307,s,408.340815,s,46.0,°C
2025-12-12,10:34:28.207667,1765532068.207667,s,408.581175,s,46.0,°C
2025-12-12,10:34:28.467734,1765532068.467734,s,408.841242,s,46.0,°C
2025-12-12,10:34:28.708176,1765532068.708176,s,409.081684,s,46.0,°C
2025-12-12,10:34:28.967968,1765532068.967968,s,409.341476,s,46.0,°C
2025-12-12,10:34:29.208534,1765532069.208534,s,409.582042,s,46.0,°C
2025-12-12,10:34:29.468382,1765532069.468382,s,409.84189,s,46.0,°C
2025-12-12,10:34:29.708972,1765532069.708972,s,410.08248,s,46.0,°C
2025-12-12,10:34:29.968811,1765532069.968811,s,410.342319,s,46.0,°C
2025-12-12,10:34:30.209433,1765532070.209433,s,410.582941,s,46.0,°C
2025-12-12,10:34:30.469042,1765532070.469042,s,410.84255,s,46.0,°C
2025-12-12,10:34:30.709922,1765532070.709922,s,411.08343,s,46.0,°C
2025-12-12,10:34:30.969384,1765532070.969384,s,411.342892,s,46.0,°C
2025-12-12,10:34:31.210250,1765532071.21025,s,411.583758,s,46.0,°C
2025-12-12,10:34:31.469665,1765532071.469665,s,411.843173,s,46.0,°C
2025-12-12,10:34:31.710652,1765532071.710652,s,412.08416,s,46.0,°C
2025-12-12,10:34:31.969897,1765532071.969897,s,412.343405,s,46.0,°C
2025-12-12,10:34:32.211121,1765532072.211121,s,412.584629,s,46.0,°C
2025-12-12,10:34:32.470204,1765532072.470204,s,412.843712,s,46.0,°C
2025-12-12,10:34:32.711475,1765532072.711475,s,413.084983,s,46.0,°C
2025-12-12,10:34:32.970708,1765532072.970708,s,413.344216,s,46.0,°C
2025-12-12,10:34:33.211845,1765532073.211845,s,413.585353,s,46.0,°C
2025-12-12,10:34:33.470944,1765532073.470944,s,413.844452,s,46.0,°C
2025-12-12,10:34:33.712276,1765532073.712276,s,414.085784,s,46.0,°C
2025-12-12,10:34:33.971454,1765532073.971454,s,414.344962,s,46.0,°C
2025-12-12,10:34:34.212717,1765532074.212717,s,414.586225,s,46.0,°C
2025-12-12,10:34:34.471876,1765532074.471876,s,414.845384,s,46.0,°C
2025-12-12,10:34:34.713097,1765532074.713097,s,415.086605,s,46.0,°C
2025-12-12,10:34:34.972252,1765532074.972252,s,415.34576,s,46.0,°C
2025-12-12,10:34:35.213473,1765532075.213473,s,415.586981,s,46.0,°C
2025-12-12,10:34:35.472757,1765532075.472757,s,415.846265,s,46.0,°C
2025-12-12,10:34:35.713787,1765532075.713787,s,416.087295,s,46.0,°C
2025-12-12,10:34:35.973294,1765532075.973294,s,416.346802,s,46.0,°C
2025-12-12,10:34:36.214022,1765532076.214022,s,416.58753,s,46.0,°C
2025-12-12,10:34:36.473634,1765532076.473634,s,416.847142,s,46.0,°C
2025-12-12,10:34:36.714255,1765532076.714255,s,417.087763,s,46.0,°C
2025-12-12,10:34:36.974119,1765532076.974119,s,417.347627,s,46.0,°C
2025-12-12,10:34:37.214519,1765532077.214519,s,417.588027,s,46.0,°C
2025-12-12,10:34:37.474650,1765532077.47465,s,417.848158,s,46.0,°C
2025-12-12,10:34:37.714822,1765532077.714822,s,418.08833,s,46.0,°C
2025-12-12,10:34:37.974946,1765532077.974946,s,418.348454,s,46.0,°C
2025-12-12,10:34:38.215188,1765532078.215188,s,418.588696,s,46.0,°C
2025-12-12,10:34:38.475487,1765532078.475487,s,418.848995,s,46.0,°C
2025-12-12,10:34:38.715513,1765532078.715513,s,419.089021,s,46.0,°C
2025-12-12,10:34:38.976002,1765532078.976002,s,419.34951,s,46.0,°C
2025-12-12,10:34:39.215760,1765532079.21576,s,419.589268,s,46.0,°C
2025-12-12,10:34:39.476530,1765532079.47653,s,419.850038,s,46.0,°C
2025-12-12,10:34:39.716359,1765532079.716359,s,420.089867,s,46.0,°C
2025-12-12,10:34:39.976999,1765532079.976999,s,420.350507,s,46.0,°C
2025-12-12,10:34:40.216950,1765532080.21695,s,420.590458,s,46.0,°C
2025-12-12,10:34:40.477501,1765532080.477501,s,420.851009,s,46.0,°C
2025-12-12,10:34:40.717402,1765532080.717402,s,421.09091,s,46.0,°C
2025-12-12,10:34:40.977941,1765532080.977941,s,421.351449,s,46.0,°C
2025-12-12,10:34:41.217813,1765532081.217813,s,421.591321,s,46.0,°C
2025-12-12,10:34:41.478266,1765532081.478266,s,421.851774,s,46.0,°C
2025-12-12,10:34:41.718073,1765532081.718073,s,422.091581,s,46.0,°C
2025-12-12,10:34:41.978597,1765532081.978597,s,422.352105,s,46.0,°C
2025-12-12,10:34:42.218633,1765532082.218633,s,422.592141,s,46.0,°C
2025-12-12,10:34:42.478910,1765532082.47891,s,422.852418,s,46.0,°C
2025-12-12,10:34:42.719176,1765532082.719176,s,423.092684,s,46.0,°C
2025-12-12,10:34:42.979369,1765532082.979369,s,423.352877,s,46.0,°C
2025-12-12,10:34:43.219716,1765532083.219716,s,423.593224,s,46.0,°C
2025-12-12,10:34:43.479794,1765532083.479794,s,423.853302,s,46.0,°C
2025-12-12,10:34:43.720213,1765532083.720213,s,424.093721,s,46.0,°C
2025-12-12,10:34:43.980033,1765532083.980033,s,424.353541,s,46.0,°C
2025-12-12,10:34:44.220717,1765532084.220717,s,424.594225,s,46.0,°C
2025-12-12,10:34:44.480485,1765532084.480485,s,424.853993,s,46.0,°C
2025-12-12,10:34:44.721266,1765532084.721266,s,425.094774,s,46.0,°C
2025-12-12,10:34:44.980959,1765532084.980959,s,425.354467,s,46.0,°C
2025-12-12,10:34:45.221746,1765532085.221746,s,425.595254,s,46.0,°C
2025-12-12,10:34:45.481291,1765532085.481291,s,425.854799,s,46.0,°C
2025-12-12,10:34:45.722002,1765532085.722002,s,426.09551,s,46.0,°C
2025-12-12,10:34:45.981616,1765532085.981616,s,426.355124,s,46.0,°C
2025-12-12,10:34:46.222503,1765532086.222503,s,426.596011,s,46.0,°C
2025-12-12,10:34:46.481811,1765532086.481811,s,426.855319,s,46.0,°C
2025-12-12,10:34:46.723011,1765532086.723011,s,427.096519,s,46.0,°C
2025-12-12,10:34:46.982025,1765532086.982025,s,427.355533,s,46.0,°C
2025-12-12,10:34:47.223457,1765532087.223457,s,427.596965,s,46.0,°C
2025-12-12,10:34:47.482254,1765532087.482254,s,427.855762,s,46.0,°C
2025-12-12,10:34:47.723836,1765532087.723836,s,428.097344,s,46.0,°C
2025-12-12,10:34:47.982806,1765532087.982806,s,428.356314,s,46.0,°C
2025-12-12,10:34:48.224079,1765532088.224079,s,428.597587,s,46.0,°C
2025-12-12,10:34:48.483383,1765532088.483383,s,428.856891,s,46.0,°C
2025-12-12,10:34:48.724434,1765532088.724434,s,429.097942,s,46.0,°C
2025-12-12,10:34:48.983910,1765532088.98391,s,429.357418,s,46.0,°C
2025-12-12,10:34:49.224724,1765532089.224724,s,429.598232,s,46.0,°C
2025-12-12,10:34:49.484388,1765532089.484388,s,429.857896,s,46.0,°C
2025-12-12,10:34:49.724992,1765532089.724992,s,430.0985,s,46.0,°C
2025-12-12,10:34:49.984875,1765532089.984875,s,430.358383,s,46.0,°C
2025-12-12,10:34:50.225346,1765532090.225346,s,430.598854,s,46.0,°C
2025-12-12,10:34:50.485328,1765532090.485328,s,430.858836,s,46.0,°C
2025-12-12,10:34:50.725805,1765532090.725805,s,431.099313,s,46.0,°C
2025-12-12,10:34:50.985784,1765532090.985784,s,431.359292,s,46.0,°C
2025-12-12,10:34:51.226064,1765532091.226064,s,431.599572,s,46.0,°C
2025-12-12,10:34:51.486291,1765532091.486291,s,431.859799,s,46.0,°C
2025-12-12,10:34:51.726508,1765532091.726508,s,432.100016,s,46.0,°C
2025-12-12,10:34:51.986800,1765532091.9868,s,432.360308,s,46.0,°C
2025-12-12,10:34:52.226953,1765532092.226953,s,432.600461,s,46.0,°C
2025-12-12,10:34:52.487198,1765532092.487198,s,432.860706,s,46.0,°C
2025-12-12,10:34:52.727292,1765532092.727292,s,433.1008,s,46.0,°C
2025-12-12,10:34:52.987696,1765532092.987696,s,433.361204,s,46.0,°C
2025-12-12,10:34:53.227638,1765532093.227638,s,433.601146,s,46.0,°C
2025-12-12,10:34:53.487970,1765532093.48797,s,433.861478,s,46.0,°C
2025-12-12,10:34:53.727881,1765532093.727881,s,434.101389,s,46.0,°C
2025-12-12,10:34:53.988485,1765532093.988485,s,434.361993,s,46.0,°C
2025-12-12,10:34:54.228093,1765532094.228093,s,434.601601,s,46.0,°C
2025-12-12,10:34:54.488976,1765532094.488976,s,434.862484,s,46.0,°C
2025-12-12,10:34:54.728604,1765532094.728604,s,435.102112,s,46.0,°C
2025-12-12,10:34:54.989450,1765532094.98945,s,435.362958,s,46.0,°C
2025-12-12,10:34:55.229158,1765532095.229158,s,435.602666,s,46.0,°C
2025-12-12,10:34:55.489660,1765532095.48966,s,435.863168,s,46.0,°C
2025-12-12,10:34:55.729679,1765532095.729679,s,436.103187,s,46.0,°C
2025-12-12,10:34:55.990170,1765532095.99017,s,436.363678,s,46.0,°C
2025-12-12,10:34:56.230167,1765532096.230167,s,436.603675,s,46.0,°C
2025-12-12,10:34:56.490416,1765532096.490416,s,436.863924,s,46.0,°C
2025-12-12,10:34:56.730674,1765532096.730674,s,437.104182,s,46.0,°C
2025-12-12,10:34:56.990754,1765532096.990754,s,437.364262,s,46.0,°C
2025-12-12,10:34:57.231035,1765532097.231035,s,437.604543,s,46.0,°C
2025-12-12,10:34:57.490982,1765532097.490982,s,437.86449,s,46.0,°C
2025-12-12,10:34:57.731370,1765532097.73137,s,438.104878,s,46.0,°C
2025-12-12,10:34:57.991417,1765532097.991417,s,438.364925,s,46.0,°C
2025-12-12,10:34:58.231890,1765532098.23189,s,438.605398,s,46.0,°C
2025-12-12,10:34:58.491719,1765532098.491719,s,438.865227,s,46.0,°C
2025-12-12,10:34:58.732244,1765532098.732244,s,439.105752,s,46.0,°C
2025-12-12,10:34:58.992155,1765532098.992155,s,439.365663,s,46.0,°C
2025-12-12,10:34:59.232763,1765532099.232763,s,439.606271,s,46.0,°C
2025-12-12,10:34:59.492453,1765532099.492453,s,439.865961,s,46.0,°C
2025-12-12,10:34:59.733268,1765532099.733268,s,440.106776,s,46.0,°C
2025-12-12,10:34:59.992851,1765532099.992851,s,440.366359,s,46.0,°C
2025-12-12,10:35:00.233801,1765532100.233801,s,440.607309,s,46.0,°C
2025-12-12,10:35:00.493157,1765532100.493157,s,440.866665,s,46.0,°C
2025-12-12,10:35:00.734100,1765532100.7341,s,441.107608,s,46.0,°C
2025-12-12,10:35:00.993621,1765532100.993621,s,441.367129,s,46.0,°C
2025-12-12,10:35:01.234607,1765532101.234607,s,441.608115,s,46.0,°C
2025-12-12,10:35:01.493877,1765532101.493877,s,441.867385,s,46.0,°C
2025-12-12,10:35:01.734863,1765532101.734863,s,442.108371,s,46.0,°C
2025-12-12,10:35:01.994165,1765532101.994165,s,442.367673,s,46.0,°C
2025-12-12,10:35:02.235315,1765532102.235315,s,442.608823,s,46.0,°C
2025-12-12,10:35:02.494462,1765532102.494462,s,442.86797,s,46.0,°C
2025-12-12,10:35:02.735806,1765532102.735806,s,443.109314,s,46.0,°C
2025-12-12,10:35:02.994771,1765532102.994771,s,443.368279,s,46.0,°C
2025-12-12,10:35:03.236299,1765532103.236299,s,443.609807,s,46.0,°C
2025-12-12,10:35:03.494988,1765532103.494988,s,443.868496,s,46.0,°C
2025-12-12,10:35:03.736783,1765532103.736783,s,444.110291,s,46.0,°C
2025-12-12,10:35:03.995461,1765532103.995461,s,444.368969,s,46.0,°C
2025-12-12,10:35:04.237025,1765532104.237025,s,444.610533,s,46.0,°C
2025-12-12,10:35:04.495975,1765532104.495975,s,444.869483,s,46.0,°C
2025-12-12,10:35:04.737536,1765532104.737536,s,445.111044,s,46.0,°C
2025-12-12,10:35:04.996515,1765532104.996515,s,445.370023,s,46.0,°C
2025-12-12,10:35:05.237821,1765532105.237821,s,445.611329,s,46.0,°C
2025-12-12,10:35:05.497038,1765532105.497038,s,445.870546,s,46.0,°C
2025-12-12,10:35:05.738240,1765532105.73824,s,446.111748,s,46.0,°C
2025-12-12,10:35:05.997566,1765532105.997566,s,446.371074,s,46.0,°C
2025-12-12,10:35:06.238496,1765532106.238496,s,446.612004,s,46.0,°C
2025-12-12,10:35:06.498111,1765532106.498111,s,446.871619,s,46.0,°C
2025-12-12,10:35:06.738817,1765532106.738817,s,447.112325,s,46.0,°C
2025-12-12,10:35:06.998599,1765532106.998599,s,447.372107,s,46.0,°C
2025-12-12,10:35:07.239081,1765532107.239081,s,447.612589,s,46.0,°C
2025-12-12,10:35:07.499142,1765532107.499142,s,447.87265,s,46.0,°C
2025-12-12,10:35:07.739319,1765532107.739319,s,448.112827,s,46.0,°C
2025-12-12,10:35:07.999660,1765532107.99966,s,448.373168,s,46.0,°C
2025-12-12,10:35:08.239629,1765532108.239629,s,448.613137,s,46.0,°C
2025-12-12,10:35:08.500215,1765532108.500215,s,448.873723,s,46.0,°C
2025-12-12,10:35:08.739877,1765532108.739877,s,449.113385,s,46.0,°C
2025-12-12,10:35:09.000719,1765532109.000719,s,449.374227,s,46.0,°C
2025-12-12,10:35:09.240111,1765532109.240111,s,449.613619,s,46.0,°C
2025-12-12,10:35:09.500947,1765532109.500947,s,449.874455,s,46.0,°C
2025-12-12,10:35:09.740427,1765532109.740427,s,450.113935,s,46.0,°C
2025-12-12,10:35:10.001373,1765532110.001373,s,450.374881,s,46.0,°C
2025-12-12,10:35:10.240745,1765532110.240745,s,450.614253,s,46.0,°C
2025-12-12,10:35:10.501827,1765532110.501827,s,450.875335,s,46.0,°C
2025-12-12,10:35:10.740958,1765532110.740958,s,451.114466,s,46.0,°C
2025-12-12,10:35:11.002273,1765532111.002273,s,451.375781,s,46.0,°C
